method,run_id,time,hop_count
classic_baseline,1,1.0,7
classic_baseline,1,1.0,3
classic_baseline,1,1.0,6
classic_baseline,1,1.0,6
classic_baseline,1,1.0,11
classic_baseline,1,2.0,11
classic_baseline,1,2.0,2
classic_baseline,1,2.0,5
classic_baseline,1,2.0,5
classic_baseline,1,2.0,2
classic_baseline,1,3.0,10
classic_baseline,1,3.0,6
classic_baseline,1,3.0,8
classic_baseline,1,3.0,3
classic_baseline,1,3.0,12
classic_baseline,1,4.0,2
classic_baseline,1,4.0,3
classic_baseline,1,4.0,7
classic_baseline,1,4.0,2
classic_baseline,1,4.0,1
classic_baseline,1,5.0,8
classic_baseline,1,5.0,9
classic_baseline,1,5.0,1
classic_baseline,1,5.0,5
classic_baseline,1,5.0,5
classic_baseline,1,6.0,7
classic_baseline,1,6.0,2
classic_baseline,1,6.0,8
classic_baseline,1,6.0,2
classic_baseline,1,6.0,4
classic_baseline,1,7.0,4
classic_baseline,1,7.0,4
classic_baseline,1,7.0,3
classic_baseline,1,7.0,8
classic_baseline,1,7.0,2
classic_baseline,1,8.0,4
classic_baseline,1,8.0,6
classic_baseline,1,8.0,3
classic_baseline,1,8.0,4
classic_baseline,1,8.0,3
classic_baseline,1,9.0,4
classic_baseline,1,9.0,2
classic_baseline,1,9.0,2
classic_baseline,1,9.0,3
classic_baseline,1,9.0,5
classic_baseline,1,10.0,3
classic_baseline,1,10.0,3
classic_baseline,1,10.0,3
classic_baseline,1,10.0,8
classic_baseline,1,10.0,4
classic_baseline,1,11.0,7
classic_baseline,1,11.0,3
classic_baseline,1,11.0,3
classic_baseline,1,11.0,6
classic_baseline,1,11.0,3
classic_baseline,1,12.0,4
classic_baseline,1,12.0,2
classic_baseline,1,12.0,6
classic_baseline,1,12.0,5
classic_baseline,1,12.0,2
classic_baseline,1,13.0,6
classic_baseline,1,13.0,2
classic_baseline,1,13.0,5
classic_baseline,1,13.0,2
classic_baseline,1,13.0,8
classic_baseline,1,14.0,1
classic_baseline,1,14.0,2
classic_baseline,1,14.0,4
classic_baseline,1,14.0,1
classic_baseline,1,14.0,2
classic_baseline,1,15.0,3
classic_baseline,1,15.0,5
classic_baseline,1,15.0,2
classic_baseline,1,15.0,6
classic_baseline,1,15.0,3
classic_baseline,1,16.0,3
classic_baseline,1,16.0,3
classic_baseline,1,16.0,4
classic_baseline,1,16.0,7
classic_baseline,1,16.0,5
classic_baseline,1,17.0,2
classic_baseline,1,17.0,4
classic_baseline,1,17.0,2
classic_baseline,1,17.0,2
classic_baseline,1,17.0,6
classic_baseline,1,18.0,4
classic_baseline,1,18.0,4
classic_baseline,1,18.0,4
classic_baseline,1,18.0,3
classic_baseline,1,18.0,1
classic_baseline,1,19.0,2
classic_baseline,1,19.0,4
classic_baseline,1,19.0,7
classic_baseline,1,19.0,3
classic_baseline,1,19.0,1
classic_baseline,1,20.0,6
classic_baseline,1,20.0,4
classic_baseline,1,20.0,5
classic_baseline,1,20.0,7
classic_baseline,1,20.0,4
classic_baseline,1,21.0,3
classic_baseline,1,21.0,4
classic_baseline,1,21.0,5
classic_baseline,1,21.0,6
classic_baseline,1,21.0,1
classic_baseline,1,22.0,3
classic_baseline,1,22.0,1
classic_baseline,1,22.0,4
classic_baseline,1,22.0,5
classic_baseline,1,22.0,3
classic_baseline,1,23.0,3
classic_baseline,1,23.0,4
classic_baseline,1,23.0,9
classic_baseline,1,23.0,1
classic_baseline,1,23.0,3
classic_baseline,1,24.0,4
classic_baseline,1,24.0,2
classic_baseline,1,24.0,7
classic_baseline,1,24.0,3
classic_baseline,1,24.0,6
classic_baseline,1,25.0,4
classic_baseline,1,25.0,4
classic_baseline,1,25.0,5
classic_baseline,1,25.0,3
classic_baseline,1,25.0,6
classic_baseline,1,26.0,8
classic_baseline,1,26.0,4
classic_baseline,1,26.0,4
classic_baseline,1,26.0,2
classic_baseline,1,26.0,7
classic_baseline,1,27.0,5
classic_baseline,1,27.0,5
classic_baseline,1,27.0,1
classic_baseline,1,27.0,4
classic_baseline,1,27.0,3
classic_baseline,1,28.0,4
classic_baseline,1,28.0,2
classic_baseline,1,28.0,4
classic_baseline,1,28.0,8
classic_baseline,1,28.0,3
classic_baseline,1,29.0,6
classic_baseline,1,29.0,1
classic_baseline,1,29.0,2
classic_baseline,1,29.0,4
classic_baseline,1,29.0,6
classic_baseline,1,30.0,6
classic_baseline,1,30.0,5
classic_baseline,1,30.0,5
classic_baseline,1,30.0,5
classic_baseline,1,30.0,2
classic_baseline,1,31.0,4
classic_baseline,1,31.0,3
classic_baseline,1,31.0,7
classic_baseline,1,31.0,4
classic_baseline,1,31.0,5
classic_baseline,1,32.0,6
classic_baseline,1,32.0,2
classic_baseline,1,32.0,4
classic_baseline,1,32.0,6
classic_baseline,1,32.0,4
classic_baseline,1,33.0,7
classic_baseline,1,33.0,7
classic_baseline,1,33.0,9
classic_baseline,1,33.0,2
classic_baseline,1,33.0,5
classic_baseline,1,34.0,4
classic_baseline,1,34.0,7
classic_baseline,1,34.0,2
classic_baseline,1,34.0,4
classic_baseline,1,34.0,3
classic_baseline,1,35.0,3
classic_baseline,1,35.0,9
classic_baseline,1,35.0,6
classic_baseline,1,35.0,8
classic_baseline,1,35.0,3
classic_baseline,1,36.0,5
classic_baseline,1,36.0,5
classic_baseline,1,36.0,3
classic_baseline,1,36.0,8
classic_baseline,1,36.0,7
classic_baseline,1,37.0,7
classic_baseline,1,37.0,5
classic_baseline,1,37.0,2
classic_baseline,1,37.0,2
classic_baseline,1,37.0,7
classic_baseline,1,38.0,5
classic_baseline,1,38.0,4
classic_baseline,1,38.0,6
classic_baseline,1,38.0,1
classic_baseline,1,38.0,3
classic_baseline,1,39.0,7
classic_baseline,1,39.0,7
classic_baseline,1,39.0,5
classic_baseline,1,39.0,6
classic_baseline,1,39.0,4
classic_baseline,1,40.0,4
classic_baseline,1,40.0,3
classic_baseline,1,40.0,6
classic_baseline,1,40.0,2
classic_baseline,1,40.0,4
classic_baseline,1,41.0,3
classic_baseline,1,41.0,3
classic_baseline,1,41.0,4
classic_baseline,1,41.0,1
classic_baseline,1,41.0,5
classic_baseline,1,42.0,2
classic_baseline,1,42.0,4
classic_baseline,1,42.0,5
classic_baseline,1,42.0,5
classic_baseline,1,42.0,3
classic_baseline,1,43.0,7
classic_baseline,1,43.0,1
classic_baseline,1,43.0,3
classic_baseline,1,43.0,6
classic_baseline,1,43.0,4
classic_baseline,1,44.0,3
classic_baseline,1,44.0,5
classic_baseline,1,44.0,1
classic_baseline,1,44.0,5
classic_baseline,1,44.0,4
classic_baseline,1,45.0,4
classic_baseline,1,45.0,3
classic_baseline,1,45.0,2
classic_baseline,1,45.0,6
classic_baseline,1,45.0,4
classic_baseline,1,46.0,4
classic_baseline,1,46.0,4
classic_baseline,1,46.0,4
classic_baseline,1,46.0,3
classic_baseline,1,46.0,2
classic_baseline,1,47.0,4
classic_baseline,1,47.0,6
classic_baseline,1,47.0,9
classic_baseline,1,47.0,2
classic_baseline,1,47.0,7
classic_baseline,1,48.0,2
classic_baseline,1,48.0,1
classic_baseline,1,48.0,5
classic_baseline,1,48.0,4
classic_baseline,1,48.0,2
classic_baseline,1,49.0,8
classic_baseline,1,49.0,3
classic_baseline,1,49.0,3
classic_baseline,1,49.0,4
classic_baseline,1,49.0,4
classic_baseline,1,50.0,4
classic_baseline,1,50.0,6
classic_baseline,1,50.0,4
classic_baseline,1,50.0,2
classic_baseline,1,50.0,2
classic_baseline,1,51.0,3
classic_baseline,1,51.0,2
classic_baseline,1,51.0,2
classic_baseline,1,51.0,7
classic_baseline,1,51.0,2
classic_baseline,1,52.0,6
classic_baseline,1,52.0,5
classic_baseline,1,52.0,4
classic_baseline,1,52.0,1
classic_baseline,1,52.0,3
classic_baseline,1,53.0,3
classic_baseline,1,53.0,1
classic_baseline,1,53.0,4
classic_baseline,1,53.0,7
classic_baseline,1,53.0,6
classic_baseline,1,54.0,3
classic_baseline,1,54.0,4
classic_baseline,1,54.0,3
classic_baseline,1,54.0,5
classic_baseline,1,54.0,7
classic_baseline,1,55.0,3
classic_baseline,1,55.0,3
classic_baseline,1,55.0,8
classic_baseline,1,55.0,5
classic_baseline,1,55.0,3
classic_baseline,1,56.0,2
classic_baseline,1,56.0,4
classic_baseline,1,56.0,3
classic_baseline,1,56.0,4
classic_baseline,1,56.0,5
classic_baseline,1,57.0,5
classic_baseline,1,57.0,2
classic_baseline,1,57.0,4
classic_baseline,1,57.0,2
classic_baseline,1,57.0,5
classic_baseline,1,58.0,5
classic_baseline,1,58.0,6
classic_baseline,1,58.0,3
classic_baseline,1,58.0,2
classic_baseline,1,58.0,4
classic_baseline,1,59.0,1
classic_baseline,1,59.0,3
classic_baseline,1,59.0,3
classic_baseline,1,59.0,4
classic_baseline,1,59.0,5
classic_baseline,1,60.0,3
classic_baseline,1,60.0,5
classic_baseline,1,60.0,6
classic_baseline,1,60.0,4
classic_baseline,1,60.0,7
classic_baseline,1,61.0,1
classic_baseline,1,61.0,6
classic_baseline,1,61.0,3
classic_baseline,1,61.0,8
classic_baseline,1,61.0,4
classic_baseline,1,62.0,2
classic_baseline,1,62.0,4
classic_baseline,1,62.0,8
classic_baseline,1,62.0,3
classic_baseline,1,62.0,2
classic_baseline,1,63.0,3
classic_baseline,1,63.0,2
classic_baseline,1,63.0,9
classic_baseline,1,63.0,4
classic_baseline,1,63.0,1
classic_baseline,1,64.0,5
classic_baseline,1,64.0,4
classic_baseline,1,64.0,2
classic_baseline,1,64.0,6
classic_baseline,1,64.0,2
classic_baseline,1,65.0,3
classic_baseline,1,65.0,4
classic_baseline,1,65.0,7
classic_baseline,1,65.0,5
classic_baseline,1,65.0,3
classic_baseline,1,66.0,4
classic_baseline,1,66.0,3
classic_baseline,1,66.0,9
classic_baseline,1,66.0,4
classic_baseline,1,66.0,5
classic_baseline,1,67.0,3
classic_baseline,1,67.0,7
classic_baseline,1,67.0,8
classic_baseline,1,67.0,4
classic_baseline,1,67.0,5
classic_baseline,1,68.0,5
classic_baseline,1,68.0,5
classic_baseline,1,68.0,5
classic_baseline,1,68.0,4
classic_baseline,1,68.0,3
classic_baseline,1,69.0,4
classic_baseline,1,69.0,4
classic_baseline,1,69.0,5
classic_baseline,1,69.0,4
classic_baseline,1,69.0,2
classic_baseline,1,70.0,3
classic_baseline,1,70.0,6
classic_baseline,1,70.0,2
classic_baseline,1,70.0,1
classic_baseline,1,70.0,2
classic_baseline,1,71.0,4
classic_baseline,1,71.0,3
classic_baseline,1,71.0,3
classic_baseline,1,71.0,4
classic_baseline,1,71.0,1
classic_baseline,1,72.0,6
classic_baseline,1,72.0,7
classic_baseline,1,72.0,6
classic_baseline,1,72.0,3
classic_baseline,1,72.0,4
classic_baseline,1,73.0,4
classic_baseline,1,73.0,5
classic_baseline,1,73.0,1
classic_baseline,1,73.0,7
classic_baseline,1,73.0,5
classic_baseline,1,74.0,4
classic_baseline,1,74.0,5
classic_baseline,1,74.0,5
classic_baseline,1,74.0,3
classic_baseline,1,74.0,3
classic_baseline,1,75.0,3
classic_baseline,1,75.0,2
classic_baseline,1,75.0,6
classic_baseline,1,75.0,6
classic_baseline,1,75.0,5
classic_baseline,1,76.0,5
classic_baseline,1,76.0,4
classic_baseline,1,76.0,6
classic_baseline,1,76.0,1
classic_baseline,1,76.0,4
classic_baseline,1,77.0,4
classic_baseline,1,77.0,4
classic_baseline,1,77.0,8
classic_baseline,1,77.0,4
classic_baseline,1,77.0,4
classic_baseline,1,78.0,3
classic_baseline,1,78.0,5
classic_baseline,1,78.0,2
classic_baseline,1,78.0,2
classic_baseline,1,78.0,6
classic_baseline,1,79.0,1
classic_baseline,1,79.0,2
classic_baseline,1,79.0,4
classic_baseline,1,79.0,4
classic_baseline,1,79.0,3
classic_baseline,1,80.0,2
classic_baseline,1,80.0,4
classic_baseline,1,80.0,2
classic_baseline,1,80.0,5
classic_baseline,1,80.0,4
classic_baseline,1,81.0,2
classic_baseline,1,81.0,4
classic_baseline,1,81.0,4
classic_baseline,1,81.0,2
classic_baseline,1,81.0,3
classic_baseline,1,82.0,6
classic_baseline,1,82.0,2
classic_baseline,1,82.0,4
classic_baseline,1,82.0,2
classic_baseline,1,82.0,5
classic_baseline,1,83.0,5
classic_baseline,1,83.0,1
classic_baseline,1,83.0,2
classic_baseline,1,83.0,3
classic_baseline,1,83.0,5
classic_baseline,1,84.0,4
classic_baseline,1,84.0,2
classic_baseline,1,84.0,2
classic_baseline,1,84.0,6
classic_baseline,1,84.0,3
classic_baseline,1,85.0,4
classic_baseline,1,85.0,4
classic_baseline,1,85.0,2
classic_baseline,1,85.0,2
classic_baseline,1,85.0,8
classic_baseline,1,86.0,4
classic_baseline,1,86.0,2
classic_baseline,1,86.0,6
classic_baseline,1,86.0,2
classic_baseline,1,86.0,5
classic_baseline,1,87.0,6
classic_baseline,1,87.0,5
classic_baseline,1,87.0,5
classic_baseline,1,87.0,5
classic_baseline,1,87.0,4
classic_baseline,1,88.0,3
classic_baseline,1,88.0,4
classic_baseline,1,88.0,3
classic_baseline,1,88.0,1
classic_baseline,1,88.0,5
classic_baseline,1,89.0,1
classic_baseline,1,89.0,4
classic_baseline,1,89.0,4
classic_baseline,1,89.0,1
classic_baseline,1,89.0,1
classic_baseline,1,90.0,3
classic_baseline,1,90.0,1
classic_baseline,1,90.0,2
classic_baseline,1,90.0,1
classic_baseline,1,90.0,3
classic_baseline,1,91.0,8
classic_baseline,1,91.0,4
classic_baseline,1,91.0,6
classic_baseline,1,91.0,4
classic_baseline,1,91.0,5
classic_baseline,1,92.0,8
classic_baseline,1,92.0,3
classic_baseline,1,92.0,5
classic_baseline,1,92.0,4
classic_baseline,1,92.0,2
classic_baseline,1,93.0,7
classic_baseline,1,93.0,5
classic_baseline,1,93.0,2
classic_baseline,1,93.0,8
classic_baseline,1,93.0,6
classic_baseline,1,94.0,2
classic_baseline,1,94.0,3
classic_baseline,1,94.0,6
classic_baseline,1,94.0,4
classic_baseline,1,94.0,3
classic_baseline,1,95.0,8
classic_baseline,1,95.0,3
classic_baseline,1,95.0,2
classic_baseline,1,95.0,5
classic_baseline,1,95.0,6
classic_baseline,1,96.0,8
classic_baseline,1,96.0,3
classic_baseline,1,96.0,2
classic_baseline,1,96.0,5
classic_baseline,1,96.0,3
classic_baseline,1,97.0,6
classic_baseline,1,97.0,6
classic_baseline,1,97.0,3
classic_baseline,1,97.0,5
classic_baseline,1,97.0,4
classic_baseline,1,98.0,7
classic_baseline,1,98.0,7
classic_baseline,1,98.0,2
classic_baseline,1,98.0,6
classic_baseline,1,98.0,4
classic_baseline,1,99.0,5
classic_baseline,1,99.0,5
classic_baseline,1,99.0,4
classic_baseline,1,99.0,5
classic_baseline,1,99.0,4
classic_baseline,1,100.0,1
classic_baseline,1,100.0,4
classic_baseline,1,100.0,8
classic_baseline,1,100.0,4
classic_baseline,1,100.0,3
classic_baseline,1,101.0,6
classic_baseline,1,101.0,3
classic_baseline,1,101.0,5
classic_baseline,1,101.0,3
classic_baseline,1,101.0,9
classic_baseline,1,102.0,9
classic_baseline,1,102.0,5
classic_baseline,1,102.0,1
classic_baseline,1,102.0,5
classic_baseline,1,102.0,6
classic_baseline,1,103.0,4
classic_baseline,1,103.0,1
classic_baseline,1,103.0,7
classic_baseline,1,103.0,1
classic_baseline,1,103.0,7
classic_baseline,1,104.0,4
classic_baseline,1,104.0,4
classic_baseline,1,104.0,3
classic_baseline,1,104.0,8
classic_baseline,1,104.0,4
classic_baseline,1,105.0,7
classic_baseline,1,105.0,3
classic_baseline,1,105.0,4
classic_baseline,1,105.0,7
classic_baseline,1,105.0,4
classic_baseline,1,106.0,6
classic_baseline,1,106.0,5
classic_baseline,1,106.0,2
classic_baseline,1,106.0,9
classic_baseline,1,106.0,6
classic_baseline,1,107.0,1
classic_baseline,1,107.0,5
classic_baseline,1,107.0,7
classic_baseline,1,107.0,3
classic_baseline,1,107.0,7
classic_baseline,1,108.0,4
classic_baseline,1,108.0,7
classic_baseline,1,108.0,6
classic_baseline,1,108.0,3
classic_baseline,1,108.0,9
classic_baseline,1,109.0,1
classic_baseline,1,109.0,4
classic_baseline,1,109.0,6
classic_baseline,1,109.0,5
classic_baseline,1,109.0,2
classic_baseline,1,110.0,4
classic_baseline,1,110.0,5
classic_baseline,1,110.0,1
classic_baseline,1,110.0,3
classic_baseline,1,110.0,5
classic_baseline,1,111.0,3
classic_baseline,1,111.0,4
classic_baseline,1,111.0,2
classic_baseline,1,111.0,5
classic_baseline,1,111.0,6
classic_baseline,1,112.0,3
classic_baseline,1,112.0,1
classic_baseline,1,112.0,4
classic_baseline,1,112.0,8
classic_baseline,1,112.0,5
classic_baseline,1,113.0,3
classic_baseline,1,113.0,6
classic_baseline,1,113.0,6
classic_baseline,1,113.0,2
classic_baseline,1,113.0,5
classic_baseline,1,114.0,6
classic_baseline,1,114.0,6
classic_baseline,1,114.0,7
classic_baseline,1,114.0,4
classic_baseline,1,114.0,2
classic_baseline,1,115.0,6
classic_baseline,1,115.0,7
classic_baseline,1,115.0,5
classic_baseline,1,115.0,6
classic_baseline,1,115.0,2
classic_baseline,1,116.0,1
classic_baseline,1,116.0,4
classic_baseline,1,116.0,2
classic_baseline,1,116.0,1
classic_baseline,1,116.0,5
classic_baseline,1,117.0,6
classic_baseline,1,117.0,4
classic_baseline,1,117.0,2
classic_baseline,1,117.0,10
classic_baseline,1,117.0,5
classic_baseline,1,118.0,1
classic_baseline,1,118.0,3
classic_baseline,1,118.0,3
classic_baseline,1,118.0,9
classic_baseline,1,118.0,2
classic_baseline,1,119.0,4
classic_baseline,1,119.0,7
classic_baseline,1,119.0,5
classic_baseline,1,119.0,3
classic_baseline,1,119.0,1
classic_baseline,1,120.0,7
classic_baseline,1,120.0,2
classic_baseline,1,120.0,6
classic_baseline,1,120.0,7
classic_baseline,1,120.0,5
classic_baseline,1,121.0,3
classic_baseline,1,121.0,3
classic_baseline,1,121.0,4
classic_baseline,1,121.0,5
classic_baseline,1,121.0,2
classic_baseline,1,122.0,1
classic_baseline,1,122.0,2
classic_baseline,1,122.0,5
classic_baseline,1,122.0,4
classic_baseline,1,122.0,7
classic_baseline,1,123.0,5
classic_baseline,1,123.0,4
classic_baseline,1,123.0,5
classic_baseline,1,123.0,3
classic_baseline,1,123.0,5
classic_baseline,1,124.0,10
classic_baseline,1,124.0,3
classic_baseline,1,124.0,3
classic_baseline,1,124.0,2
classic_baseline,1,124.0,7
classic_baseline,1,125.0,9
classic_baseline,1,125.0,5
classic_baseline,1,125.0,7
classic_baseline,1,125.0,2
classic_baseline,1,125.0,1
classic_baseline,1,126.0,6
classic_baseline,1,126.0,3
classic_baseline,1,126.0,7
classic_baseline,1,126.0,3
classic_baseline,1,126.0,6
classic_baseline,1,127.0,5
classic_baseline,1,127.0,2
classic_baseline,1,127.0,6
classic_baseline,1,127.0,3
classic_baseline,1,127.0,4
classic_baseline,1,128.0,7
classic_baseline,1,128.0,1
classic_baseline,1,128.0,3
classic_baseline,1,128.0,9
classic_baseline,1,128.0,1
classic_baseline,1,129.0,7
classic_baseline,1,129.0,3
classic_baseline,1,129.0,2
classic_baseline,1,129.0,1
classic_baseline,1,129.0,3
classic_baseline,1,130.0,7
classic_baseline,1,130.0,3
classic_baseline,1,130.0,2
classic_baseline,1,130.0,3
classic_baseline,1,130.0,6
classic_baseline,1,131.0,5
classic_baseline,1,131.0,3
classic_baseline,1,131.0,5
classic_baseline,1,131.0,6
classic_baseline,1,131.0,4
classic_baseline,1,132.0,5
classic_baseline,1,132.0,4
classic_baseline,1,132.0,1
classic_baseline,1,132.0,2
classic_baseline,1,132.0,3
classic_baseline,1,133.0,7
classic_baseline,1,133.0,4
classic_baseline,1,133.0,3
classic_baseline,1,133.0,6
classic_baseline,1,133.0,5
classic_baseline,1,134.0,4
classic_baseline,1,134.0,1
classic_baseline,1,134.0,5
classic_baseline,1,134.0,5
classic_baseline,1,134.0,1
classic_baseline,1,135.0,3
classic_baseline,1,135.0,3
classic_baseline,1,135.0,6
classic_baseline,1,135.0,1
classic_baseline,1,135.0,5
classic_baseline,1,136.0,1
classic_baseline,1,136.0,5
classic_baseline,1,136.0,4
classic_baseline,1,136.0,2
classic_baseline,1,136.0,5
classic_baseline,1,137.0,5
classic_baseline,1,137.0,5
classic_baseline,1,137.0,1
classic_baseline,1,137.0,4
classic_baseline,1,137.0,4
classic_baseline,1,138.0,4
classic_baseline,1,138.0,6
classic_baseline,1,138.0,6
classic_baseline,1,138.0,5
classic_baseline,1,138.0,9
classic_baseline,1,139.0,10
classic_baseline,1,139.0,11
classic_baseline,1,139.0,5
classic_baseline,1,139.0,9
classic_baseline,1,139.0,9
classic_baseline,1,140.0,10
classic_baseline,1,140.0,2
classic_baseline,1,140.0,5
classic_baseline,1,140.0,3
classic_baseline,1,140.0,6
classic_baseline,1,141.0,5
classic_baseline,1,141.0,5
classic_baseline,1,141.0,4
classic_baseline,1,141.0,2
classic_baseline,1,141.0,3
classic_baseline,1,142.0,5
classic_baseline,1,142.0,3
classic_baseline,1,142.0,5
classic_baseline,1,142.0,3
classic_baseline,1,142.0,7
classic_baseline,1,143.0,5
classic_baseline,1,143.0,8
classic_baseline,1,143.0,1
classic_baseline,1,143.0,4
classic_baseline,1,143.0,6
classic_baseline,1,144.0,4
classic_baseline,1,144.0,3
classic_baseline,1,144.0,7
classic_baseline,1,144.0,1
classic_baseline,1,144.0,4
classic_baseline,1,145.0,4
classic_baseline,1,145.0,4
classic_baseline,1,145.0,4
classic_baseline,1,145.0,3
classic_baseline,1,145.0,2
classic_baseline,1,146.0,7
classic_baseline,1,146.0,4
classic_baseline,1,146.0,7
classic_baseline,1,146.0,9
classic_baseline,1,146.0,6
classic_baseline,1,147.0,7
classic_baseline,1,147.0,4
classic_baseline,1,147.0,3
classic_baseline,1,147.0,1
classic_baseline,1,147.0,4
classic_baseline,1,148.0,1
classic_baseline,1,148.0,5
classic_baseline,1,148.0,8
classic_baseline,1,148.0,5
classic_baseline,1,148.0,2
classic_baseline,1,149.0,6
classic_baseline,1,149.0,8
classic_baseline,1,149.0,4
classic_baseline,1,149.0,4
classic_baseline,1,149.0,5
classic_baseline,1,150.0,6
classic_baseline,1,150.0,4
classic_baseline,1,150.0,2
classic_baseline,1,150.0,3
classic_baseline,1,150.0,3
classic_baseline,1,151.0,5
classic_baseline,1,151.0,3
classic_baseline,1,151.0,9
classic_baseline,1,151.0,1
classic_baseline,1,151.0,6
classic_baseline,1,152.0,7
classic_baseline,1,152.0,4
classic_baseline,1,152.0,4
classic_baseline,1,152.0,3
classic_baseline,1,152.0,8
classic_baseline,1,153.0,2
classic_baseline,1,153.0,6
classic_baseline,1,153.0,5
classic_baseline,1,153.0,3
classic_baseline,1,153.0,4
classic_baseline,1,154.0,7
classic_baseline,1,154.0,1
classic_baseline,1,154.0,4
classic_baseline,1,154.0,3
classic_baseline,1,154.0,5
classic_baseline,1,155.0,7
classic_baseline,1,155.0,7
classic_baseline,1,155.0,5
classic_baseline,1,155.0,4
classic_baseline,1,155.0,5
classic_baseline,1,156.0,4
classic_baseline,1,156.0,4
classic_baseline,1,156.0,1
classic_baseline,1,156.0,5
classic_baseline,1,156.0,2
classic_baseline,1,157.0,2
classic_baseline,1,157.0,6
classic_baseline,1,157.0,1
classic_baseline,1,157.0,2
classic_baseline,1,157.0,4
classic_baseline,1,158.0,2
classic_baseline,1,158.0,5
classic_baseline,1,158.0,4
classic_baseline,1,158.0,7
classic_baseline,1,158.0,8
classic_baseline,1,159.0,5
classic_baseline,1,159.0,3
classic_baseline,1,159.0,2
classic_baseline,1,159.0,7
classic_baseline,1,159.0,4
classic_baseline,1,160.0,2
classic_baseline,1,160.0,3
classic_baseline,1,160.0,4
classic_baseline,1,160.0,5
classic_baseline,1,160.0,3
classic_baseline,1,161.0,2
classic_baseline,1,161.0,1
classic_baseline,1,161.0,2
classic_baseline,1,161.0,5
classic_baseline,1,161.0,6
classic_baseline,1,162.0,9
classic_baseline,1,162.0,4
classic_baseline,1,162.0,5
classic_baseline,1,162.0,5
classic_baseline,1,162.0,6
classic_baseline,1,163.0,3
classic_baseline,1,163.0,2
classic_baseline,1,163.0,5
classic_baseline,1,163.0,3
classic_baseline,1,163.0,6
classic_baseline,1,164.0,4
classic_baseline,1,164.0,1
classic_baseline,1,164.0,7
classic_baseline,1,164.0,1
classic_baseline,1,164.0,6
classic_baseline,1,165.0,6
classic_baseline,1,165.0,5
classic_baseline,1,165.0,5
classic_baseline,1,165.0,4
classic_baseline,1,165.0,4
classic_baseline,1,166.0,6
classic_baseline,1,166.0,2
classic_baseline,1,166.0,2
classic_baseline,1,166.0,3
classic_baseline,1,166.0,5
classic_baseline,1,167.0,7
classic_baseline,1,167.0,4
classic_baseline,1,167.0,3
classic_baseline,1,167.0,2
classic_baseline,1,167.0,4
classic_baseline,1,168.0,1
classic_baseline,1,168.0,6
classic_baseline,1,168.0,3
classic_baseline,1,168.0,6
classic_baseline,1,168.0,6
classic_baseline,1,169.0,3
classic_baseline,1,169.0,2
classic_baseline,1,169.0,3
classic_baseline,1,169.0,5
classic_baseline,1,169.0,5
classic_baseline,1,170.0,4
classic_baseline,1,170.0,5
classic_baseline,1,170.0,1
classic_baseline,1,170.0,2
classic_baseline,1,170.0,4
classic_baseline,1,171.0,2
classic_baseline,1,171.0,8
classic_baseline,1,171.0,2
classic_baseline,1,171.0,4
classic_baseline,1,171.0,1
classic_baseline,1,172.0,5
classic_baseline,1,172.0,5
classic_baseline,1,172.0,2
classic_baseline,1,172.0,4
classic_baseline,1,172.0,6
classic_baseline,1,173.0,2
classic_baseline,1,173.0,1
classic_baseline,1,173.0,4
classic_baseline,1,173.0,6
classic_baseline,1,173.0,2
classic_baseline,1,174.0,3
classic_baseline,1,174.0,5
classic_baseline,1,174.0,3
classic_baseline,1,174.0,5
classic_baseline,1,174.0,6
classic_baseline,1,175.0,2
classic_baseline,1,175.0,5
classic_baseline,1,175.0,5
classic_baseline,1,175.0,4
classic_baseline,1,175.0,2
classic_baseline,1,176.0,2
classic_baseline,1,176.0,4
classic_baseline,1,176.0,4
classic_baseline,1,176.0,1
classic_baseline,1,176.0,3
classic_baseline,1,177.0,4
classic_baseline,1,177.0,6
classic_baseline,1,177.0,4
classic_baseline,1,177.0,5
classic_baseline,1,177.0,7
classic_baseline,1,178.0,1
classic_baseline,1,178.0,3
classic_baseline,1,178.0,2
classic_baseline,1,178.0,9
classic_baseline,1,178.0,5
classic_baseline,1,179.0,5
classic_baseline,1,179.0,7
classic_baseline,1,179.0,1
classic_baseline,1,179.0,3
classic_baseline,1,179.0,6
classic_baseline,1,180.0,6
classic_baseline,1,180.0,3
classic_baseline,1,180.0,3
classic_baseline,1,180.0,3
classic_baseline,1,180.0,5
classic_baseline,1,181.0,1
classic_baseline,1,181.0,4
classic_baseline,1,181.0,5
classic_baseline,1,181.0,2
classic_baseline,1,181.0,2
classic_baseline,1,182.0,1
classic_baseline,1,182.0,7
classic_baseline,1,182.0,3
classic_baseline,1,182.0,1
classic_baseline,1,182.0,7
classic_baseline,1,183.0,2
classic_baseline,1,183.0,6
classic_baseline,1,183.0,2
classic_baseline,1,183.0,3
classic_baseline,1,183.0,5
classic_baseline,1,184.0,2
classic_baseline,1,184.0,5
classic_baseline,1,184.0,4
classic_baseline,1,184.0,3
classic_baseline,1,184.0,1
classic_baseline,1,185.0,7
classic_baseline,1,185.0,4
classic_baseline,1,185.0,3
classic_baseline,1,185.0,4
classic_baseline,1,185.0,4
classic_baseline,1,186.0,6
classic_baseline,1,186.0,4
classic_baseline,1,186.0,6
classic_baseline,1,186.0,2
classic_baseline,1,186.0,2
classic_baseline,1,187.0,9
classic_baseline,1,187.0,5
classic_baseline,1,187.0,3
classic_baseline,1,187.0,2
classic_baseline,1,187.0,2
classic_baseline,1,188.0,6
classic_baseline,1,188.0,8
classic_baseline,1,188.0,5
classic_baseline,1,188.0,3
classic_baseline,1,188.0,3
classic_baseline,1,189.0,2
classic_baseline,1,189.0,4
classic_baseline,1,189.0,7
classic_baseline,1,189.0,4
classic_baseline,1,189.0,5
classic_baseline,1,190.0,3
classic_baseline,1,190.0,3
classic_baseline,1,190.0,2
classic_baseline,1,190.0,9
classic_baseline,1,190.0,7
classic_baseline,1,191.0,6
classic_baseline,1,191.0,1
classic_baseline,1,191.0,8
classic_baseline,1,191.0,6
classic_baseline,1,191.0,4
classic_baseline,1,192.0,6
classic_baseline,1,192.0,3
classic_baseline,1,192.0,4
classic_baseline,1,192.0,10
classic_baseline,1,192.0,1
classic_baseline,1,193.0,6
classic_baseline,1,193.0,4
classic_baseline,1,193.0,6
classic_baseline,1,193.0,6
classic_baseline,1,193.0,3
classic_baseline,1,194.0,7
classic_baseline,1,194.0,3
classic_baseline,1,194.0,11
classic_baseline,1,194.0,6
classic_baseline,1,194.0,5
classic_baseline,1,195.0,7
classic_baseline,1,195.0,6
classic_baseline,1,195.0,3
classic_baseline,1,195.0,2
classic_baseline,1,195.0,8
classic_baseline,1,196.0,8
classic_baseline,1,196.0,5
classic_baseline,1,196.0,7
classic_baseline,1,196.0,8
classic_baseline,1,196.0,7
classic_baseline,1,197.0,3
classic_baseline,1,197.0,1
classic_baseline,1,197.0,5
classic_baseline,1,197.0,5
classic_baseline,1,197.0,6
classic_baseline,1,198.0,1
classic_baseline,1,198.0,5
classic_baseline,1,198.0,1
classic_baseline,1,198.0,4
classic_baseline,1,198.0,5
classic_baseline,1,199.0,3
classic_baseline,1,199.0,4
classic_baseline,1,199.0,4
classic_baseline,1,199.0,2
classic_baseline,1,199.0,6
classic_baseline,1,200.0,5
classic_baseline,1,200.0,4
classic_baseline,1,200.0,4
classic_baseline,1,200.0,6
classic_baseline,1,200.0,3
classic_baseline,1,201.0,4
classic_baseline,1,201.0,1
classic_baseline,1,201.0,7
classic_baseline,1,201.0,3
classic_baseline,1,201.0,4
classic_baseline,1,202.0,2
classic_baseline,1,202.0,3
classic_baseline,1,202.0,7
classic_baseline,1,202.0,5
classic_baseline,1,202.0,6
classic_baseline,1,203.0,2
classic_baseline,1,203.0,3
classic_baseline,1,203.0,2
classic_baseline,1,203.0,2
classic_baseline,1,203.0,6
classic_baseline,1,204.0,5
classic_baseline,1,204.0,2
classic_baseline,1,204.0,4
classic_baseline,1,204.0,7
classic_baseline,1,204.0,3
classic_baseline,1,205.0,8
classic_baseline,1,205.0,3
classic_baseline,1,205.0,7
classic_baseline,1,205.0,5
classic_baseline,1,205.0,4
classic_baseline,1,206.0,8
classic_baseline,1,206.0,5
classic_baseline,1,206.0,2
classic_baseline,1,206.0,8
classic_baseline,1,206.0,5
classic_baseline,1,207.0,1
classic_baseline,1,207.0,6
classic_baseline,1,207.0,1
classic_baseline,1,207.0,8
classic_baseline,1,207.0,4
classic_baseline,1,208.0,4
classic_baseline,1,208.0,2
classic_baseline,1,208.0,7
classic_baseline,1,208.0,4
classic_baseline,1,208.0,6
classic_baseline,1,209.0,8
classic_baseline,1,209.0,6
classic_baseline,1,209.0,6
classic_baseline,1,209.0,5
classic_baseline,1,209.0,5
classic_baseline,1,210.0,6
classic_baseline,1,210.0,2
classic_baseline,1,210.0,3
classic_baseline,1,210.0,1
classic_baseline,1,210.0,8
classic_baseline,1,211.0,3
classic_baseline,1,211.0,4
classic_baseline,1,211.0,1
classic_baseline,1,211.0,3
classic_baseline,1,211.0,5
classic_baseline,1,212.0,1
classic_baseline,1,212.0,3
classic_baseline,1,212.0,5
classic_baseline,1,212.0,4
classic_baseline,1,212.0,6
classic_baseline,1,213.0,4
classic_baseline,1,213.0,3
classic_baseline,1,213.0,3
classic_baseline,1,213.0,6
classic_baseline,1,213.0,5
classic_baseline,1,214.0,4
classic_baseline,1,214.0,3
classic_baseline,1,214.0,3
classic_baseline,1,214.0,7
classic_baseline,1,214.0,2
classic_baseline,1,215.0,7
classic_baseline,1,215.0,5
classic_baseline,1,215.0,2
classic_baseline,1,215.0,4
classic_baseline,1,215.0,3
classic_baseline,1,216.0,5
classic_baseline,1,216.0,5
classic_baseline,1,216.0,5
classic_baseline,1,216.0,5
classic_baseline,1,216.0,5
classic_baseline,1,217.0,1
classic_baseline,1,217.0,3
classic_baseline,1,217.0,2
classic_baseline,1,217.0,7
classic_baseline,1,217.0,5
classic_baseline,1,218.0,2
classic_baseline,1,218.0,1
classic_baseline,1,218.0,3
classic_baseline,1,218.0,4
classic_baseline,1,218.0,2
classic_baseline,1,219.0,7
classic_baseline,1,219.0,6
classic_baseline,1,219.0,5
classic_baseline,1,219.0,1
classic_baseline,1,219.0,1
classic_baseline,1,220.0,4
classic_baseline,1,220.0,4
classic_baseline,1,220.0,1
classic_baseline,1,220.0,4
classic_baseline,1,220.0,4
classic_baseline,1,221.0,1
classic_baseline,1,221.0,3
classic_baseline,1,221.0,6
classic_baseline,1,221.0,5
classic_baseline,1,221.0,6
classic_baseline,1,222.0,4
classic_baseline,1,222.0,2
classic_baseline,1,222.0,3
classic_baseline,1,222.0,1
classic_baseline,1,222.0,3
classic_baseline,1,223.0,4
classic_baseline,1,223.0,10
classic_baseline,1,223.0,6
classic_baseline,1,223.0,8
classic_baseline,1,223.0,8
classic_baseline,1,224.0,3
classic_baseline,1,224.0,4
classic_baseline,1,224.0,7
classic_baseline,1,224.0,6
classic_baseline,1,224.0,3
classic_baseline,1,225.0,5
classic_baseline,1,225.0,5
classic_baseline,1,225.0,2
classic_baseline,1,225.0,5
classic_baseline,1,225.0,8
classic_baseline,1,226.0,2
classic_baseline,1,226.0,4
classic_baseline,1,226.0,2
classic_baseline,1,226.0,3
classic_baseline,1,226.0,6
classic_baseline,1,227.0,7
classic_baseline,1,227.0,7
classic_baseline,1,227.0,4
classic_baseline,1,227.0,1
classic_baseline,1,227.0,5
classic_baseline,1,228.0,8
classic_baseline,1,228.0,6
classic_baseline,1,228.0,4
classic_baseline,1,228.0,8
classic_baseline,1,228.0,5
classic_baseline,1,229.0,4
classic_baseline,1,229.0,2
classic_baseline,1,229.0,2
classic_baseline,1,229.0,7
classic_baseline,1,229.0,2
classic_baseline,1,230.0,7
classic_baseline,1,230.0,2
classic_baseline,1,230.0,3
classic_baseline,1,230.0,2
classic_baseline,1,230.0,4
classic_baseline,1,231.0,4
classic_baseline,1,231.0,6
classic_baseline,1,231.0,6
classic_baseline,1,231.0,6
classic_baseline,1,231.0,2
classic_baseline,1,232.0,1
classic_baseline,1,232.0,6
classic_baseline,1,232.0,5
classic_baseline,1,232.0,3
classic_baseline,1,232.0,4
classic_baseline,1,233.0,6
classic_baseline,1,233.0,4
classic_baseline,1,233.0,7
classic_baseline,1,233.0,4
classic_baseline,1,233.0,2
classic_baseline,1,234.0,6
classic_baseline,1,234.0,1
classic_baseline,1,234.0,6
classic_baseline,1,234.0,4
classic_baseline,1,234.0,2
classic_baseline,1,235.0,7
classic_baseline,1,235.0,3
classic_baseline,1,235.0,7
classic_baseline,1,235.0,1
classic_baseline,1,235.0,6
classic_baseline,1,236.0,2
classic_baseline,1,236.0,3
classic_baseline,1,236.0,5
classic_baseline,1,236.0,6
classic_baseline,1,236.0,5
classic_baseline,1,237.0,3
classic_baseline,1,237.0,7
classic_baseline,1,237.0,6
classic_baseline,1,237.0,6
classic_baseline,1,237.0,7
classic_baseline,1,238.0,2
classic_baseline,1,238.0,4
classic_baseline,1,238.0,8
classic_baseline,1,238.0,8
classic_baseline,1,238.0,6
classic_baseline,1,239.0,8
classic_baseline,1,239.0,4
classic_baseline,1,239.0,6
classic_baseline,1,239.0,3
classic_baseline,1,239.0,2
classic_baseline,1,240.0,8
classic_baseline,1,240.0,3
classic_baseline,1,240.0,2
classic_baseline,1,240.0,2
classic_baseline,1,240.0,4
classic_baseline,1,241.0,1
classic_baseline,1,241.0,1
classic_baseline,1,241.0,3
classic_baseline,1,241.0,5
classic_baseline,1,241.0,7
classic_baseline,1,242.0,3
classic_baseline,1,242.0,1
classic_baseline,1,242.0,7
classic_baseline,1,242.0,6
classic_baseline,1,242.0,3
classic_baseline,1,243.0,3
classic_baseline,1,243.0,6
classic_baseline,1,243.0,2
classic_baseline,1,243.0,3
classic_baseline,1,243.0,3
classic_baseline,1,244.0,4
classic_baseline,1,244.0,3
classic_baseline,1,244.0,3
classic_baseline,1,244.0,9
classic_baseline,1,244.0,5
classic_baseline,1,245.0,4
classic_baseline,1,245.0,3
classic_baseline,1,245.0,1
classic_baseline,1,245.0,2
classic_baseline,1,245.0,5
classic_baseline,1,246.0,3
classic_baseline,1,246.0,3
classic_baseline,1,246.0,1
classic_baseline,1,246.0,7
classic_baseline,1,246.0,3
classic_baseline,1,247.0,4
classic_baseline,1,247.0,7
classic_baseline,1,247.0,4
classic_baseline,1,247.0,3
classic_baseline,1,247.0,4
classic_baseline,1,248.0,7
classic_baseline,1,248.0,5
classic_baseline,1,248.0,8
classic_baseline,1,248.0,3
classic_baseline,1,248.0,5
classic_baseline,1,249.0,6
classic_baseline,1,249.0,5
classic_baseline,1,249.0,7
classic_baseline,1,249.0,3
classic_baseline,1,249.0,7
classic_baseline,1,250.0,5
classic_baseline,1,250.0,3
classic_baseline,1,250.0,6
classic_baseline,1,250.0,6
classic_baseline,1,250.0,4
classic_baseline,1,251.0,2
classic_baseline,1,251.0,5
classic_baseline,1,251.0,5
classic_baseline,1,251.0,4
classic_baseline,1,251.0,3
classic_baseline,1,252.0,6
classic_baseline,1,252.0,5
classic_baseline,1,252.0,1
classic_baseline,1,252.0,6
classic_baseline,1,252.0,5
classic_baseline,1,253.0,4
classic_baseline,1,253.0,2
classic_baseline,1,253.0,2
classic_baseline,1,253.0,5
classic_baseline,1,253.0,4
classic_baseline,1,254.0,4
classic_baseline,1,254.0,3
classic_baseline,1,254.0,4
classic_baseline,1,254.0,5
classic_baseline,1,254.0,5
classic_baseline,1,255.0,6
classic_baseline,1,255.0,3
classic_baseline,1,255.0,3
classic_baseline,1,255.0,2
classic_baseline,1,255.0,7
classic_baseline,1,256.0,7
classic_baseline,1,256.0,3
classic_baseline,1,256.0,2
classic_baseline,1,256.0,2
classic_baseline,1,256.0,8
classic_baseline,1,257.0,1
classic_baseline,1,257.0,2
classic_baseline,1,257.0,4
classic_baseline,1,257.0,4
classic_baseline,1,257.0,1
classic_baseline,1,258.0,6
classic_baseline,1,258.0,7
classic_baseline,1,258.0,2
classic_baseline,1,258.0,1
classic_baseline,1,258.0,4
classic_baseline,1,259.0,3
classic_baseline,1,259.0,2
classic_baseline,1,259.0,3
classic_baseline,1,259.0,11
classic_baseline,1,259.0,2
classic_baseline,1,260.0,1
classic_baseline,1,260.0,1
classic_baseline,1,260.0,5
classic_baseline,1,260.0,3
classic_baseline,1,260.0,7
classic_baseline,1,261.0,3
classic_baseline,1,261.0,6
classic_baseline,1,261.0,5
classic_baseline,1,261.0,1
classic_baseline,1,261.0,3
classic_baseline,1,262.0,4
classic_baseline,1,262.0,8
classic_baseline,1,262.0,3
classic_baseline,1,262.0,2
classic_baseline,1,262.0,8
classic_baseline,1,263.0,2
classic_baseline,1,263.0,3
classic_baseline,1,263.0,9
classic_baseline,1,263.0,3
classic_baseline,1,263.0,1
classic_baseline,1,264.0,4
classic_baseline,1,264.0,1
classic_baseline,1,264.0,4
classic_baseline,1,264.0,2
classic_baseline,1,264.0,8
classic_baseline,1,265.0,9
classic_baseline,1,265.0,3
classic_baseline,1,265.0,2
classic_baseline,1,265.0,3
classic_baseline,1,265.0,3
classic_baseline,1,266.0,4
classic_baseline,1,266.0,3
classic_baseline,1,266.0,3
classic_baseline,1,266.0,6
classic_baseline,1,266.0,5
classic_baseline,1,267.0,1
classic_baseline,1,267.0,4
classic_baseline,1,267.0,2
classic_baseline,1,267.0,4
classic_baseline,1,267.0,5
classic_baseline,1,268.0,5
classic_baseline,1,268.0,3
classic_baseline,1,268.0,6
classic_baseline,1,268.0,2
classic_baseline,1,268.0,7
classic_baseline,1,269.0,6
classic_baseline,1,269.0,3
classic_baseline,1,269.0,4
classic_baseline,1,269.0,4
classic_baseline,1,269.0,2
classic_baseline,1,270.0,2
classic_baseline,1,270.0,5
classic_baseline,1,270.0,5
classic_baseline,1,270.0,4
classic_baseline,1,270.0,6
classic_baseline,1,271.0,3
classic_baseline,1,271.0,5
classic_baseline,1,271.0,3
classic_baseline,1,271.0,4
classic_baseline,1,271.0,7
classic_baseline,1,272.0,3
classic_baseline,1,272.0,2
classic_baseline,1,272.0,1
classic_baseline,1,272.0,2
classic_baseline,1,272.0,6
classic_baseline,1,273.0,4
classic_baseline,1,273.0,1
classic_baseline,1,273.0,1
classic_baseline,1,273.0,2
classic_baseline,1,273.0,2
classic_baseline,1,274.0,10
classic_baseline,1,274.0,5
classic_baseline,1,274.0,5
classic_baseline,1,274.0,5
classic_baseline,1,274.0,1
classic_baseline,1,275.0,2
classic_baseline,1,275.0,1
classic_baseline,1,275.0,4
classic_baseline,1,275.0,3
classic_baseline,1,275.0,6
classic_baseline,1,276.0,4
classic_baseline,1,276.0,6
classic_baseline,1,276.0,1
classic_baseline,1,276.0,3
classic_baseline,1,276.0,3
classic_baseline,1,277.0,5
classic_baseline,1,277.0,5
classic_baseline,1,277.0,5
classic_baseline,1,277.0,3
classic_baseline,1,277.0,3
classic_baseline,1,278.0,7
classic_baseline,1,278.0,6
classic_baseline,1,278.0,1
classic_baseline,1,278.0,8
classic_baseline,1,278.0,5
classic_baseline,1,279.0,7
classic_baseline,1,279.0,4
classic_baseline,1,279.0,5
classic_baseline,1,279.0,9
classic_baseline,1,279.0,5
classic_baseline,1,280.0,2
classic_baseline,1,280.0,7
classic_baseline,1,280.0,6
classic_baseline,1,280.0,3
classic_baseline,1,280.0,6
classic_baseline,1,281.0,7
classic_baseline,1,281.0,1
classic_baseline,1,281.0,4
classic_baseline,1,281.0,3
classic_baseline,1,281.0,4
classic_baseline,1,282.0,6
classic_baseline,1,282.0,5
classic_baseline,1,282.0,3
classic_baseline,1,282.0,6
classic_baseline,1,282.0,5
classic_baseline,1,283.0,2
classic_baseline,1,283.0,5
classic_baseline,1,283.0,6
classic_baseline,1,283.0,7
classic_baseline,1,283.0,5
classic_baseline,1,284.0,4
classic_baseline,1,284.0,5
classic_baseline,1,284.0,4
classic_baseline,1,284.0,3
classic_baseline,1,284.0,8
classic_baseline,1,285.0,1
classic_baseline,1,285.0,6
classic_baseline,1,285.0,9
classic_baseline,1,285.0,1
classic_baseline,1,285.0,3
classic_baseline,1,286.0,4
classic_baseline,1,286.0,1
classic_baseline,1,286.0,4
classic_baseline,1,286.0,3
classic_baseline,1,286.0,5
classic_baseline,1,287.0,7
classic_baseline,1,287.0,6
classic_baseline,1,287.0,7
classic_baseline,1,287.0,5
classic_baseline,1,287.0,3
classic_baseline,1,288.0,3
classic_baseline,1,288.0,2
classic_baseline,1,288.0,5
classic_baseline,1,288.0,6
classic_baseline,1,288.0,7
classic_baseline,1,289.0,9
classic_baseline,1,289.0,3
classic_baseline,1,289.0,4
classic_baseline,1,289.0,3
classic_baseline,1,289.0,7
classic_baseline,1,290.0,1
classic_baseline,1,290.0,4
classic_baseline,1,290.0,1
classic_baseline,1,290.0,6
classic_baseline,1,290.0,3
classic_baseline,1,291.0,3
classic_baseline,1,291.0,6
classic_baseline,1,291.0,4
classic_baseline,1,291.0,5
classic_baseline,1,291.0,5
classic_baseline,1,292.0,7
classic_baseline,1,292.0,3
classic_baseline,1,292.0,2
classic_baseline,1,292.0,1
classic_baseline,1,292.0,5
classic_baseline,1,293.0,5
classic_baseline,1,293.0,3
classic_baseline,1,293.0,2
classic_baseline,1,293.0,4
classic_baseline,1,293.0,2
classic_baseline,1,294.0,2
classic_baseline,1,294.0,4
classic_baseline,1,294.0,3
classic_baseline,1,294.0,6
classic_baseline,1,294.0,7
classic_baseline,1,295.0,6
classic_baseline,1,295.0,8
classic_baseline,1,295.0,7
classic_baseline,1,295.0,5
classic_baseline,1,295.0,6
classic_baseline,1,296.0,3
classic_baseline,1,296.0,3
classic_baseline,1,296.0,2
classic_baseline,1,296.0,5
classic_baseline,1,296.0,4
classic_baseline,1,297.0,5
classic_baseline,1,297.0,1
classic_baseline,1,297.0,4
classic_baseline,1,297.0,6
classic_baseline,1,297.0,6
classic_baseline,1,298.0,1
classic_baseline,1,298.0,4
classic_baseline,1,298.0,2
classic_baseline,1,298.0,1
classic_baseline,1,298.0,2
classic_baseline,1,299.0,5
classic_baseline,1,299.0,2
classic_baseline,1,299.0,1
classic_baseline,1,299.0,2
classic_baseline,1,299.0,3
classic_baseline,1,300.0,6
classic_baseline,1,300.0,6
classic_baseline,1,300.0,2
classic_baseline,1,300.0,3
classic_baseline,1,300.0,2
classic_baseline,4,1.0,3
classic_baseline,4,1.0,1
classic_baseline,4,1.0,2
classic_baseline,4,1.0,4
classic_baseline,4,1.0,3
classic_baseline,4,2.0,5
classic_baseline,4,2.0,6
classic_baseline,4,2.0,8
classic_baseline,4,2.0,7
classic_baseline,4,2.0,4
classic_baseline,4,3.0,8
classic_baseline,4,3.0,2
classic_baseline,4,3.0,1
classic_baseline,4,3.0,5
classic_baseline,4,3.0,7
classic_baseline,4,4.0,2
classic_baseline,4,4.0,3
classic_baseline,4,4.0,6
classic_baseline,4,4.0,6
classic_baseline,4,4.0,6
classic_baseline,4,5.0,2
classic_baseline,4,5.0,9
classic_baseline,4,5.0,5
classic_baseline,4,5.0,4
classic_baseline,4,5.0,4
classic_baseline,4,6.0,3
classic_baseline,4,6.0,2
classic_baseline,4,6.0,1
classic_baseline,4,6.0,8
classic_baseline,4,6.0,4
classic_baseline,4,7.0,7
classic_baseline,4,7.0,2
classic_baseline,4,7.0,4
classic_baseline,4,7.0,4
classic_baseline,4,7.0,4
classic_baseline,4,8.0,5
classic_baseline,4,8.0,1
classic_baseline,4,8.0,5
classic_baseline,4,8.0,8
classic_baseline,4,8.0,2
classic_baseline,4,9.0,6
classic_baseline,4,9.0,8
classic_baseline,4,9.0,5
classic_baseline,4,9.0,4
classic_baseline,4,9.0,3
classic_baseline,4,10.0,4
classic_baseline,4,10.0,5
classic_baseline,4,10.0,5
classic_baseline,4,10.0,2
classic_baseline,4,10.0,2
classic_baseline,4,11.0,2
classic_baseline,4,11.0,1
classic_baseline,4,11.0,4
classic_baseline,4,11.0,4
classic_baseline,4,11.0,6
classic_baseline,4,12.0,4
classic_baseline,4,12.0,6
classic_baseline,4,12.0,2
classic_baseline,4,12.0,7
classic_baseline,4,12.0,7
classic_baseline,4,13.0,5
classic_baseline,4,13.0,4
classic_baseline,4,13.0,6
classic_baseline,4,13.0,6
classic_baseline,4,13.0,4
classic_baseline,4,14.0,2
classic_baseline,4,14.0,2
classic_baseline,4,14.0,6
classic_baseline,4,14.0,2
classic_baseline,4,14.0,5
classic_baseline,4,15.0,4
classic_baseline,4,15.0,7
classic_baseline,4,15.0,8
classic_baseline,4,15.0,6
classic_baseline,4,15.0,5
classic_baseline,4,16.0,5
classic_baseline,4,16.0,2
classic_baseline,4,16.0,6
classic_baseline,4,16.0,2
classic_baseline,4,16.0,6
classic_baseline,4,17.0,7
classic_baseline,4,17.0,5
classic_baseline,4,17.0,5
classic_baseline,4,17.0,4
classic_baseline,4,17.0,4
classic_baseline,4,18.0,5
classic_baseline,4,18.0,6
classic_baseline,4,18.0,2
classic_baseline,4,18.0,6
classic_baseline,4,18.0,5
classic_baseline,4,19.0,2
classic_baseline,4,19.0,2
classic_baseline,4,19.0,7
classic_baseline,4,19.0,5
classic_baseline,4,19.0,4
classic_baseline,4,20.0,1
classic_baseline,4,20.0,4
classic_baseline,4,20.0,5
classic_baseline,4,20.0,2
classic_baseline,4,20.0,4
classic_baseline,4,21.0,1
classic_baseline,4,21.0,4
classic_baseline,4,21.0,2
classic_baseline,4,21.0,1
classic_baseline,4,21.0,5
classic_baseline,4,22.0,3
classic_baseline,4,22.0,2
classic_baseline,4,22.0,4
classic_baseline,4,22.0,6
classic_baseline,4,22.0,4
classic_baseline,4,23.0,5
classic_baseline,4,23.0,2
classic_baseline,4,23.0,4
classic_baseline,4,23.0,2
classic_baseline,4,23.0,7
classic_baseline,4,24.0,3
classic_baseline,4,24.0,6
classic_baseline,4,24.0,3
classic_baseline,4,24.0,5
classic_baseline,4,24.0,4
classic_baseline,4,25.0,3
classic_baseline,4,25.0,7
classic_baseline,4,25.0,4
classic_baseline,4,25.0,6
classic_baseline,4,25.0,6
classic_baseline,4,26.0,4
classic_baseline,4,26.0,3
classic_baseline,4,26.0,1
classic_baseline,4,26.0,8
classic_baseline,4,26.0,3
classic_baseline,4,27.0,4
classic_baseline,4,27.0,5
classic_baseline,4,27.0,3
classic_baseline,4,27.0,3
classic_baseline,4,27.0,5
classic_baseline,4,28.0,3
classic_baseline,4,28.0,2
classic_baseline,4,28.0,6
classic_baseline,4,28.0,2
classic_baseline,4,28.0,2
classic_baseline,4,29.0,4
classic_baseline,4,29.0,4
classic_baseline,4,29.0,3
classic_baseline,4,29.0,3
classic_baseline,4,29.0,4
classic_baseline,4,30.0,6
classic_baseline,4,30.0,5
classic_baseline,4,30.0,6
classic_baseline,4,30.0,2
classic_baseline,4,30.0,5
classic_baseline,4,31.0,4
classic_baseline,4,31.0,9
classic_baseline,4,31.0,6
classic_baseline,4,31.0,4
classic_baseline,4,31.0,6
classic_baseline,4,32.0,2
classic_baseline,4,32.0,4
classic_baseline,4,32.0,2
classic_baseline,4,32.0,3
classic_baseline,4,32.0,2
classic_baseline,4,33.0,1
classic_baseline,4,33.0,6
classic_baseline,4,33.0,3
classic_baseline,4,33.0,4
classic_baseline,4,33.0,5
classic_baseline,4,34.0,5
classic_baseline,4,34.0,5
classic_baseline,4,34.0,1
classic_baseline,4,34.0,7
classic_baseline,4,34.0,4
classic_baseline,4,35.0,3
classic_baseline,4,35.0,5
classic_baseline,4,35.0,4
classic_baseline,4,35.0,7
classic_baseline,4,35.0,2
classic_baseline,4,36.0,4
classic_baseline,4,36.0,3
classic_baseline,4,36.0,2
classic_baseline,4,36.0,4
classic_baseline,4,36.0,3
classic_baseline,4,37.0,6
classic_baseline,4,37.0,1
classic_baseline,4,37.0,2
classic_baseline,4,37.0,7
classic_baseline,4,37.0,3
classic_baseline,4,38.0,6
classic_baseline,4,38.0,5
classic_baseline,4,38.0,3
classic_baseline,4,38.0,1
classic_baseline,4,38.0,1
classic_baseline,4,39.0,6
classic_baseline,4,39.0,4
classic_baseline,4,39.0,7
classic_baseline,4,39.0,4
classic_baseline,4,39.0,2
classic_baseline,4,40.0,4
classic_baseline,4,40.0,7
classic_baseline,4,40.0,7
classic_baseline,4,40.0,3
classic_baseline,4,40.0,2
classic_baseline,4,41.0,1
classic_baseline,4,41.0,7
classic_baseline,4,41.0,9
classic_baseline,4,41.0,2
classic_baseline,4,41.0,1
classic_baseline,4,42.0,3
classic_baseline,4,42.0,5
classic_baseline,4,42.0,4
classic_baseline,4,42.0,3
classic_baseline,4,42.0,3
classic_baseline,4,43.0,3
classic_baseline,4,43.0,4
classic_baseline,4,43.0,3
classic_baseline,4,43.0,3
classic_baseline,4,43.0,3
classic_baseline,4,44.0,2
classic_baseline,4,44.0,3
classic_baseline,4,44.0,5
classic_baseline,4,44.0,6
classic_baseline,4,44.0,5
classic_baseline,4,45.0,6
classic_baseline,4,45.0,7
classic_baseline,4,45.0,1
classic_baseline,4,45.0,7
classic_baseline,4,45.0,7
classic_baseline,4,46.0,3
classic_baseline,4,46.0,6
classic_baseline,4,46.0,3
classic_baseline,4,46.0,6
classic_baseline,4,46.0,4
classic_baseline,4,47.0,7
classic_baseline,4,47.0,7
classic_baseline,4,47.0,3
classic_baseline,4,47.0,5
classic_baseline,4,47.0,9
classic_baseline,4,48.0,8
classic_baseline,4,48.0,6
classic_baseline,4,48.0,4
classic_baseline,4,48.0,5
classic_baseline,4,48.0,6
classic_baseline,4,49.0,2
classic_baseline,4,49.0,2
classic_baseline,4,49.0,6
classic_baseline,4,49.0,2
classic_baseline,4,49.0,2
classic_baseline,4,50.0,10
classic_baseline,4,50.0,5
classic_baseline,4,50.0,6
classic_baseline,4,50.0,4
classic_baseline,4,50.0,5
classic_baseline,4,51.0,3
classic_baseline,4,51.0,4
classic_baseline,4,51.0,5
classic_baseline,4,51.0,3
classic_baseline,4,51.0,5
classic_baseline,4,52.0,7
classic_baseline,4,52.0,6
classic_baseline,4,52.0,9
classic_baseline,4,52.0,5
classic_baseline,4,52.0,5
classic_baseline,4,53.0,7
classic_baseline,4,53.0,7
classic_baseline,4,53.0,7
classic_baseline,4,53.0,6
classic_baseline,4,53.0,5
classic_baseline,4,54.0,1
classic_baseline,4,54.0,1
classic_baseline,4,54.0,6
classic_baseline,4,54.0,3
classic_baseline,4,54.0,7
classic_baseline,4,55.0,7
classic_baseline,4,55.0,8
classic_baseline,4,55.0,1
classic_baseline,4,55.0,8
classic_baseline,4,55.0,8
classic_baseline,4,56.0,3
classic_baseline,4,56.0,4
classic_baseline,4,56.0,3
classic_baseline,4,56.0,7
classic_baseline,4,56.0,6
classic_baseline,4,57.0,8
classic_baseline,4,57.0,4
classic_baseline,4,57.0,11
classic_baseline,4,57.0,5
classic_baseline,4,57.0,3
classic_baseline,4,58.0,2
classic_baseline,4,58.0,6
classic_baseline,4,58.0,4
classic_baseline,4,58.0,6
classic_baseline,4,58.0,4
classic_baseline,4,59.0,9
classic_baseline,4,59.0,6
classic_baseline,4,59.0,2
classic_baseline,4,59.0,5
classic_baseline,4,59.0,3
classic_baseline,4,60.0,5
classic_baseline,4,60.0,3
classic_baseline,4,60.0,4
classic_baseline,4,60.0,8
classic_baseline,4,60.0,7
classic_baseline,4,61.0,7
classic_baseline,4,61.0,2
classic_baseline,4,61.0,8
classic_baseline,4,61.0,8
classic_baseline,4,61.0,5
classic_baseline,4,62.0,7
classic_baseline,4,62.0,3
classic_baseline,4,62.0,2
classic_baseline,4,62.0,5
classic_baseline,4,62.0,3
classic_baseline,4,63.0,6
classic_baseline,4,63.0,4
classic_baseline,4,63.0,8
classic_baseline,4,63.0,3
classic_baseline,4,63.0,6
classic_baseline,4,64.0,4
classic_baseline,4,64.0,6
classic_baseline,4,64.0,5
classic_baseline,4,64.0,6
classic_baseline,4,64.0,5
classic_baseline,4,65.0,7
classic_baseline,4,65.0,7
classic_baseline,4,65.0,6
classic_baseline,4,65.0,2
classic_baseline,4,65.0,5
classic_baseline,4,66.0,3
classic_baseline,4,66.0,2
classic_baseline,4,66.0,4
classic_baseline,4,66.0,4
classic_baseline,4,66.0,7
classic_baseline,4,67.0,7
classic_baseline,4,67.0,5
classic_baseline,4,67.0,3
classic_baseline,4,67.0,5
classic_baseline,4,67.0,2
classic_baseline,4,68.0,1
classic_baseline,4,68.0,4
classic_baseline,4,68.0,3
classic_baseline,4,68.0,2
classic_baseline,4,68.0,5
classic_baseline,4,69.0,5
classic_baseline,4,69.0,2
classic_baseline,4,69.0,6
classic_baseline,4,69.0,3
classic_baseline,4,69.0,5
classic_baseline,4,70.0,2
classic_baseline,4,70.0,5
classic_baseline,4,70.0,6
classic_baseline,4,70.0,4
classic_baseline,4,70.0,1
classic_baseline,4,71.0,1
classic_baseline,4,71.0,11
classic_baseline,4,71.0,3
classic_baseline,4,71.0,8
classic_baseline,4,71.0,9
classic_baseline,4,72.0,9
classic_baseline,4,72.0,3
classic_baseline,4,72.0,6
classic_baseline,4,72.0,4
classic_baseline,4,72.0,7
classic_baseline,4,73.0,3
classic_baseline,4,73.0,1
classic_baseline,4,73.0,5
classic_baseline,4,73.0,5
classic_baseline,4,73.0,6
classic_baseline,4,74.0,7
classic_baseline,4,74.0,9
classic_baseline,4,74.0,6
classic_baseline,4,74.0,8
classic_baseline,4,74.0,5
classic_baseline,4,75.0,3
classic_baseline,4,75.0,2
classic_baseline,4,75.0,3
classic_baseline,4,75.0,4
classic_baseline,4,75.0,2
classic_baseline,4,76.0,6
classic_baseline,4,76.0,5
classic_baseline,4,76.0,1
classic_baseline,4,76.0,7
classic_baseline,4,76.0,4
classic_baseline,4,77.0,5
classic_baseline,4,77.0,4
classic_baseline,4,77.0,2
classic_baseline,4,77.0,1
classic_baseline,4,77.0,4
classic_baseline,4,78.0,3
classic_baseline,4,78.0,5
classic_baseline,4,78.0,6
classic_baseline,4,78.0,4
classic_baseline,4,78.0,7
classic_baseline,4,79.0,4
classic_baseline,4,79.0,8
classic_baseline,4,79.0,5
classic_baseline,4,79.0,5
classic_baseline,4,79.0,5
classic_baseline,4,80.0,1
classic_baseline,4,80.0,5
classic_baseline,4,80.0,4
classic_baseline,4,80.0,3
classic_baseline,4,80.0,2
classic_baseline,4,81.0,2
classic_baseline,4,81.0,5
classic_baseline,4,81.0,2
classic_baseline,4,81.0,4
classic_baseline,4,81.0,3
classic_baseline,4,82.0,1
classic_baseline,4,82.0,3
classic_baseline,4,82.0,6
classic_baseline,4,82.0,4
classic_baseline,4,82.0,4
classic_baseline,4,83.0,5
classic_baseline,4,83.0,5
classic_baseline,4,83.0,9
classic_baseline,4,83.0,4
classic_baseline,4,83.0,6
classic_baseline,4,84.0,8
classic_baseline,4,84.0,3
classic_baseline,4,84.0,2
classic_baseline,4,84.0,4
classic_baseline,4,84.0,4
classic_baseline,4,85.0,3
classic_baseline,4,85.0,2
classic_baseline,4,85.0,2
classic_baseline,4,85.0,4
classic_baseline,4,85.0,4
classic_baseline,4,86.0,6
classic_baseline,4,86.0,1
classic_baseline,4,86.0,7
classic_baseline,4,86.0,3
classic_baseline,4,86.0,4
classic_baseline,4,87.0,6
classic_baseline,4,87.0,5
classic_baseline,4,87.0,4
classic_baseline,4,87.0,4
classic_baseline,4,87.0,7
classic_baseline,4,88.0,4
classic_baseline,4,88.0,4
classic_baseline,4,88.0,4
classic_baseline,4,88.0,2
classic_baseline,4,88.0,5
classic_baseline,4,89.0,2
classic_baseline,4,89.0,1
classic_baseline,4,89.0,4
classic_baseline,4,89.0,3
classic_baseline,4,89.0,5
classic_baseline,4,90.0,7
classic_baseline,4,90.0,2
classic_baseline,4,90.0,4
classic_baseline,4,90.0,3
classic_baseline,4,90.0,6
classic_baseline,4,91.0,2
classic_baseline,4,91.0,2
classic_baseline,4,91.0,6
classic_baseline,4,91.0,5
classic_baseline,4,91.0,4
classic_baseline,4,92.0,3
classic_baseline,4,92.0,6
classic_baseline,4,92.0,3
classic_baseline,4,92.0,5
classic_baseline,4,92.0,5
classic_baseline,4,93.0,5
classic_baseline,4,93.0,3
classic_baseline,4,93.0,5
classic_baseline,4,93.0,4
classic_baseline,4,93.0,6
classic_baseline,4,94.0,3
classic_baseline,4,94.0,6
classic_baseline,4,94.0,3
classic_baseline,4,94.0,3
classic_baseline,4,94.0,3
classic_baseline,4,95.0,5
classic_baseline,4,95.0,3
classic_baseline,4,95.0,4
classic_baseline,4,95.0,8
classic_baseline,4,95.0,6
classic_baseline,4,96.0,4
classic_baseline,4,96.0,3
classic_baseline,4,96.0,3
classic_baseline,4,96.0,6
classic_baseline,4,96.0,7
classic_baseline,4,97.0,2
classic_baseline,4,97.0,7
classic_baseline,4,97.0,3
classic_baseline,4,97.0,1
classic_baseline,4,97.0,4
classic_baseline,4,98.0,3
classic_baseline,4,98.0,6
classic_baseline,4,98.0,1
classic_baseline,4,98.0,3
classic_baseline,4,98.0,3
classic_baseline,4,99.0,5
classic_baseline,4,99.0,5
classic_baseline,4,99.0,9
classic_baseline,4,99.0,1
classic_baseline,4,99.0,6
classic_baseline,4,100.0,3
classic_baseline,4,100.0,2
classic_baseline,4,100.0,2
classic_baseline,4,100.0,1
classic_baseline,4,100.0,8
classic_baseline,4,101.0,2
classic_baseline,4,101.0,2
classic_baseline,4,101.0,3
classic_baseline,4,101.0,4
classic_baseline,4,101.0,5
classic_baseline,4,102.0,7
classic_baseline,4,102.0,3
classic_baseline,4,102.0,5
classic_baseline,4,102.0,2
classic_baseline,4,102.0,7
classic_baseline,4,103.0,5
classic_baseline,4,103.0,10
classic_baseline,4,103.0,3
classic_baseline,4,103.0,6
classic_baseline,4,103.0,6
classic_baseline,4,104.0,7
classic_baseline,4,104.0,3
classic_baseline,4,104.0,5
classic_baseline,4,104.0,4
classic_baseline,4,104.0,3
classic_baseline,4,105.0,4
classic_baseline,4,105.0,2
classic_baseline,4,105.0,3
classic_baseline,4,105.0,7
classic_baseline,4,105.0,6
classic_baseline,4,106.0,4
classic_baseline,4,106.0,3
classic_baseline,4,106.0,4
classic_baseline,4,106.0,4
classic_baseline,4,106.0,2
classic_baseline,4,107.0,7
classic_baseline,4,107.0,1
classic_baseline,4,107.0,4
classic_baseline,4,107.0,2
classic_baseline,4,107.0,3
classic_baseline,4,108.0,1
classic_baseline,4,108.0,2
classic_baseline,4,108.0,1
classic_baseline,4,108.0,4
classic_baseline,4,108.0,9
classic_baseline,4,109.0,4
classic_baseline,4,109.0,4
classic_baseline,4,109.0,2
classic_baseline,4,109.0,3
classic_baseline,4,109.0,6
classic_baseline,4,110.0,5
classic_baseline,4,110.0,3
classic_baseline,4,110.0,3
classic_baseline,4,110.0,7
classic_baseline,4,110.0,6
classic_baseline,4,111.0,1
classic_baseline,4,111.0,2
classic_baseline,4,111.0,4
classic_baseline,4,111.0,7
classic_baseline,4,111.0,5
classic_baseline,4,112.0,4
classic_baseline,4,112.0,3
classic_baseline,4,112.0,4
classic_baseline,4,112.0,1
classic_baseline,4,112.0,8
classic_baseline,4,113.0,6
classic_baseline,4,113.0,9
classic_baseline,4,113.0,3
classic_baseline,4,113.0,5
classic_baseline,4,113.0,2
classic_baseline,4,114.0,5
classic_baseline,4,114.0,2
classic_baseline,4,114.0,5
classic_baseline,4,114.0,4
classic_baseline,4,114.0,6
classic_baseline,4,115.0,3
classic_baseline,4,115.0,3
classic_baseline,4,115.0,2
classic_baseline,4,115.0,5
classic_baseline,4,115.0,6
classic_baseline,4,116.0,6
classic_baseline,4,116.0,6
classic_baseline,4,116.0,4
classic_baseline,4,116.0,2
classic_baseline,4,116.0,3
classic_baseline,4,117.0,1
classic_baseline,4,117.0,2
classic_baseline,4,117.0,4
classic_baseline,4,117.0,10
classic_baseline,4,117.0,2
classic_baseline,4,118.0,4
classic_baseline,4,118.0,2
classic_baseline,4,118.0,5
classic_baseline,4,118.0,5
classic_baseline,4,118.0,3
classic_baseline,4,119.0,4
classic_baseline,4,119.0,4
classic_baseline,4,119.0,4
classic_baseline,4,119.0,2
classic_baseline,4,119.0,5
classic_baseline,4,120.0,3
classic_baseline,4,120.0,6
classic_baseline,4,120.0,3
classic_baseline,4,120.0,4
classic_baseline,4,120.0,9
classic_baseline,4,121.0,8
classic_baseline,4,121.0,2
classic_baseline,4,121.0,8
classic_baseline,4,121.0,7
classic_baseline,4,121.0,1
classic_baseline,4,122.0,5
classic_baseline,4,122.0,3
classic_baseline,4,122.0,2
classic_baseline,4,122.0,3
classic_baseline,4,122.0,1
classic_baseline,4,123.0,2
classic_baseline,4,123.0,9
classic_baseline,4,123.0,2
classic_baseline,4,123.0,2
classic_baseline,4,123.0,7
classic_baseline,4,124.0,2
classic_baseline,4,124.0,3
classic_baseline,4,124.0,1
classic_baseline,4,124.0,1
classic_baseline,4,124.0,2
classic_baseline,4,125.0,5
classic_baseline,4,125.0,4
classic_baseline,4,125.0,3
classic_baseline,4,125.0,4
classic_baseline,4,125.0,6
classic_baseline,4,126.0,2
classic_baseline,4,126.0,11
classic_baseline,4,126.0,5
classic_baseline,4,126.0,3
classic_baseline,4,126.0,3
classic_baseline,4,127.0,2
classic_baseline,4,127.0,6
classic_baseline,4,127.0,6
classic_baseline,4,127.0,3
classic_baseline,4,127.0,7
classic_baseline,4,128.0,6
classic_baseline,4,128.0,3
classic_baseline,4,128.0,4
classic_baseline,4,128.0,3
classic_baseline,4,128.0,4
classic_baseline,4,129.0,4
classic_baseline,4,129.0,5
classic_baseline,4,129.0,2
classic_baseline,4,129.0,5
classic_baseline,4,129.0,1
classic_baseline,4,130.0,9
classic_baseline,4,130.0,4
classic_baseline,4,130.0,2
classic_baseline,4,130.0,3
classic_baseline,4,130.0,5
classic_baseline,4,131.0,6
classic_baseline,4,131.0,4
classic_baseline,4,131.0,2
classic_baseline,4,131.0,4
classic_baseline,4,131.0,4
classic_baseline,4,132.0,4
classic_baseline,4,132.0,2
classic_baseline,4,132.0,6
classic_baseline,4,132.0,6
classic_baseline,4,132.0,3
classic_baseline,4,133.0,4
classic_baseline,4,133.0,9
classic_baseline,4,133.0,2
classic_baseline,4,133.0,1
classic_baseline,4,133.0,1
classic_baseline,4,134.0,3
classic_baseline,4,134.0,5
classic_baseline,4,134.0,3
classic_baseline,4,134.0,1
classic_baseline,4,134.0,1
classic_baseline,4,135.0,5
classic_baseline,4,135.0,6
classic_baseline,4,135.0,8
classic_baseline,4,135.0,7
classic_baseline,4,135.0,4
classic_baseline,4,136.0,3
classic_baseline,4,136.0,4
classic_baseline,4,136.0,9
classic_baseline,4,136.0,7
classic_baseline,4,136.0,4
classic_baseline,4,137.0,5
classic_baseline,4,137.0,6
classic_baseline,4,137.0,6
classic_baseline,4,137.0,2
classic_baseline,4,137.0,5
classic_baseline,4,138.0,2
classic_baseline,4,138.0,5
classic_baseline,4,138.0,6
classic_baseline,4,138.0,4
classic_baseline,4,138.0,6
classic_baseline,4,139.0,2
classic_baseline,4,139.0,6
classic_baseline,4,139.0,4
classic_baseline,4,139.0,8
classic_baseline,4,139.0,4
classic_baseline,4,140.0,3
classic_baseline,4,140.0,5
classic_baseline,4,140.0,6
classic_baseline,4,140.0,7
classic_baseline,4,140.0,7
classic_baseline,4,141.0,2
classic_baseline,4,141.0,5
classic_baseline,4,141.0,8
classic_baseline,4,141.0,4
classic_baseline,4,141.0,8
classic_baseline,4,142.0,6
classic_baseline,4,142.0,3
classic_baseline,4,142.0,8
classic_baseline,4,142.0,1
classic_baseline,4,142.0,3
classic_baseline,4,143.0,3
classic_baseline,4,143.0,5
classic_baseline,4,143.0,3
classic_baseline,4,143.0,2
classic_baseline,4,143.0,3
classic_baseline,4,144.0,6
classic_baseline,4,144.0,5
classic_baseline,4,144.0,5
classic_baseline,4,144.0,5
classic_baseline,4,144.0,4
classic_baseline,4,145.0,3
classic_baseline,4,145.0,7
classic_baseline,4,145.0,8
classic_baseline,4,145.0,4
classic_baseline,4,145.0,4
classic_baseline,4,146.0,7
classic_baseline,4,146.0,1
classic_baseline,4,146.0,2
classic_baseline,4,146.0,3
classic_baseline,4,146.0,7
classic_baseline,4,147.0,8
classic_baseline,4,147.0,2
classic_baseline,4,147.0,3
classic_baseline,4,147.0,5
classic_baseline,4,147.0,5
classic_baseline,4,148.0,5
classic_baseline,4,148.0,3
classic_baseline,4,148.0,6
classic_baseline,4,148.0,4
classic_baseline,4,148.0,3
classic_baseline,4,149.0,3
classic_baseline,4,149.0,2
classic_baseline,4,149.0,6
classic_baseline,4,149.0,3
classic_baseline,4,149.0,4
classic_baseline,4,150.0,3
classic_baseline,4,150.0,3
classic_baseline,4,150.0,8
classic_baseline,4,150.0,4
classic_baseline,4,150.0,6
classic_baseline,4,151.0,4
classic_baseline,4,151.0,3
classic_baseline,4,151.0,5
classic_baseline,4,151.0,3
classic_baseline,4,151.0,2
classic_baseline,4,152.0,7
classic_baseline,4,152.0,3
classic_baseline,4,152.0,1
classic_baseline,4,152.0,5
classic_baseline,4,152.0,3
classic_baseline,4,153.0,4
classic_baseline,4,153.0,3
classic_baseline,4,153.0,3
classic_baseline,4,153.0,6
classic_baseline,4,153.0,3
classic_baseline,4,154.0,5
classic_baseline,4,154.0,4
classic_baseline,4,154.0,2
classic_baseline,4,154.0,1
classic_baseline,4,154.0,6
classic_baseline,4,155.0,2
classic_baseline,4,155.0,5
classic_baseline,4,155.0,1
classic_baseline,4,155.0,9
classic_baseline,4,155.0,1
classic_baseline,4,156.0,7
classic_baseline,4,156.0,3
classic_baseline,4,156.0,3
classic_baseline,4,156.0,6
classic_baseline,4,156.0,3
classic_baseline,4,157.0,4
classic_baseline,4,157.0,5
classic_baseline,4,157.0,5
classic_baseline,4,157.0,2
classic_baseline,4,157.0,5
classic_baseline,4,158.0,7
classic_baseline,4,158.0,2
classic_baseline,4,158.0,6
classic_baseline,4,158.0,6
classic_baseline,4,158.0,3
classic_baseline,4,159.0,2
classic_baseline,4,159.0,7
classic_baseline,4,159.0,6
classic_baseline,4,159.0,2
classic_baseline,4,159.0,5
classic_baseline,4,160.0,4
classic_baseline,4,160.0,2
classic_baseline,4,160.0,4
classic_baseline,4,160.0,2
classic_baseline,4,160.0,3
classic_baseline,4,161.0,1
classic_baseline,4,161.0,7
classic_baseline,4,161.0,3
classic_baseline,4,161.0,7
classic_baseline,4,161.0,1
classic_baseline,4,162.0,3
classic_baseline,4,162.0,4
classic_baseline,4,162.0,1
classic_baseline,4,162.0,5
classic_baseline,4,162.0,1
classic_baseline,4,163.0,2
classic_baseline,4,163.0,3
classic_baseline,4,163.0,2
classic_baseline,4,163.0,2
classic_baseline,4,163.0,4
classic_baseline,4,164.0,5
classic_baseline,4,164.0,6
classic_baseline,4,164.0,4
classic_baseline,4,164.0,3
classic_baseline,4,164.0,2
classic_baseline,4,165.0,3
classic_baseline,4,165.0,3
classic_baseline,4,165.0,4
classic_baseline,4,165.0,2
classic_baseline,4,165.0,4
classic_baseline,4,166.0,8
classic_baseline,4,166.0,2
classic_baseline,4,166.0,6
classic_baseline,4,166.0,2
classic_baseline,4,166.0,1
classic_baseline,4,167.0,3
classic_baseline,4,167.0,5
classic_baseline,4,167.0,4
classic_baseline,4,167.0,7
classic_baseline,4,167.0,5
classic_baseline,4,168.0,3
classic_baseline,4,168.0,4
classic_baseline,4,168.0,8
classic_baseline,4,168.0,3
classic_baseline,4,168.0,3
classic_baseline,4,169.0,4
classic_baseline,4,169.0,2
classic_baseline,4,169.0,5
classic_baseline,4,169.0,2
classic_baseline,4,169.0,6
classic_baseline,4,170.0,4
classic_baseline,4,170.0,7
classic_baseline,4,170.0,5
classic_baseline,4,170.0,3
classic_baseline,4,170.0,3
classic_baseline,4,171.0,2
classic_baseline,4,171.0,4
classic_baseline,4,171.0,4
classic_baseline,4,171.0,4
classic_baseline,4,171.0,1
classic_baseline,4,172.0,3
classic_baseline,4,172.0,1
classic_baseline,4,172.0,5
classic_baseline,4,172.0,4
classic_baseline,4,172.0,3
classic_baseline,4,173.0,4
classic_baseline,4,173.0,5
classic_baseline,4,173.0,7
classic_baseline,4,173.0,3
classic_baseline,4,173.0,2
classic_baseline,4,174.0,3
classic_baseline,4,174.0,1
classic_baseline,4,174.0,5
classic_baseline,4,174.0,2
classic_baseline,4,174.0,3
classic_baseline,4,175.0,2
classic_baseline,4,175.0,2
classic_baseline,4,175.0,5
classic_baseline,4,175.0,5
classic_baseline,4,175.0,2
classic_baseline,4,176.0,5
classic_baseline,4,176.0,3
classic_baseline,4,176.0,4
classic_baseline,4,176.0,5
classic_baseline,4,176.0,4
classic_baseline,4,177.0,5
classic_baseline,4,177.0,5
classic_baseline,4,177.0,6
classic_baseline,4,177.0,3
classic_baseline,4,177.0,4
classic_baseline,4,178.0,4
classic_baseline,4,178.0,3
classic_baseline,4,178.0,9
classic_baseline,4,178.0,3
classic_baseline,4,178.0,1
classic_baseline,4,179.0,5
classic_baseline,4,179.0,3
classic_baseline,4,179.0,3
classic_baseline,4,179.0,6
classic_baseline,4,179.0,3
classic_baseline,4,180.0,6
classic_baseline,4,180.0,2
classic_baseline,4,180.0,8
classic_baseline,4,180.0,6
classic_baseline,4,180.0,6
classic_baseline,4,181.0,4
classic_baseline,4,181.0,3
classic_baseline,4,181.0,3
classic_baseline,4,181.0,2
classic_baseline,4,181.0,3
classic_baseline,4,182.0,7
classic_baseline,4,182.0,2
classic_baseline,4,182.0,8
classic_baseline,4,182.0,2
classic_baseline,4,182.0,5
classic_baseline,4,183.0,5
classic_baseline,4,183.0,7
classic_baseline,4,183.0,6
classic_baseline,4,183.0,3
classic_baseline,4,183.0,5
classic_baseline,4,184.0,8
classic_baseline,4,184.0,1
classic_baseline,4,184.0,5
classic_baseline,4,184.0,4
classic_baseline,4,184.0,3
classic_baseline,4,185.0,2
classic_baseline,4,185.0,4
classic_baseline,4,185.0,4
classic_baseline,4,185.0,4
classic_baseline,4,185.0,1
classic_baseline,4,186.0,7
classic_baseline,4,186.0,1
classic_baseline,4,186.0,1
classic_baseline,4,186.0,3
classic_baseline,4,186.0,7
classic_baseline,4,187.0,3
classic_baseline,4,187.0,8
classic_baseline,4,187.0,1
classic_baseline,4,187.0,3
classic_baseline,4,187.0,3
classic_baseline,4,188.0,2
classic_baseline,4,188.0,4
classic_baseline,4,188.0,5
classic_baseline,4,188.0,2
classic_baseline,4,188.0,3
classic_baseline,4,189.0,5
classic_baseline,4,189.0,6
classic_baseline,4,189.0,4
classic_baseline,4,189.0,3
classic_baseline,4,189.0,4
classic_baseline,4,190.0,9
classic_baseline,4,190.0,8
classic_baseline,4,190.0,6
classic_baseline,4,190.0,5
classic_baseline,4,190.0,4
classic_baseline,4,191.0,4
classic_baseline,4,191.0,2
classic_baseline,4,191.0,8
classic_baseline,4,191.0,3
classic_baseline,4,191.0,3
classic_baseline,4,192.0,1
classic_baseline,4,192.0,6
classic_baseline,4,192.0,2
classic_baseline,4,192.0,7
classic_baseline,4,192.0,6
classic_baseline,4,193.0,3
classic_baseline,4,193.0,3
classic_baseline,4,193.0,6
classic_baseline,4,193.0,3
classic_baseline,4,193.0,4
classic_baseline,4,194.0,3
classic_baseline,4,194.0,2
classic_baseline,4,194.0,5
classic_baseline,4,194.0,2
classic_baseline,4,194.0,7
classic_baseline,4,195.0,3
classic_baseline,4,195.0,6
classic_baseline,4,195.0,8
classic_baseline,4,195.0,2
classic_baseline,4,195.0,9
classic_baseline,4,196.0,3
classic_baseline,4,196.0,1
classic_baseline,4,196.0,5
classic_baseline,4,196.0,1
classic_baseline,4,196.0,4
classic_baseline,4,197.0,6
classic_baseline,4,197.0,3
classic_baseline,4,197.0,7
classic_baseline,4,197.0,4
classic_baseline,4,197.0,3
classic_baseline,4,198.0,4
classic_baseline,4,198.0,5
classic_baseline,4,198.0,2
classic_baseline,4,198.0,2
classic_baseline,4,198.0,4
classic_baseline,4,199.0,5
classic_baseline,4,199.0,2
classic_baseline,4,199.0,4
classic_baseline,4,199.0,8
classic_baseline,4,199.0,5
classic_baseline,4,200.0,3
classic_baseline,4,200.0,3
classic_baseline,4,200.0,1
classic_baseline,4,200.0,3
classic_baseline,4,200.0,5
classic_baseline,4,201.0,7
classic_baseline,4,201.0,3
classic_baseline,4,201.0,2
classic_baseline,4,201.0,4
classic_baseline,4,201.0,4
classic_baseline,4,202.0,3
classic_baseline,4,202.0,9
classic_baseline,4,202.0,3
classic_baseline,4,202.0,3
classic_baseline,4,202.0,2
classic_baseline,4,203.0,6
classic_baseline,4,203.0,3
classic_baseline,4,203.0,5
classic_baseline,4,203.0,6
classic_baseline,4,203.0,4
classic_baseline,4,204.0,4
classic_baseline,4,204.0,5
classic_baseline,4,204.0,1
classic_baseline,4,204.0,4
classic_baseline,4,204.0,5
classic_baseline,4,205.0,2
classic_baseline,4,205.0,8
classic_baseline,4,205.0,6
classic_baseline,4,205.0,2
classic_baseline,4,205.0,3
classic_baseline,4,206.0,7
classic_baseline,4,206.0,5
classic_baseline,4,206.0,7
classic_baseline,4,206.0,2
classic_baseline,4,206.0,4
classic_baseline,4,207.0,4
classic_baseline,4,207.0,4
classic_baseline,4,207.0,5
classic_baseline,4,207.0,3
classic_baseline,4,207.0,2
classic_baseline,4,208.0,4
classic_baseline,4,208.0,1
classic_baseline,4,208.0,4
classic_baseline,4,208.0,4
classic_baseline,4,208.0,3
classic_baseline,4,209.0,3
classic_baseline,4,209.0,3
classic_baseline,4,209.0,5
classic_baseline,4,209.0,2
classic_baseline,4,209.0,4
classic_baseline,4,210.0,2
classic_baseline,4,210.0,5
classic_baseline,4,210.0,5
classic_baseline,4,210.0,3
classic_baseline,4,210.0,1
classic_baseline,4,211.0,2
classic_baseline,4,211.0,1
classic_baseline,4,211.0,2
classic_baseline,4,211.0,5
classic_baseline,4,211.0,4
classic_baseline,4,212.0,4
classic_baseline,4,212.0,5
classic_baseline,4,212.0,3
classic_baseline,4,212.0,3
classic_baseline,4,212.0,3
classic_baseline,4,213.0,7
classic_baseline,4,213.0,3
classic_baseline,4,213.0,4
classic_baseline,4,213.0,5
classic_baseline,4,213.0,4
classic_baseline,4,214.0,6
classic_baseline,4,214.0,7
classic_baseline,4,214.0,2
classic_baseline,4,214.0,6
classic_baseline,4,214.0,3
classic_baseline,4,215.0,3
classic_baseline,4,215.0,4
classic_baseline,4,215.0,4
classic_baseline,4,215.0,6
classic_baseline,4,215.0,1
classic_baseline,4,216.0,5
classic_baseline,4,216.0,9
classic_baseline,4,216.0,7
classic_baseline,4,216.0,7
classic_baseline,4,216.0,6
classic_baseline,4,217.0,4
classic_baseline,4,217.0,3
classic_baseline,4,217.0,5
classic_baseline,4,217.0,4
classic_baseline,4,217.0,6
classic_baseline,4,218.0,5
classic_baseline,4,218.0,4
classic_baseline,4,218.0,3
classic_baseline,4,218.0,3
classic_baseline,4,218.0,4
classic_baseline,4,219.0,5
classic_baseline,4,219.0,2
classic_baseline,4,219.0,5
classic_baseline,4,219.0,4
classic_baseline,4,219.0,4
classic_baseline,4,220.0,1
classic_baseline,4,220.0,6
classic_baseline,4,220.0,5
classic_baseline,4,220.0,4
classic_baseline,4,220.0,1
classic_baseline,4,221.0,3
classic_baseline,4,221.0,7
classic_baseline,4,221.0,7
classic_baseline,4,221.0,3
classic_baseline,4,221.0,4
classic_baseline,4,222.0,8
classic_baseline,4,222.0,4
classic_baseline,4,222.0,7
classic_baseline,4,222.0,1
classic_baseline,4,222.0,3
classic_baseline,4,223.0,1
classic_baseline,4,223.0,2
classic_baseline,4,223.0,8
classic_baseline,4,223.0,3
classic_baseline,4,223.0,2
classic_baseline,4,224.0,2
classic_baseline,4,224.0,1
classic_baseline,4,224.0,5
classic_baseline,4,224.0,4
classic_baseline,4,224.0,6
classic_baseline,4,225.0,4
classic_baseline,4,225.0,5
classic_baseline,4,225.0,2
classic_baseline,4,225.0,7
classic_baseline,4,225.0,3
classic_baseline,4,226.0,7
classic_baseline,4,226.0,6
classic_baseline,4,226.0,4
classic_baseline,4,226.0,6
classic_baseline,4,226.0,4
classic_baseline,4,227.0,4
classic_baseline,4,227.0,6
classic_baseline,4,227.0,1
classic_baseline,4,227.0,2
classic_baseline,4,227.0,7
classic_baseline,4,228.0,3
classic_baseline,4,228.0,7
classic_baseline,4,228.0,2
classic_baseline,4,228.0,4
classic_baseline,4,228.0,1
classic_baseline,4,229.0,3
classic_baseline,4,229.0,4
classic_baseline,4,229.0,7
classic_baseline,4,229.0,6
classic_baseline,4,229.0,2
classic_baseline,4,230.0,3
classic_baseline,4,230.0,4
classic_baseline,4,230.0,6
classic_baseline,4,230.0,2
classic_baseline,4,230.0,6
classic_baseline,4,231.0,4
classic_baseline,4,231.0,7
classic_baseline,4,231.0,4
classic_baseline,4,231.0,8
classic_baseline,4,231.0,4
classic_baseline,4,232.0,1
classic_baseline,4,232.0,5
classic_baseline,4,232.0,1
classic_baseline,4,232.0,3
classic_baseline,4,232.0,5
classic_baseline,4,233.0,5
classic_baseline,4,233.0,3
classic_baseline,4,233.0,3
classic_baseline,4,233.0,6
classic_baseline,4,233.0,2
classic_baseline,4,234.0,1
classic_baseline,4,234.0,1
classic_baseline,4,234.0,4
classic_baseline,4,234.0,4
classic_baseline,4,234.0,5
classic_baseline,4,235.0,6
classic_baseline,4,235.0,2
classic_baseline,4,235.0,5
classic_baseline,4,235.0,1
classic_baseline,4,235.0,3
classic_baseline,4,236.0,4
classic_baseline,4,236.0,2
classic_baseline,4,236.0,3
classic_baseline,4,236.0,6
classic_baseline,4,236.0,4
classic_baseline,4,237.0,2
classic_baseline,4,237.0,3
classic_baseline,4,237.0,2
classic_baseline,4,237.0,2
classic_baseline,4,237.0,3
classic_baseline,4,238.0,3
classic_baseline,4,238.0,1
classic_baseline,4,238.0,6
classic_baseline,4,238.0,7
classic_baseline,4,238.0,1
classic_baseline,4,239.0,3
classic_baseline,4,239.0,5
classic_baseline,4,239.0,6
classic_baseline,4,239.0,4
classic_baseline,4,239.0,6
classic_baseline,4,240.0,8
classic_baseline,4,240.0,6
classic_baseline,4,240.0,4
classic_baseline,4,240.0,4
classic_baseline,4,240.0,3
classic_baseline,4,241.0,5
classic_baseline,4,241.0,8
classic_baseline,4,241.0,7
classic_baseline,4,241.0,5
classic_baseline,4,241.0,7
classic_baseline,4,242.0,8
classic_baseline,4,242.0,1
classic_baseline,4,242.0,4
classic_baseline,4,242.0,4
classic_baseline,4,242.0,4
classic_baseline,4,243.0,4
classic_baseline,4,243.0,4
classic_baseline,4,243.0,7
classic_baseline,4,243.0,8
classic_baseline,4,243.0,6
classic_baseline,4,244.0,4
classic_baseline,4,244.0,1
classic_baseline,4,244.0,5
classic_baseline,4,244.0,2
classic_baseline,4,244.0,6
classic_baseline,4,245.0,5
classic_baseline,4,245.0,1
classic_baseline,4,245.0,4
classic_baseline,4,245.0,2
classic_baseline,4,245.0,5
classic_baseline,4,246.0,6
classic_baseline,4,246.0,4
classic_baseline,4,246.0,9
classic_baseline,4,246.0,5
classic_baseline,4,246.0,3
classic_baseline,4,247.0,5
classic_baseline,4,247.0,2
classic_baseline,4,247.0,5
classic_baseline,4,247.0,10
classic_baseline,4,247.0,5
classic_baseline,4,248.0,4
classic_baseline,4,248.0,5
classic_baseline,4,248.0,5
classic_baseline,4,248.0,4
classic_baseline,4,248.0,9
classic_baseline,4,249.0,4
classic_baseline,4,249.0,4
classic_baseline,4,249.0,2
classic_baseline,4,249.0,2
classic_baseline,4,249.0,4
classic_baseline,4,250.0,5
classic_baseline,4,250.0,5
classic_baseline,4,250.0,8
classic_baseline,4,250.0,3
classic_baseline,4,250.0,1
classic_baseline,4,251.0,2
classic_baseline,4,251.0,7
classic_baseline,4,251.0,6
classic_baseline,4,251.0,4
classic_baseline,4,251.0,1
classic_baseline,4,252.0,11
classic_baseline,4,252.0,5
classic_baseline,4,252.0,3
classic_baseline,4,252.0,3
classic_baseline,4,252.0,2
classic_baseline,4,253.0,6
classic_baseline,4,253.0,1
classic_baseline,4,253.0,4
classic_baseline,4,253.0,2
classic_baseline,4,253.0,4
classic_baseline,4,254.0,9
classic_baseline,4,254.0,5
classic_baseline,4,254.0,6
classic_baseline,4,254.0,1
classic_baseline,4,254.0,3
classic_baseline,4,255.0,4
classic_baseline,4,255.0,2
classic_baseline,4,255.0,2
classic_baseline,4,255.0,3
classic_baseline,4,255.0,2
classic_baseline,4,256.0,4
classic_baseline,4,256.0,5
classic_baseline,4,256.0,6
classic_baseline,4,256.0,7
classic_baseline,4,256.0,3
classic_baseline,4,257.0,1
classic_baseline,4,257.0,3
classic_baseline,4,257.0,3
classic_baseline,4,257.0,3
classic_baseline,4,257.0,7
classic_baseline,4,258.0,2
classic_baseline,4,258.0,5
classic_baseline,4,258.0,5
classic_baseline,4,258.0,5
classic_baseline,4,258.0,5
classic_baseline,4,259.0,4
classic_baseline,4,259.0,1
classic_baseline,4,259.0,3
classic_baseline,4,259.0,3
classic_baseline,4,259.0,3
classic_baseline,4,260.0,5
classic_baseline,4,260.0,3
classic_baseline,4,260.0,7
classic_baseline,4,260.0,3
classic_baseline,4,260.0,2
classic_baseline,4,261.0,1
classic_baseline,4,261.0,4
classic_baseline,4,261.0,3
classic_baseline,4,261.0,4
classic_baseline,4,261.0,5
classic_baseline,4,262.0,2
classic_baseline,4,262.0,5
classic_baseline,4,262.0,4
classic_baseline,4,262.0,3
classic_baseline,4,262.0,3
classic_baseline,4,263.0,4
classic_baseline,4,263.0,8
classic_baseline,4,263.0,3
classic_baseline,4,263.0,6
classic_baseline,4,263.0,1
classic_baseline,4,264.0,3
classic_baseline,4,264.0,2
classic_baseline,4,264.0,5
classic_baseline,4,264.0,1
classic_baseline,4,264.0,8
classic_baseline,4,265.0,5
classic_baseline,4,265.0,4
classic_baseline,4,265.0,6
classic_baseline,4,265.0,5
classic_baseline,4,265.0,4
classic_baseline,4,266.0,2
classic_baseline,4,266.0,1
classic_baseline,4,266.0,5
classic_baseline,4,266.0,1
classic_baseline,4,266.0,5
classic_baseline,4,267.0,1
classic_baseline,4,267.0,8
classic_baseline,4,267.0,1
classic_baseline,4,267.0,3
classic_baseline,4,267.0,1
classic_baseline,4,268.0,3
classic_baseline,4,268.0,3
classic_baseline,4,268.0,1
classic_baseline,4,268.0,3
classic_baseline,4,268.0,1
classic_baseline,4,269.0,6
classic_baseline,4,269.0,3
classic_baseline,4,269.0,2
classic_baseline,4,269.0,4
classic_baseline,4,269.0,4
classic_baseline,4,270.0,3
classic_baseline,4,270.0,6
classic_baseline,4,270.0,5
classic_baseline,4,270.0,3
classic_baseline,4,270.0,2
classic_baseline,4,271.0,4
classic_baseline,4,271.0,2
classic_baseline,4,271.0,2
classic_baseline,4,271.0,6
classic_baseline,4,271.0,2
classic_baseline,4,272.0,2
classic_baseline,4,272.0,7
classic_baseline,4,272.0,4
classic_baseline,4,272.0,5
classic_baseline,4,272.0,6
classic_baseline,4,273.0,5
classic_baseline,4,273.0,5
classic_baseline,4,273.0,4
classic_baseline,4,273.0,2
classic_baseline,4,273.0,2
classic_baseline,4,274.0,7
classic_baseline,4,274.0,4
classic_baseline,4,274.0,3
classic_baseline,4,274.0,5
classic_baseline,4,274.0,4
classic_baseline,4,275.0,4
classic_baseline,4,275.0,6
classic_baseline,4,275.0,2
classic_baseline,4,275.0,1
classic_baseline,4,275.0,3
classic_baseline,4,276.0,3
classic_baseline,4,276.0,2
classic_baseline,4,276.0,4
classic_baseline,4,276.0,4
classic_baseline,4,276.0,3
classic_baseline,4,277.0,1
classic_baseline,4,277.0,2
classic_baseline,4,277.0,5
classic_baseline,4,277.0,6
classic_baseline,4,277.0,4
classic_baseline,4,278.0,5
classic_baseline,4,278.0,6
classic_baseline,4,278.0,4
classic_baseline,4,278.0,3
classic_baseline,4,278.0,6
classic_baseline,4,279.0,3
classic_baseline,4,279.0,3
classic_baseline,4,279.0,5
classic_baseline,4,279.0,5
classic_baseline,4,279.0,2
classic_baseline,4,280.0,3
classic_baseline,4,280.0,4
classic_baseline,4,280.0,3
classic_baseline,4,280.0,5
classic_baseline,4,280.0,5
classic_baseline,4,281.0,5
classic_baseline,4,281.0,1
classic_baseline,4,281.0,3
classic_baseline,4,281.0,8
classic_baseline,4,281.0,4
classic_baseline,4,282.0,3
classic_baseline,4,282.0,4
classic_baseline,4,282.0,2
classic_baseline,4,282.0,5
classic_baseline,4,282.0,6
classic_baseline,4,283.0,3
classic_baseline,4,283.0,1
classic_baseline,4,283.0,2
classic_baseline,4,283.0,4
classic_baseline,4,283.0,3
classic_baseline,4,284.0,1
classic_baseline,4,284.0,5
classic_baseline,4,284.0,1
classic_baseline,4,284.0,4
classic_baseline,4,284.0,7
classic_baseline,4,285.0,6
classic_baseline,4,285.0,6
classic_baseline,4,285.0,4
classic_baseline,4,285.0,7
classic_baseline,4,285.0,5
classic_baseline,4,286.0,7
classic_baseline,4,286.0,4
classic_baseline,4,286.0,5
classic_baseline,4,286.0,5
classic_baseline,4,286.0,3
classic_baseline,4,287.0,2
classic_baseline,4,287.0,1
classic_baseline,4,287.0,2
classic_baseline,4,287.0,6
classic_baseline,4,287.0,2
classic_baseline,4,288.0,4
classic_baseline,4,288.0,2
classic_baseline,4,288.0,3
classic_baseline,4,288.0,2
classic_baseline,4,288.0,1
classic_baseline,4,289.0,7
classic_baseline,4,289.0,7
classic_baseline,4,289.0,5
classic_baseline,4,289.0,2
classic_baseline,4,289.0,6
classic_baseline,4,290.0,2
classic_baseline,4,290.0,1
classic_baseline,4,290.0,7
classic_baseline,4,290.0,6
classic_baseline,4,290.0,3
classic_baseline,4,291.0,3
classic_baseline,4,291.0,5
classic_baseline,4,291.0,5
classic_baseline,4,291.0,3
classic_baseline,4,291.0,2
classic_baseline,4,292.0,2
classic_baseline,4,292.0,5
classic_baseline,4,292.0,3
classic_baseline,4,292.0,1
classic_baseline,4,292.0,5
classic_baseline,4,293.0,3
classic_baseline,4,293.0,4
classic_baseline,4,293.0,5
classic_baseline,4,293.0,4
classic_baseline,4,293.0,2
classic_baseline,4,294.0,5
classic_baseline,4,294.0,7
classic_baseline,4,294.0,3
classic_baseline,4,294.0,6
classic_baseline,4,294.0,5
classic_baseline,4,295.0,4
classic_baseline,4,295.0,4
classic_baseline,4,295.0,5
classic_baseline,4,295.0,7
classic_baseline,4,295.0,7
classic_baseline,4,296.0,2
classic_baseline,4,296.0,1
classic_baseline,4,296.0,4
classic_baseline,4,296.0,2
classic_baseline,4,296.0,3
classic_baseline,4,297.0,3
classic_baseline,4,297.0,1
classic_baseline,4,297.0,2
classic_baseline,4,297.0,3
classic_baseline,4,297.0,3
classic_baseline,4,298.0,2
classic_baseline,4,298.0,4
classic_baseline,4,298.0,3
classic_baseline,4,298.0,4
classic_baseline,4,298.0,3
classic_baseline,4,299.0,5
classic_baseline,4,299.0,7
classic_baseline,4,299.0,1
classic_baseline,4,299.0,4
classic_baseline,4,299.0,2
classic_baseline,4,300.0,3
classic_baseline,4,300.0,7
classic_baseline,4,300.0,1
classic_baseline,4,300.0,5
classic_baseline,4,300.0,2
classic_baseline,8,1.0,3
classic_baseline,8,1.0,6
classic_baseline,8,1.0,5
classic_baseline,8,1.0,3
classic_baseline,8,1.0,3
classic_baseline,8,2.0,6
classic_baseline,8,2.0,7
classic_baseline,8,2.0,6
classic_baseline,8,2.0,6
classic_baseline,8,2.0,4
classic_baseline,8,3.0,5
classic_baseline,8,3.0,7
classic_baseline,8,3.0,4
classic_baseline,8,3.0,4
classic_baseline,8,3.0,3
classic_baseline,8,4.0,1
classic_baseline,8,4.0,6
classic_baseline,8,4.0,5
classic_baseline,8,4.0,4
classic_baseline,8,4.0,6
classic_baseline,8,5.0,3
classic_baseline,8,5.0,2
classic_baseline,8,5.0,1
classic_baseline,8,5.0,6
classic_baseline,8,5.0,5
classic_baseline,8,6.0,1
classic_baseline,8,6.0,5
classic_baseline,8,6.0,3
classic_baseline,8,6.0,6
classic_baseline,8,6.0,5
classic_baseline,8,7.0,1
classic_baseline,8,7.0,3
classic_baseline,8,7.0,6
classic_baseline,8,7.0,3
classic_baseline,8,7.0,4
classic_baseline,8,8.0,5
classic_baseline,8,8.0,5
classic_baseline,8,8.0,4
classic_baseline,8,8.0,2
classic_baseline,8,8.0,4
classic_baseline,8,9.0,2
classic_baseline,8,9.0,2
classic_baseline,8,9.0,9
classic_baseline,8,9.0,4
classic_baseline,8,9.0,2
classic_baseline,8,10.0,4
classic_baseline,8,10.0,1
classic_baseline,8,10.0,3
classic_baseline,8,10.0,4
classic_baseline,8,10.0,2
classic_baseline,8,11.0,3
classic_baseline,8,11.0,1
classic_baseline,8,11.0,5
classic_baseline,8,11.0,1
classic_baseline,8,11.0,2
classic_baseline,8,12.0,4
classic_baseline,8,12.0,2
classic_baseline,8,12.0,7
classic_baseline,8,12.0,1
classic_baseline,8,12.0,2
classic_baseline,8,13.0,4
classic_baseline,8,13.0,2
classic_baseline,8,13.0,4
classic_baseline,8,13.0,5
classic_baseline,8,13.0,2
classic_baseline,8,14.0,2
classic_baseline,8,14.0,5
classic_baseline,8,14.0,2
classic_baseline,8,14.0,3
classic_baseline,8,14.0,4
classic_baseline,8,15.0,6
classic_baseline,8,15.0,4
classic_baseline,8,15.0,7
classic_baseline,8,15.0,4
classic_baseline,8,15.0,6
classic_baseline,8,16.0,4
classic_baseline,8,16.0,4
classic_baseline,8,16.0,2
classic_baseline,8,16.0,3
classic_baseline,8,16.0,6
classic_baseline,8,17.0,4
classic_baseline,8,17.0,1
classic_baseline,8,17.0,1
classic_baseline,8,17.0,4
classic_baseline,8,17.0,7
classic_baseline,8,18.0,2
classic_baseline,8,18.0,3
classic_baseline,8,18.0,3
classic_baseline,8,18.0,2
classic_baseline,8,18.0,4
classic_baseline,8,19.0,3
classic_baseline,8,19.0,3
classic_baseline,8,19.0,1
classic_baseline,8,19.0,5
classic_baseline,8,19.0,6
classic_baseline,8,20.0,3
classic_baseline,8,20.0,6
classic_baseline,8,20.0,1
classic_baseline,8,20.0,2
classic_baseline,8,20.0,3
classic_baseline,8,21.0,8
classic_baseline,8,21.0,2
classic_baseline,8,21.0,4
classic_baseline,8,21.0,4
classic_baseline,8,21.0,4
classic_baseline,8,22.0,5
classic_baseline,8,22.0,6
classic_baseline,8,22.0,3
classic_baseline,8,22.0,1
classic_baseline,8,22.0,3
classic_baseline,8,23.0,2
classic_baseline,8,23.0,3
classic_baseline,8,23.0,3
classic_baseline,8,23.0,4
classic_baseline,8,23.0,5
classic_baseline,8,24.0,4
classic_baseline,8,24.0,5
classic_baseline,8,24.0,2
classic_baseline,8,24.0,3
classic_baseline,8,24.0,4
classic_baseline,8,25.0,3
classic_baseline,8,25.0,2
classic_baseline,8,25.0,3
classic_baseline,8,25.0,1
classic_baseline,8,25.0,2
classic_baseline,8,26.0,1
classic_baseline,8,26.0,4
classic_baseline,8,26.0,3
classic_baseline,8,26.0,2
classic_baseline,8,26.0,2
classic_baseline,8,27.0,2
classic_baseline,8,27.0,2
classic_baseline,8,27.0,5
classic_baseline,8,27.0,3
classic_baseline,8,27.0,6
classic_baseline,8,28.0,6
classic_baseline,8,28.0,2
classic_baseline,8,28.0,2
classic_baseline,8,28.0,4
classic_baseline,8,28.0,6
classic_baseline,8,29.0,5
classic_baseline,8,29.0,7
classic_baseline,8,29.0,4
classic_baseline,8,29.0,4
classic_baseline,8,29.0,6
classic_baseline,8,30.0,4
classic_baseline,8,30.0,1
classic_baseline,8,30.0,4
classic_baseline,8,30.0,6
classic_baseline,8,30.0,7
classic_baseline,8,31.0,4
classic_baseline,8,31.0,3
classic_baseline,8,31.0,8
classic_baseline,8,31.0,5
classic_baseline,8,31.0,5
classic_baseline,8,32.0,5
classic_baseline,8,32.0,2
classic_baseline,8,32.0,5
classic_baseline,8,32.0,8
classic_baseline,8,32.0,7
classic_baseline,8,33.0,2
classic_baseline,8,33.0,6
classic_baseline,8,33.0,8
classic_baseline,8,33.0,3
classic_baseline,8,33.0,4
classic_baseline,8,34.0,3
classic_baseline,8,34.0,4
classic_baseline,8,34.0,3
classic_baseline,8,34.0,4
classic_baseline,8,34.0,4
classic_baseline,8,35.0,5
classic_baseline,8,35.0,2
classic_baseline,8,35.0,2
classic_baseline,8,35.0,5
classic_baseline,8,35.0,6
classic_baseline,8,36.0,7
classic_baseline,8,36.0,2
classic_baseline,8,36.0,4
classic_baseline,8,36.0,3
classic_baseline,8,36.0,5
classic_baseline,8,37.0,7
classic_baseline,8,37.0,4
classic_baseline,8,37.0,3
classic_baseline,8,37.0,7
classic_baseline,8,37.0,5
classic_baseline,8,38.0,3
classic_baseline,8,38.0,7
classic_baseline,8,38.0,4
classic_baseline,8,38.0,4
classic_baseline,8,38.0,3
classic_baseline,8,39.0,2
classic_baseline,8,39.0,7
classic_baseline,8,39.0,6
classic_baseline,8,39.0,7
classic_baseline,8,39.0,2
classic_baseline,8,40.0,6
classic_baseline,8,40.0,2
classic_baseline,8,40.0,3
classic_baseline,8,40.0,7
classic_baseline,8,40.0,1
classic_baseline,8,41.0,6
classic_baseline,8,41.0,2
classic_baseline,8,41.0,6
classic_baseline,8,41.0,3
classic_baseline,8,41.0,2
classic_baseline,8,42.0,6
classic_baseline,8,42.0,2
classic_baseline,8,42.0,3
classic_baseline,8,42.0,2
classic_baseline,8,42.0,5
classic_baseline,8,43.0,6
classic_baseline,8,43.0,5
classic_baseline,8,43.0,6
classic_baseline,8,43.0,4
classic_baseline,8,43.0,3
classic_baseline,8,44.0,6
classic_baseline,8,44.0,3
classic_baseline,8,44.0,7
classic_baseline,8,44.0,2
classic_baseline,8,44.0,3
classic_baseline,8,45.0,5
classic_baseline,8,45.0,5
classic_baseline,8,45.0,2
classic_baseline,8,45.0,6
classic_baseline,8,45.0,3
classic_baseline,8,46.0,5
classic_baseline,8,46.0,6
classic_baseline,8,46.0,2
classic_baseline,8,46.0,4
classic_baseline,8,46.0,4
classic_baseline,8,47.0,2
classic_baseline,8,47.0,2
classic_baseline,8,47.0,4
classic_baseline,8,47.0,2
classic_baseline,8,47.0,5
classic_baseline,8,48.0,7
classic_baseline,8,48.0,1
classic_baseline,8,48.0,4
classic_baseline,8,48.0,7
classic_baseline,8,48.0,8
classic_baseline,8,49.0,2
classic_baseline,8,49.0,3
classic_baseline,8,49.0,7
classic_baseline,8,49.0,5
classic_baseline,8,49.0,5
classic_baseline,8,50.0,6
classic_baseline,8,50.0,2
classic_baseline,8,50.0,4
classic_baseline,8,50.0,5
classic_baseline,8,50.0,2
classic_baseline,8,51.0,4
classic_baseline,8,51.0,3
classic_baseline,8,51.0,3
classic_baseline,8,51.0,4
classic_baseline,8,51.0,6
classic_baseline,8,52.0,3
classic_baseline,8,52.0,6
classic_baseline,8,52.0,1
classic_baseline,8,52.0,4
classic_baseline,8,52.0,2
classic_baseline,8,53.0,5
classic_baseline,8,53.0,4
classic_baseline,8,53.0,3
classic_baseline,8,53.0,7
classic_baseline,8,53.0,3
classic_baseline,8,54.0,5
classic_baseline,8,54.0,7
classic_baseline,8,54.0,5
classic_baseline,8,54.0,2
classic_baseline,8,54.0,5
classic_baseline,8,55.0,1
classic_baseline,8,55.0,3
classic_baseline,8,55.0,7
classic_baseline,8,55.0,3
classic_baseline,8,55.0,5
classic_baseline,8,56.0,5
classic_baseline,8,56.0,4
classic_baseline,8,56.0,2
classic_baseline,8,56.0,6
classic_baseline,8,56.0,3
classic_baseline,8,57.0,2
classic_baseline,8,57.0,2
classic_baseline,8,57.0,4
classic_baseline,8,57.0,4
classic_baseline,8,57.0,3
classic_baseline,8,58.0,4
classic_baseline,8,58.0,8
classic_baseline,8,58.0,4
classic_baseline,8,58.0,4
classic_baseline,8,58.0,4
classic_baseline,8,59.0,4
classic_baseline,8,59.0,3
classic_baseline,8,59.0,6
classic_baseline,8,59.0,6
classic_baseline,8,59.0,3
classic_baseline,8,60.0,3
classic_baseline,8,60.0,7
classic_baseline,8,60.0,3
classic_baseline,8,60.0,3
classic_baseline,8,60.0,4
classic_baseline,8,61.0,5
classic_baseline,8,61.0,3
classic_baseline,8,61.0,2
classic_baseline,8,61.0,3
classic_baseline,8,61.0,5
classic_baseline,8,62.0,4
classic_baseline,8,62.0,9
classic_baseline,8,62.0,1
classic_baseline,8,62.0,5
classic_baseline,8,62.0,2
classic_baseline,8,63.0,1
classic_baseline,8,63.0,2
classic_baseline,8,63.0,2
classic_baseline,8,63.0,3
classic_baseline,8,63.0,6
classic_baseline,8,64.0,5
classic_baseline,8,64.0,5
classic_baseline,8,64.0,4
classic_baseline,8,64.0,7
classic_baseline,8,64.0,2
classic_baseline,8,65.0,2
classic_baseline,8,65.0,3
classic_baseline,8,65.0,5
classic_baseline,8,65.0,4
classic_baseline,8,65.0,3
classic_baseline,8,66.0,5
classic_baseline,8,66.0,4
classic_baseline,8,66.0,5
classic_baseline,8,66.0,4
classic_baseline,8,66.0,8
classic_baseline,8,67.0,5
classic_baseline,8,67.0,5
classic_baseline,8,67.0,8
classic_baseline,8,67.0,2
classic_baseline,8,67.0,3
classic_baseline,8,68.0,2
classic_baseline,8,68.0,5
classic_baseline,8,68.0,5
classic_baseline,8,68.0,2
classic_baseline,8,68.0,4
classic_baseline,8,69.0,7
classic_baseline,8,69.0,1
classic_baseline,8,69.0,4
classic_baseline,8,69.0,1
classic_baseline,8,69.0,3
classic_baseline,8,70.0,2
classic_baseline,8,70.0,4
classic_baseline,8,70.0,4
classic_baseline,8,70.0,5
classic_baseline,8,70.0,4
classic_baseline,8,71.0,4
classic_baseline,8,71.0,5
classic_baseline,8,71.0,5
classic_baseline,8,71.0,4
classic_baseline,8,71.0,4
classic_baseline,8,72.0,6
classic_baseline,8,72.0,6
classic_baseline,8,72.0,2
classic_baseline,8,72.0,2
classic_baseline,8,72.0,6
classic_baseline,8,73.0,1
classic_baseline,8,73.0,6
classic_baseline,8,73.0,2
classic_baseline,8,73.0,7
classic_baseline,8,73.0,7
classic_baseline,8,74.0,3
classic_baseline,8,74.0,6
classic_baseline,8,74.0,3
classic_baseline,8,74.0,4
classic_baseline,8,74.0,2
classic_baseline,8,75.0,8
classic_baseline,8,75.0,6
classic_baseline,8,75.0,4
classic_baseline,8,75.0,6
classic_baseline,8,75.0,5
classic_baseline,8,76.0,2
classic_baseline,8,76.0,6
classic_baseline,8,76.0,7
classic_baseline,8,76.0,9
classic_baseline,8,76.0,3
classic_baseline,8,77.0,6
classic_baseline,8,77.0,6
classic_baseline,8,77.0,2
classic_baseline,8,77.0,2
classic_baseline,8,77.0,3
classic_baseline,8,78.0,1
classic_baseline,8,78.0,1
classic_baseline,8,78.0,3
classic_baseline,8,78.0,5
classic_baseline,8,78.0,3
classic_baseline,8,79.0,8
classic_baseline,8,79.0,2
classic_baseline,8,79.0,6
classic_baseline,8,79.0,3
classic_baseline,8,79.0,4
classic_baseline,8,80.0,7
classic_baseline,8,80.0,4
classic_baseline,8,80.0,3
classic_baseline,8,80.0,3
classic_baseline,8,80.0,3
classic_baseline,8,81.0,1
classic_baseline,8,81.0,4
classic_baseline,8,81.0,4
classic_baseline,8,81.0,3
classic_baseline,8,81.0,3
classic_baseline,8,82.0,4
classic_baseline,8,82.0,8
classic_baseline,8,82.0,2
classic_baseline,8,82.0,4
classic_baseline,8,82.0,3
classic_baseline,8,83.0,6
classic_baseline,8,83.0,5
classic_baseline,8,83.0,1
classic_baseline,8,83.0,2
classic_baseline,8,83.0,2
classic_baseline,8,84.0,5
classic_baseline,8,84.0,7
classic_baseline,8,84.0,1
classic_baseline,8,84.0,7
classic_baseline,8,84.0,6
classic_baseline,8,85.0,6
classic_baseline,8,85.0,5
classic_baseline,8,85.0,1
classic_baseline,8,85.0,6
classic_baseline,8,85.0,4
classic_baseline,8,86.0,5
classic_baseline,8,86.0,8
classic_baseline,8,86.0,3
classic_baseline,8,86.0,8
classic_baseline,8,86.0,4
classic_baseline,8,87.0,3
classic_baseline,8,87.0,5
classic_baseline,8,87.0,4
classic_baseline,8,87.0,6
classic_baseline,8,87.0,5
classic_baseline,8,88.0,3
classic_baseline,8,88.0,3
classic_baseline,8,88.0,7
classic_baseline,8,88.0,4
classic_baseline,8,88.0,2
classic_baseline,8,89.0,5
classic_baseline,8,89.0,3
classic_baseline,8,89.0,8
classic_baseline,8,89.0,2
classic_baseline,8,89.0,6
classic_baseline,8,90.0,5
classic_baseline,8,90.0,1
classic_baseline,8,90.0,4
classic_baseline,8,90.0,4
classic_baseline,8,90.0,1
classic_baseline,8,91.0,4
classic_baseline,8,91.0,3
classic_baseline,8,91.0,5
classic_baseline,8,91.0,2
classic_baseline,8,91.0,2
classic_baseline,8,92.0,3
classic_baseline,8,92.0,2
classic_baseline,8,92.0,4
classic_baseline,8,92.0,3
classic_baseline,8,92.0,2
classic_baseline,8,93.0,2
classic_baseline,8,93.0,3
classic_baseline,8,93.0,5
classic_baseline,8,93.0,6
classic_baseline,8,93.0,4
classic_baseline,8,94.0,5
classic_baseline,8,94.0,4
classic_baseline,8,94.0,5
classic_baseline,8,94.0,4
classic_baseline,8,94.0,5
classic_baseline,8,95.0,4
classic_baseline,8,95.0,6
classic_baseline,8,95.0,2
classic_baseline,8,95.0,8
classic_baseline,8,95.0,3
classic_baseline,8,96.0,4
classic_baseline,8,96.0,3
classic_baseline,8,96.0,4
classic_baseline,8,96.0,2
classic_baseline,8,96.0,3
classic_baseline,8,97.0,3
classic_baseline,8,97.0,4
classic_baseline,8,97.0,5
classic_baseline,8,97.0,4
classic_baseline,8,97.0,1
classic_baseline,8,98.0,3
classic_baseline,8,98.0,1
classic_baseline,8,98.0,2
classic_baseline,8,98.0,8
classic_baseline,8,98.0,3
classic_baseline,8,99.0,5
classic_baseline,8,99.0,4
classic_baseline,8,99.0,4
classic_baseline,8,99.0,2
classic_baseline,8,99.0,4
classic_baseline,8,100.0,6
classic_baseline,8,100.0,5
classic_baseline,8,100.0,5
classic_baseline,8,100.0,3
classic_baseline,8,100.0,4
classic_baseline,8,101.0,6
classic_baseline,8,101.0,3
classic_baseline,8,101.0,3
classic_baseline,8,101.0,4
classic_baseline,8,101.0,8
classic_baseline,8,102.0,5
classic_baseline,8,102.0,3
classic_baseline,8,102.0,4
classic_baseline,8,102.0,6
classic_baseline,8,102.0,1
classic_baseline,8,103.0,1
classic_baseline,8,103.0,6
classic_baseline,8,103.0,4
classic_baseline,8,103.0,5
classic_baseline,8,103.0,5
classic_baseline,8,104.0,2
classic_baseline,8,104.0,8
classic_baseline,8,104.0,5
classic_baseline,8,104.0,3
classic_baseline,8,104.0,7
classic_baseline,8,105.0,5
classic_baseline,8,105.0,5
classic_baseline,8,105.0,9
classic_baseline,8,105.0,4
classic_baseline,8,105.0,5
classic_baseline,8,106.0,4
classic_baseline,8,106.0,4
classic_baseline,8,106.0,3
classic_baseline,8,106.0,5
classic_baseline,8,106.0,1
classic_baseline,8,107.0,4
classic_baseline,8,107.0,8
classic_baseline,8,107.0,4
classic_baseline,8,107.0,6
classic_baseline,8,107.0,4
classic_baseline,8,108.0,6
classic_baseline,8,108.0,3
classic_baseline,8,108.0,5
classic_baseline,8,108.0,5
classic_baseline,8,108.0,6
classic_baseline,8,109.0,2
classic_baseline,8,109.0,4
classic_baseline,8,109.0,6
classic_baseline,8,109.0,9
classic_baseline,8,109.0,7
classic_baseline,8,110.0,5
classic_baseline,8,110.0,1
classic_baseline,8,110.0,6
classic_baseline,8,110.0,4
classic_baseline,8,110.0,5
classic_baseline,8,111.0,6
classic_baseline,8,111.0,4
classic_baseline,8,111.0,3
classic_baseline,8,111.0,6
classic_baseline,8,111.0,5
classic_baseline,8,112.0,4
classic_baseline,8,112.0,9
classic_baseline,8,112.0,5
classic_baseline,8,112.0,7
classic_baseline,8,112.0,5
classic_baseline,8,113.0,5
classic_baseline,8,113.0,5
classic_baseline,8,113.0,1
classic_baseline,8,113.0,5
classic_baseline,8,113.0,8
classic_baseline,8,114.0,2
classic_baseline,8,114.0,2
classic_baseline,8,114.0,5
classic_baseline,8,114.0,3
classic_baseline,8,114.0,1
classic_baseline,8,115.0,4
classic_baseline,8,115.0,5
classic_baseline,8,115.0,2
classic_baseline,8,115.0,6
classic_baseline,8,115.0,3
classic_baseline,8,116.0,3
classic_baseline,8,116.0,5
classic_baseline,8,116.0,5
classic_baseline,8,116.0,3
classic_baseline,8,116.0,3
classic_baseline,8,117.0,5
classic_baseline,8,117.0,4
classic_baseline,8,117.0,5
classic_baseline,8,117.0,5
classic_baseline,8,117.0,2
classic_baseline,8,118.0,4
classic_baseline,8,118.0,5
classic_baseline,8,118.0,4
classic_baseline,8,118.0,7
classic_baseline,8,118.0,2
classic_baseline,8,119.0,1
classic_baseline,8,119.0,3
classic_baseline,8,119.0,4
classic_baseline,8,119.0,1
classic_baseline,8,119.0,1
classic_baseline,8,120.0,5
classic_baseline,8,120.0,8
classic_baseline,8,120.0,5
classic_baseline,8,120.0,8
classic_baseline,8,120.0,5
classic_baseline,8,121.0,7
classic_baseline,8,121.0,9
classic_baseline,8,121.0,4
classic_baseline,8,121.0,5
classic_baseline,8,121.0,4
classic_baseline,8,122.0,7
classic_baseline,8,122.0,7
classic_baseline,8,122.0,2
classic_baseline,8,122.0,3
classic_baseline,8,122.0,5
classic_baseline,8,123.0,2
classic_baseline,8,123.0,4
classic_baseline,8,123.0,1
classic_baseline,8,123.0,7
classic_baseline,8,123.0,5
classic_baseline,8,124.0,1
classic_baseline,8,124.0,5
classic_baseline,8,124.0,1
classic_baseline,8,124.0,4
classic_baseline,8,124.0,8
classic_baseline,8,125.0,2
classic_baseline,8,125.0,3
classic_baseline,8,125.0,4
classic_baseline,8,125.0,5
classic_baseline,8,125.0,3
classic_baseline,8,126.0,5
classic_baseline,8,126.0,5
classic_baseline,8,126.0,3
classic_baseline,8,126.0,2
classic_baseline,8,126.0,6
classic_baseline,8,127.0,3
classic_baseline,8,127.0,4
classic_baseline,8,127.0,5
classic_baseline,8,127.0,6
classic_baseline,8,127.0,2
classic_baseline,8,128.0,5
classic_baseline,8,128.0,3
classic_baseline,8,128.0,2
classic_baseline,8,128.0,4
classic_baseline,8,128.0,3
classic_baseline,8,129.0,6
classic_baseline,8,129.0,5
classic_baseline,8,129.0,3
classic_baseline,8,129.0,6
classic_baseline,8,129.0,2
classic_baseline,8,130.0,1
classic_baseline,8,130.0,5
classic_baseline,8,130.0,3
classic_baseline,8,130.0,2
classic_baseline,8,130.0,5
classic_baseline,8,131.0,5
classic_baseline,8,131.0,5
classic_baseline,8,131.0,6
classic_baseline,8,131.0,4
classic_baseline,8,131.0,1
classic_baseline,8,132.0,4
classic_baseline,8,132.0,3
classic_baseline,8,132.0,4
classic_baseline,8,132.0,2
classic_baseline,8,132.0,5
classic_baseline,8,133.0,1
classic_baseline,8,133.0,4
classic_baseline,8,133.0,7
classic_baseline,8,133.0,1
classic_baseline,8,133.0,3
classic_baseline,8,134.0,4
classic_baseline,8,134.0,2
classic_baseline,8,134.0,1
classic_baseline,8,134.0,10
classic_baseline,8,134.0,4
classic_baseline,8,135.0,3
classic_baseline,8,135.0,9
classic_baseline,8,135.0,4
classic_baseline,8,135.0,5
classic_baseline,8,135.0,3
classic_baseline,8,136.0,3
classic_baseline,8,136.0,2
classic_baseline,8,136.0,3
classic_baseline,8,136.0,9
classic_baseline,8,136.0,1
classic_baseline,8,137.0,5
classic_baseline,8,137.0,3
classic_baseline,8,137.0,3
classic_baseline,8,137.0,3
classic_baseline,8,137.0,5
classic_baseline,8,138.0,6
classic_baseline,8,138.0,1
classic_baseline,8,138.0,4
classic_baseline,8,138.0,6
classic_baseline,8,138.0,6
classic_baseline,8,139.0,8
classic_baseline,8,139.0,4
classic_baseline,8,139.0,2
classic_baseline,8,139.0,1
classic_baseline,8,139.0,4
classic_baseline,8,140.0,3
classic_baseline,8,140.0,7
classic_baseline,8,140.0,6
classic_baseline,8,140.0,2
classic_baseline,8,140.0,4
classic_baseline,8,141.0,6
classic_baseline,8,141.0,5
classic_baseline,8,141.0,6
classic_baseline,8,141.0,3
classic_baseline,8,141.0,7
classic_baseline,8,142.0,3
classic_baseline,8,142.0,1
classic_baseline,8,142.0,3
classic_baseline,8,142.0,6
classic_baseline,8,142.0,4
classic_baseline,8,143.0,7
classic_baseline,8,143.0,4
classic_baseline,8,143.0,4
classic_baseline,8,143.0,1
classic_baseline,8,143.0,6
classic_baseline,8,144.0,7
classic_baseline,8,144.0,4
classic_baseline,8,144.0,5
classic_baseline,8,144.0,1
classic_baseline,8,144.0,6
classic_baseline,8,145.0,6
classic_baseline,8,145.0,2
classic_baseline,8,145.0,5
classic_baseline,8,145.0,7
classic_baseline,8,145.0,5
classic_baseline,8,146.0,3
classic_baseline,8,146.0,1
classic_baseline,8,146.0,3
classic_baseline,8,146.0,7
classic_baseline,8,146.0,4
classic_baseline,8,147.0,4
classic_baseline,8,147.0,6
classic_baseline,8,147.0,6
classic_baseline,8,147.0,5
classic_baseline,8,147.0,3
classic_baseline,8,148.0,6
classic_baseline,8,148.0,4
classic_baseline,8,148.0,5
classic_baseline,8,148.0,6
classic_baseline,8,148.0,5
classic_baseline,8,149.0,1
classic_baseline,8,149.0,2
classic_baseline,8,149.0,5
classic_baseline,8,149.0,7
classic_baseline,8,149.0,4
classic_baseline,8,150.0,2
classic_baseline,8,150.0,3
classic_baseline,8,150.0,2
classic_baseline,8,150.0,5
classic_baseline,8,150.0,2
classic_baseline,8,151.0,5
classic_baseline,8,151.0,3
classic_baseline,8,151.0,7
classic_baseline,8,151.0,7
classic_baseline,8,151.0,6
classic_baseline,8,152.0,4
classic_baseline,8,152.0,5
classic_baseline,8,152.0,3
classic_baseline,8,152.0,6
classic_baseline,8,152.0,1
classic_baseline,8,153.0,2
classic_baseline,8,153.0,6
classic_baseline,8,153.0,1
classic_baseline,8,153.0,1
classic_baseline,8,153.0,9
classic_baseline,8,154.0,7
classic_baseline,8,154.0,7
classic_baseline,8,154.0,2
classic_baseline,8,154.0,6
classic_baseline,8,154.0,7
classic_baseline,8,155.0,2
classic_baseline,8,155.0,4
classic_baseline,8,155.0,1
classic_baseline,8,155.0,7
classic_baseline,8,155.0,5
classic_baseline,8,156.0,7
classic_baseline,8,156.0,5
classic_baseline,8,156.0,1
classic_baseline,8,156.0,9
classic_baseline,8,156.0,5
classic_baseline,8,157.0,1
classic_baseline,8,157.0,2
classic_baseline,8,157.0,6
classic_baseline,8,157.0,2
classic_baseline,8,157.0,3
classic_baseline,8,158.0,5
classic_baseline,8,158.0,3
classic_baseline,8,158.0,5
classic_baseline,8,158.0,3
classic_baseline,8,158.0,2
classic_baseline,8,159.0,6
classic_baseline,8,159.0,6
classic_baseline,8,159.0,5
classic_baseline,8,159.0,5
classic_baseline,8,159.0,6
classic_baseline,8,160.0,6
classic_baseline,8,160.0,5
classic_baseline,8,160.0,2
classic_baseline,8,160.0,4
classic_baseline,8,160.0,8
classic_baseline,8,161.0,3
classic_baseline,8,161.0,6
classic_baseline,8,161.0,3
classic_baseline,8,161.0,9
classic_baseline,8,161.0,2
classic_baseline,8,162.0,2
classic_baseline,8,162.0,2
classic_baseline,8,162.0,7
classic_baseline,8,162.0,6
classic_baseline,8,162.0,5
classic_baseline,8,163.0,3
classic_baseline,8,163.0,4
classic_baseline,8,163.0,6
classic_baseline,8,163.0,5
classic_baseline,8,163.0,4
classic_baseline,8,164.0,4
classic_baseline,8,164.0,5
classic_baseline,8,164.0,4
classic_baseline,8,164.0,3
classic_baseline,8,164.0,7
classic_baseline,8,165.0,3
classic_baseline,8,165.0,3
classic_baseline,8,165.0,7
classic_baseline,8,165.0,3
classic_baseline,8,165.0,6
classic_baseline,8,166.0,3
classic_baseline,8,166.0,7
classic_baseline,8,166.0,2
classic_baseline,8,166.0,2
classic_baseline,8,166.0,1
classic_baseline,8,167.0,2
classic_baseline,8,167.0,1
classic_baseline,8,167.0,5
classic_baseline,8,167.0,4
classic_baseline,8,167.0,5
classic_baseline,8,168.0,2
classic_baseline,8,168.0,6
classic_baseline,8,168.0,4
classic_baseline,8,168.0,7
classic_baseline,8,168.0,2
classic_baseline,8,169.0,5
classic_baseline,8,169.0,5
classic_baseline,8,169.0,1
classic_baseline,8,169.0,2
classic_baseline,8,169.0,6
classic_baseline,8,170.0,1
classic_baseline,8,170.0,9
classic_baseline,8,170.0,7
classic_baseline,8,170.0,8
classic_baseline,8,170.0,3
classic_baseline,8,171.0,3
classic_baseline,8,171.0,7
classic_baseline,8,171.0,9
classic_baseline,8,171.0,6
classic_baseline,8,171.0,11
classic_baseline,8,172.0,5
classic_baseline,8,172.0,4
classic_baseline,8,172.0,6
classic_baseline,8,172.0,6
classic_baseline,8,172.0,5
classic_baseline,8,173.0,8
classic_baseline,8,173.0,9
classic_baseline,8,173.0,9
classic_baseline,8,173.0,1
classic_baseline,8,173.0,5
classic_baseline,8,174.0,7
classic_baseline,8,174.0,6
classic_baseline,8,174.0,1
classic_baseline,8,174.0,3
classic_baseline,8,174.0,4
classic_baseline,8,175.0,3
classic_baseline,8,175.0,4
classic_baseline,8,175.0,7
classic_baseline,8,175.0,7
classic_baseline,8,175.0,6
classic_baseline,8,176.0,4
classic_baseline,8,176.0,5
classic_baseline,8,176.0,7
classic_baseline,8,176.0,5
classic_baseline,8,176.0,6
classic_baseline,8,177.0,3
classic_baseline,8,177.0,7
classic_baseline,8,177.0,8
classic_baseline,8,177.0,8
classic_baseline,8,177.0,1
classic_baseline,8,178.0,3
classic_baseline,8,178.0,6
classic_baseline,8,178.0,3
classic_baseline,8,178.0,2
classic_baseline,8,178.0,6
classic_baseline,8,179.0,3
classic_baseline,8,179.0,7
classic_baseline,8,179.0,4
classic_baseline,8,179.0,11
classic_baseline,8,179.0,1
classic_baseline,8,180.0,4
classic_baseline,8,180.0,7
classic_baseline,8,180.0,5
classic_baseline,8,180.0,5
classic_baseline,8,180.0,6
classic_baseline,8,181.0,4
classic_baseline,8,181.0,3
classic_baseline,8,181.0,2
classic_baseline,8,181.0,5
classic_baseline,8,181.0,7
classic_baseline,8,182.0,7
classic_baseline,8,182.0,6
classic_baseline,8,182.0,4
classic_baseline,8,182.0,7
classic_baseline,8,182.0,6
classic_baseline,8,183.0,3
classic_baseline,8,183.0,3
classic_baseline,8,183.0,9
classic_baseline,8,183.0,3
classic_baseline,8,183.0,1
classic_baseline,8,184.0,5
classic_baseline,8,184.0,5
classic_baseline,8,184.0,5
classic_baseline,8,184.0,1
classic_baseline,8,184.0,2
classic_baseline,8,185.0,7
classic_baseline,8,185.0,1
classic_baseline,8,185.0,2
classic_baseline,8,185.0,9
classic_baseline,8,185.0,5
classic_baseline,8,186.0,2
classic_baseline,8,186.0,2
classic_baseline,8,186.0,3
classic_baseline,8,186.0,1
classic_baseline,8,186.0,8
classic_baseline,8,187.0,2
classic_baseline,8,187.0,5
classic_baseline,8,187.0,8
classic_baseline,8,187.0,4
classic_baseline,8,187.0,4
classic_baseline,8,188.0,9
classic_baseline,8,188.0,3
classic_baseline,8,188.0,6
classic_baseline,8,188.0,6
classic_baseline,8,188.0,2
classic_baseline,8,189.0,9
classic_baseline,8,189.0,2
classic_baseline,8,189.0,1
classic_baseline,8,189.0,1
classic_baseline,8,189.0,4
classic_baseline,8,190.0,1
classic_baseline,8,190.0,1
classic_baseline,8,190.0,2
classic_baseline,8,190.0,5
classic_baseline,8,190.0,5
classic_baseline,8,191.0,2
classic_baseline,8,191.0,6
classic_baseline,8,191.0,6
classic_baseline,8,191.0,6
classic_baseline,8,191.0,3
classic_baseline,8,192.0,5
classic_baseline,8,192.0,6
classic_baseline,8,192.0,3
classic_baseline,8,192.0,3
classic_baseline,8,192.0,3
classic_baseline,8,193.0,5
classic_baseline,8,193.0,3
classic_baseline,8,193.0,6
classic_baseline,8,193.0,1
classic_baseline,8,193.0,4
classic_baseline,8,194.0,4
classic_baseline,8,194.0,9
classic_baseline,8,194.0,7
classic_baseline,8,194.0,1
classic_baseline,8,194.0,2
classic_baseline,8,195.0,4
classic_baseline,8,195.0,1
classic_baseline,8,195.0,3
classic_baseline,8,195.0,4
classic_baseline,8,195.0,6
classic_baseline,8,196.0,6
classic_baseline,8,196.0,6
classic_baseline,8,196.0,5
classic_baseline,8,196.0,5
classic_baseline,8,196.0,4
classic_baseline,8,197.0,3
classic_baseline,8,197.0,4
classic_baseline,8,197.0,4
classic_baseline,8,197.0,5
classic_baseline,8,197.0,7
classic_baseline,8,198.0,8
classic_baseline,8,198.0,6
classic_baseline,8,198.0,5
classic_baseline,8,198.0,4
classic_baseline,8,198.0,8
classic_baseline,8,199.0,6
classic_baseline,8,199.0,2
classic_baseline,8,199.0,9
classic_baseline,8,199.0,3
classic_baseline,8,199.0,1
classic_baseline,8,200.0,4
classic_baseline,8,200.0,5
classic_baseline,8,200.0,4
classic_baseline,8,200.0,7
classic_baseline,8,200.0,2
classic_baseline,8,201.0,1
classic_baseline,8,201.0,4
classic_baseline,8,201.0,4
classic_baseline,8,201.0,3
classic_baseline,8,201.0,3
classic_baseline,8,202.0,1
classic_baseline,8,202.0,2
classic_baseline,8,202.0,2
classic_baseline,8,202.0,6
classic_baseline,8,202.0,5
classic_baseline,8,203.0,3
classic_baseline,8,203.0,7
classic_baseline,8,203.0,7
classic_baseline,8,203.0,1
classic_baseline,8,203.0,6
classic_baseline,8,204.0,6
classic_baseline,8,204.0,3
classic_baseline,8,204.0,8
classic_baseline,8,204.0,7
classic_baseline,8,204.0,4
classic_baseline,8,205.0,6
classic_baseline,8,205.0,7
classic_baseline,8,205.0,8
classic_baseline,8,205.0,4
classic_baseline,8,205.0,3
classic_baseline,8,206.0,3
classic_baseline,8,206.0,5
classic_baseline,8,206.0,2
classic_baseline,8,206.0,4
classic_baseline,8,206.0,7
classic_baseline,8,207.0,5
classic_baseline,8,207.0,7
classic_baseline,8,207.0,3
classic_baseline,8,207.0,3
classic_baseline,8,207.0,3
classic_baseline,8,208.0,5
classic_baseline,8,208.0,6
classic_baseline,8,208.0,2
classic_baseline,8,208.0,3
classic_baseline,8,208.0,4
classic_baseline,8,209.0,3
classic_baseline,8,209.0,7
classic_baseline,8,209.0,9
classic_baseline,8,209.0,6
classic_baseline,8,209.0,4
classic_baseline,8,210.0,5
classic_baseline,8,210.0,5
classic_baseline,8,210.0,3
classic_baseline,8,210.0,4
classic_baseline,8,210.0,4
classic_baseline,8,211.0,6
classic_baseline,8,211.0,4
classic_baseline,8,211.0,3
classic_baseline,8,211.0,5
classic_baseline,8,211.0,3
classic_baseline,8,212.0,5
classic_baseline,8,212.0,6
classic_baseline,8,212.0,3
classic_baseline,8,212.0,6
classic_baseline,8,212.0,7
classic_baseline,8,213.0,3
classic_baseline,8,213.0,8
classic_baseline,8,213.0,2
classic_baseline,8,213.0,4
classic_baseline,8,213.0,2
classic_baseline,8,214.0,7
classic_baseline,8,214.0,6
classic_baseline,8,214.0,2
classic_baseline,8,214.0,6
classic_baseline,8,214.0,2
classic_baseline,8,215.0,7
classic_baseline,8,215.0,7
classic_baseline,8,215.0,5
classic_baseline,8,215.0,2
classic_baseline,8,215.0,4
classic_baseline,8,216.0,5
classic_baseline,8,216.0,3
classic_baseline,8,216.0,1
classic_baseline,8,216.0,7
classic_baseline,8,216.0,7
classic_baseline,8,217.0,6
classic_baseline,8,217.0,6
classic_baseline,8,217.0,7
classic_baseline,8,217.0,6
classic_baseline,8,217.0,5
classic_baseline,8,218.0,3
classic_baseline,8,218.0,4
classic_baseline,8,218.0,2
classic_baseline,8,218.0,3
classic_baseline,8,218.0,6
classic_baseline,8,219.0,7
classic_baseline,8,219.0,3
classic_baseline,8,219.0,5
classic_baseline,8,219.0,5
classic_baseline,8,219.0,3
classic_baseline,8,220.0,1
classic_baseline,8,220.0,5
classic_baseline,8,220.0,7
classic_baseline,8,220.0,7
classic_baseline,8,220.0,4
classic_baseline,8,221.0,3
classic_baseline,8,221.0,2
classic_baseline,8,221.0,3
classic_baseline,8,221.0,5
classic_baseline,8,221.0,2
classic_baseline,8,222.0,4
classic_baseline,8,222.0,2
classic_baseline,8,222.0,8
classic_baseline,8,222.0,9
classic_baseline,8,222.0,1
classic_baseline,8,223.0,7
classic_baseline,8,223.0,5
classic_baseline,8,223.0,2
classic_baseline,8,223.0,6
classic_baseline,8,223.0,2
classic_baseline,8,224.0,1
classic_baseline,8,224.0,6
classic_baseline,8,224.0,5
classic_baseline,8,224.0,7
classic_baseline,8,224.0,3
classic_baseline,8,225.0,7
classic_baseline,8,225.0,6
classic_baseline,8,225.0,6
classic_baseline,8,225.0,5
classic_baseline,8,225.0,9
classic_baseline,8,226.0,5
classic_baseline,8,226.0,1
classic_baseline,8,226.0,3
classic_baseline,8,226.0,10
classic_baseline,8,226.0,6
classic_baseline,8,227.0,5
classic_baseline,8,227.0,4
classic_baseline,8,227.0,9
classic_baseline,8,227.0,9
classic_baseline,8,227.0,8
classic_baseline,8,228.0,9
classic_baseline,8,228.0,3
classic_baseline,8,228.0,1
classic_baseline,8,228.0,3
classic_baseline,8,228.0,5
classic_baseline,8,229.0,3
classic_baseline,8,229.0,10
classic_baseline,8,229.0,10
classic_baseline,8,229.0,8
classic_baseline,8,229.0,3
classic_baseline,8,230.0,2
classic_baseline,8,230.0,3
classic_baseline,8,230.0,3
classic_baseline,8,230.0,3
classic_baseline,8,230.0,5
classic_baseline,8,231.0,3
classic_baseline,8,231.0,4
classic_baseline,8,231.0,1
classic_baseline,8,231.0,9
classic_baseline,8,231.0,6
classic_baseline,8,232.0,5
classic_baseline,8,232.0,2
classic_baseline,8,232.0,4
classic_baseline,8,232.0,6
classic_baseline,8,232.0,4
classic_baseline,8,233.0,2
classic_baseline,8,233.0,2
classic_baseline,8,233.0,4
classic_baseline,8,233.0,6
classic_baseline,8,233.0,2
classic_baseline,8,234.0,3
classic_baseline,8,234.0,7
classic_baseline,8,234.0,1
classic_baseline,8,234.0,4
classic_baseline,8,234.0,8
classic_baseline,8,235.0,9
classic_baseline,8,235.0,2
classic_baseline,8,235.0,2
classic_baseline,8,235.0,6
classic_baseline,8,235.0,1
classic_baseline,8,236.0,2
classic_baseline,8,236.0,5
classic_baseline,8,236.0,2
classic_baseline,8,236.0,3
classic_baseline,8,236.0,5
classic_baseline,8,237.0,9
classic_baseline,8,237.0,4
classic_baseline,8,237.0,5
classic_baseline,8,237.0,5
classic_baseline,8,237.0,2
classic_baseline,8,238.0,2
classic_baseline,8,238.0,3
classic_baseline,8,238.0,6
classic_baseline,8,238.0,6
classic_baseline,8,238.0,7
classic_baseline,8,239.0,2
classic_baseline,8,239.0,7
classic_baseline,8,239.0,6
classic_baseline,8,239.0,7
classic_baseline,8,239.0,7
classic_baseline,8,240.0,7
classic_baseline,8,240.0,1
classic_baseline,8,240.0,11
classic_baseline,8,240.0,3
classic_baseline,8,240.0,5
classic_baseline,8,241.0,6
classic_baseline,8,241.0,3
classic_baseline,8,241.0,9
classic_baseline,8,241.0,1
classic_baseline,8,241.0,3
classic_baseline,8,242.0,11
classic_baseline,8,242.0,8
classic_baseline,8,242.0,7
classic_baseline,8,242.0,5
classic_baseline,8,242.0,4
classic_baseline,8,243.0,5
classic_baseline,8,243.0,2
classic_baseline,8,243.0,5
classic_baseline,8,243.0,2
classic_baseline,8,243.0,7
classic_baseline,8,244.0,6
classic_baseline,8,244.0,4
classic_baseline,8,244.0,5
classic_baseline,8,244.0,5
classic_baseline,8,244.0,7
classic_baseline,8,245.0,4
classic_baseline,8,245.0,6
classic_baseline,8,245.0,6
classic_baseline,8,245.0,3
classic_baseline,8,245.0,7
classic_baseline,8,246.0,5
classic_baseline,8,246.0,2
classic_baseline,8,246.0,3
classic_baseline,8,246.0,4
classic_baseline,8,246.0,4
classic_baseline,8,247.0,8
classic_baseline,8,247.0,1
classic_baseline,8,247.0,4
classic_baseline,8,247.0,1
classic_baseline,8,247.0,9
classic_baseline,8,248.0,4
classic_baseline,8,248.0,5
classic_baseline,8,248.0,4
classic_baseline,8,248.0,7
classic_baseline,8,248.0,5
classic_baseline,8,249.0,1
classic_baseline,8,249.0,1
classic_baseline,8,249.0,3
classic_baseline,8,249.0,7
classic_baseline,8,249.0,7
classic_baseline,8,250.0,4
classic_baseline,8,250.0,5
classic_baseline,8,250.0,3
classic_baseline,8,250.0,6
classic_baseline,8,250.0,6
classic_baseline,8,251.0,8
classic_baseline,8,251.0,5
classic_baseline,8,251.0,5
classic_baseline,8,251.0,2
classic_baseline,8,251.0,1
classic_baseline,8,252.0,5
classic_baseline,8,252.0,4
classic_baseline,8,252.0,3
classic_baseline,8,252.0,5
classic_baseline,8,252.0,2
classic_baseline,8,253.0,5
classic_baseline,8,253.0,9
classic_baseline,8,253.0,6
classic_baseline,8,253.0,5
classic_baseline,8,253.0,6
classic_baseline,8,254.0,3
classic_baseline,8,254.0,6
classic_baseline,8,254.0,1
classic_baseline,8,254.0,5
classic_baseline,8,254.0,4
classic_baseline,8,255.0,1
classic_baseline,8,255.0,5
classic_baseline,8,255.0,5
classic_baseline,8,255.0,4
classic_baseline,8,255.0,4
classic_baseline,8,256.0,7
classic_baseline,8,256.0,5
classic_baseline,8,256.0,5
classic_baseline,8,256.0,4
classic_baseline,8,256.0,4
classic_baseline,8,257.0,4
classic_baseline,8,257.0,7
classic_baseline,8,257.0,4
classic_baseline,8,257.0,6
classic_baseline,8,257.0,4
classic_baseline,8,258.0,6
classic_baseline,8,258.0,7
classic_baseline,8,258.0,3
classic_baseline,8,258.0,3
classic_baseline,8,258.0,3
classic_baseline,8,259.0,4
classic_baseline,8,259.0,5
classic_baseline,8,259.0,4
classic_baseline,8,259.0,3
classic_baseline,8,259.0,4
classic_baseline,8,260.0,2
classic_baseline,8,260.0,1
classic_baseline,8,260.0,2
classic_baseline,8,260.0,3
classic_baseline,8,260.0,6
classic_baseline,8,261.0,5
classic_baseline,8,261.0,1
classic_baseline,8,261.0,1
classic_baseline,8,261.0,4
classic_baseline,8,261.0,4
classic_baseline,8,262.0,2
classic_baseline,8,262.0,2
classic_baseline,8,262.0,4
classic_baseline,8,262.0,2
classic_baseline,8,262.0,6
classic_baseline,8,263.0,1
classic_baseline,8,263.0,7
classic_baseline,8,263.0,4
classic_baseline,8,263.0,5
classic_baseline,8,263.0,6
classic_baseline,8,264.0,2
classic_baseline,8,264.0,3
classic_baseline,8,264.0,7
classic_baseline,8,264.0,5
classic_baseline,8,264.0,2
classic_baseline,8,265.0,3
classic_baseline,8,265.0,4
classic_baseline,8,265.0,3
classic_baseline,8,265.0,2
classic_baseline,8,265.0,2
classic_baseline,8,266.0,4
classic_baseline,8,266.0,5
classic_baseline,8,266.0,7
classic_baseline,8,266.0,4
classic_baseline,8,266.0,2
classic_baseline,8,267.0,5
classic_baseline,8,267.0,2
classic_baseline,8,267.0,3
classic_baseline,8,267.0,4
classic_baseline,8,267.0,5
classic_baseline,8,268.0,5
classic_baseline,8,268.0,3
classic_baseline,8,268.0,2
classic_baseline,8,268.0,3
classic_baseline,8,268.0,3
classic_baseline,8,269.0,4
classic_baseline,8,269.0,4
classic_baseline,8,269.0,7
classic_baseline,8,269.0,4
classic_baseline,8,269.0,5
classic_baseline,8,270.0,5
classic_baseline,8,270.0,6
classic_baseline,8,270.0,4
classic_baseline,8,270.0,3
classic_baseline,8,270.0,6
classic_baseline,8,271.0,2
classic_baseline,8,271.0,1
classic_baseline,8,271.0,7
classic_baseline,8,271.0,6
classic_baseline,8,271.0,3
classic_baseline,8,272.0,13
classic_baseline,8,272.0,6
classic_baseline,8,272.0,6
classic_baseline,8,272.0,3
classic_baseline,8,272.0,3
classic_baseline,8,273.0,4
classic_baseline,8,273.0,6
classic_baseline,8,273.0,7
classic_baseline,8,273.0,7
classic_baseline,8,273.0,6
classic_baseline,8,274.0,3
classic_baseline,8,274.0,5
classic_baseline,8,274.0,7
classic_baseline,8,274.0,5
classic_baseline,8,274.0,4
classic_baseline,8,275.0,5
classic_baseline,8,275.0,7
classic_baseline,8,275.0,1
classic_baseline,8,275.0,6
classic_baseline,8,275.0,3
classic_baseline,8,276.0,3
classic_baseline,8,276.0,4
classic_baseline,8,276.0,4
classic_baseline,8,276.0,2
classic_baseline,8,276.0,8
classic_baseline,8,277.0,4
classic_baseline,8,277.0,1
classic_baseline,8,277.0,4
classic_baseline,8,277.0,3
classic_baseline,8,277.0,4
classic_baseline,8,278.0,4
classic_baseline,8,278.0,4
classic_baseline,8,278.0,7
classic_baseline,8,278.0,4
classic_baseline,8,278.0,2
classic_baseline,8,279.0,7
classic_baseline,8,279.0,4
classic_baseline,8,279.0,3
classic_baseline,8,279.0,5
classic_baseline,8,279.0,9
classic_baseline,8,280.0,2
classic_baseline,8,280.0,3
classic_baseline,8,280.0,1
classic_baseline,8,280.0,7
classic_baseline,8,280.0,1
classic_baseline,8,281.0,3
classic_baseline,8,281.0,4
classic_baseline,8,281.0,7
classic_baseline,8,281.0,6
classic_baseline,8,281.0,5
classic_baseline,8,282.0,6
classic_baseline,8,282.0,8
classic_baseline,8,282.0,3
classic_baseline,8,282.0,3
classic_baseline,8,282.0,5
classic_baseline,8,283.0,4
classic_baseline,8,283.0,3
classic_baseline,8,283.0,5
classic_baseline,8,283.0,4
classic_baseline,8,283.0,1
classic_baseline,8,284.0,5
classic_baseline,8,284.0,5
classic_baseline,8,284.0,9
classic_baseline,8,284.0,1
classic_baseline,8,284.0,1
classic_baseline,8,285.0,7
classic_baseline,8,285.0,3
classic_baseline,8,285.0,4
classic_baseline,8,285.0,5
classic_baseline,8,285.0,1
classic_baseline,8,286.0,6
classic_baseline,8,286.0,5
classic_baseline,8,286.0,2
classic_baseline,8,286.0,6
classic_baseline,8,286.0,10
classic_baseline,8,287.0,4
classic_baseline,8,287.0,6
classic_baseline,8,287.0,7
classic_baseline,8,287.0,6
classic_baseline,8,287.0,8
classic_baseline,8,288.0,5
classic_baseline,8,288.0,7
classic_baseline,8,288.0,6
classic_baseline,8,288.0,4
classic_baseline,8,288.0,8
classic_baseline,8,289.0,7
classic_baseline,8,289.0,6
classic_baseline,8,289.0,2
classic_baseline,8,289.0,7
classic_baseline,8,289.0,7
classic_baseline,8,290.0,1
classic_baseline,8,290.0,3
classic_baseline,8,290.0,4
classic_baseline,8,290.0,5
classic_baseline,8,290.0,3
classic_baseline,8,291.0,2
classic_baseline,8,291.0,3
classic_baseline,8,291.0,2
classic_baseline,8,291.0,3
classic_baseline,8,291.0,8
classic_baseline,8,292.0,4
classic_baseline,8,292.0,1
classic_baseline,8,292.0,4
classic_baseline,8,292.0,6
classic_baseline,8,292.0,2
classic_baseline,8,293.0,5
classic_baseline,8,293.0,1
classic_baseline,8,293.0,2
classic_baseline,8,293.0,1
classic_baseline,8,293.0,1
classic_baseline,8,294.0,4
classic_baseline,8,294.0,3
classic_baseline,8,294.0,1
classic_baseline,8,294.0,1
classic_baseline,8,294.0,2
classic_baseline,8,295.0,4
classic_baseline,8,295.0,8
classic_baseline,8,295.0,6
classic_baseline,8,295.0,3
classic_baseline,8,295.0,5
classic_baseline,8,296.0,6
classic_baseline,8,296.0,5
classic_baseline,8,296.0,1
classic_baseline,8,296.0,6
classic_baseline,8,296.0,3
classic_baseline,8,297.0,5
classic_baseline,8,297.0,7
classic_baseline,8,297.0,1
classic_baseline,8,297.0,5
classic_baseline,8,297.0,3
classic_baseline,8,298.0,2
classic_baseline,8,298.0,4
classic_baseline,8,298.0,8
classic_baseline,8,298.0,4
classic_baseline,8,298.0,4
classic_baseline,8,299.0,3
classic_baseline,8,299.0,5
classic_baseline,8,299.0,7
classic_baseline,8,299.0,6
classic_baseline,8,299.0,3
classic_baseline,8,300.0,3
classic_baseline,8,300.0,4
classic_baseline,8,300.0,6
classic_baseline,8,300.0,3
classic_baseline,8,300.0,4
classic_baseline,9,1.0,6
classic_baseline,9,1.0,9
classic_baseline,9,1.0,8
classic_baseline,9,1.0,6
classic_baseline,9,1.0,4
classic_baseline,9,2.0,9
classic_baseline,9,2.0,8
classic_baseline,9,2.0,4
classic_baseline,9,2.0,8
classic_baseline,9,2.0,11
classic_baseline,9,3.0,5
classic_baseline,9,3.0,8
classic_baseline,9,3.0,7
classic_baseline,9,3.0,3
classic_baseline,9,3.0,7
classic_baseline,9,4.0,3
classic_baseline,9,4.0,7
classic_baseline,9,4.0,2
classic_baseline,9,4.0,6
classic_baseline,9,4.0,4
classic_baseline,9,5.0,5
classic_baseline,9,5.0,9
classic_baseline,9,5.0,5
classic_baseline,9,5.0,2
classic_baseline,9,5.0,7
classic_baseline,9,6.0,4
classic_baseline,9,6.0,6
classic_baseline,9,6.0,5
classic_baseline,9,6.0,2
classic_baseline,9,6.0,7
classic_baseline,9,7.0,3
classic_baseline,9,7.0,3
classic_baseline,9,7.0,3
classic_baseline,9,7.0,5
classic_baseline,9,7.0,6
classic_baseline,9,8.0,6
classic_baseline,9,8.0,6
classic_baseline,9,8.0,5
classic_baseline,9,8.0,2
classic_baseline,9,8.0,6
classic_baseline,9,9.0,2
classic_baseline,9,9.0,7
classic_baseline,9,9.0,2
classic_baseline,9,9.0,5
classic_baseline,9,9.0,3
classic_baseline,9,10.0,5
classic_baseline,9,10.0,2
classic_baseline,9,10.0,3
classic_baseline,9,10.0,3
classic_baseline,9,10.0,6
classic_baseline,9,11.0,1
classic_baseline,9,11.0,6
classic_baseline,9,11.0,5
classic_baseline,9,11.0,6
classic_baseline,9,11.0,6
classic_baseline,9,12.0,3
classic_baseline,9,12.0,10
classic_baseline,9,12.0,2
classic_baseline,9,12.0,6
classic_baseline,9,12.0,2
classic_baseline,9,13.0,3
classic_baseline,9,13.0,1
classic_baseline,9,13.0,6
classic_baseline,9,13.0,1
classic_baseline,9,13.0,4
classic_baseline,9,14.0,9
classic_baseline,9,14.0,3
classic_baseline,9,14.0,4
classic_baseline,9,14.0,6
classic_baseline,9,14.0,4
classic_baseline,9,15.0,7
classic_baseline,9,15.0,3
classic_baseline,9,15.0,5
classic_baseline,9,15.0,1
classic_baseline,9,15.0,4
classic_baseline,9,16.0,7
classic_baseline,9,16.0,4
classic_baseline,9,16.0,6
classic_baseline,9,16.0,4
classic_baseline,9,16.0,6
classic_baseline,9,17.0,3
classic_baseline,9,17.0,4
classic_baseline,9,17.0,7
classic_baseline,9,17.0,5
classic_baseline,9,17.0,5
classic_baseline,9,18.0,8
classic_baseline,9,18.0,3
classic_baseline,9,18.0,2
classic_baseline,9,18.0,4
classic_baseline,9,18.0,2
classic_baseline,9,19.0,7
classic_baseline,9,19.0,2
classic_baseline,9,19.0,4
classic_baseline,9,19.0,8
classic_baseline,9,19.0,5
classic_baseline,9,20.0,3
classic_baseline,9,20.0,3
classic_baseline,9,20.0,3
classic_baseline,9,20.0,4
classic_baseline,9,20.0,7
classic_baseline,9,21.0,6
classic_baseline,9,21.0,5
classic_baseline,9,21.0,5
classic_baseline,9,21.0,3
classic_baseline,9,21.0,3
classic_baseline,9,22.0,5
classic_baseline,9,22.0,6
classic_baseline,9,22.0,5
classic_baseline,9,22.0,4
classic_baseline,9,22.0,2
classic_baseline,9,23.0,1
classic_baseline,9,23.0,8
classic_baseline,9,23.0,9
classic_baseline,9,23.0,2
classic_baseline,9,23.0,7
classic_baseline,9,24.0,5
classic_baseline,9,24.0,6
classic_baseline,9,24.0,5
classic_baseline,9,24.0,3
classic_baseline,9,24.0,8
classic_baseline,9,25.0,2
classic_baseline,9,25.0,6
classic_baseline,9,25.0,4
classic_baseline,9,25.0,5
classic_baseline,9,25.0,8
classic_baseline,9,26.0,4
classic_baseline,9,26.0,5
classic_baseline,9,26.0,5
classic_baseline,9,26.0,4
classic_baseline,9,26.0,1
classic_baseline,9,27.0,3
classic_baseline,9,27.0,3
classic_baseline,9,27.0,3
classic_baseline,9,27.0,8
classic_baseline,9,27.0,3
classic_baseline,9,28.0,8
classic_baseline,9,28.0,4
classic_baseline,9,28.0,6
classic_baseline,9,28.0,3
classic_baseline,9,28.0,5
classic_baseline,9,29.0,4
classic_baseline,9,29.0,4
classic_baseline,9,29.0,2
classic_baseline,9,29.0,6
classic_baseline,9,29.0,3
classic_baseline,9,30.0,8
classic_baseline,9,30.0,4
classic_baseline,9,30.0,8
classic_baseline,9,30.0,4
classic_baseline,9,30.0,6
classic_baseline,9,31.0,7
classic_baseline,9,31.0,3
classic_baseline,9,31.0,2
classic_baseline,9,31.0,6
classic_baseline,9,31.0,5
classic_baseline,9,32.0,2
classic_baseline,9,32.0,6
classic_baseline,9,32.0,4
classic_baseline,9,32.0,2
classic_baseline,9,32.0,7
classic_baseline,9,33.0,2
classic_baseline,9,33.0,2
classic_baseline,9,33.0,7
classic_baseline,9,33.0,3
classic_baseline,9,33.0,5
classic_baseline,9,34.0,2
classic_baseline,9,34.0,2
classic_baseline,9,34.0,6
classic_baseline,9,34.0,4
classic_baseline,9,34.0,7
classic_baseline,9,35.0,1
classic_baseline,9,35.0,3
classic_baseline,9,35.0,3
classic_baseline,9,35.0,2
classic_baseline,9,35.0,1
classic_baseline,9,36.0,2
classic_baseline,9,36.0,4
classic_baseline,9,36.0,4
classic_baseline,9,36.0,6
classic_baseline,9,36.0,7
classic_baseline,9,37.0,6
classic_baseline,9,37.0,2
classic_baseline,9,37.0,5
classic_baseline,9,37.0,4
classic_baseline,9,37.0,3
classic_baseline,9,38.0,3
classic_baseline,9,38.0,7
classic_baseline,9,38.0,4
classic_baseline,9,38.0,3
classic_baseline,9,38.0,2
classic_baseline,9,39.0,6
classic_baseline,9,39.0,2
classic_baseline,9,39.0,7
classic_baseline,9,39.0,1
classic_baseline,9,39.0,3
classic_baseline,9,40.0,4
classic_baseline,9,40.0,3
classic_baseline,9,40.0,5
classic_baseline,9,40.0,1
classic_baseline,9,40.0,7
classic_baseline,9,41.0,4
classic_baseline,9,41.0,3
classic_baseline,9,41.0,7
classic_baseline,9,41.0,4
classic_baseline,9,41.0,6
classic_baseline,9,42.0,3
classic_baseline,9,42.0,9
classic_baseline,9,42.0,1
classic_baseline,9,42.0,4
classic_baseline,9,42.0,1
classic_baseline,9,43.0,3
classic_baseline,9,43.0,4
classic_baseline,9,43.0,4
classic_baseline,9,43.0,1
classic_baseline,9,43.0,3
classic_baseline,9,44.0,2
classic_baseline,9,44.0,3
classic_baseline,9,44.0,7
classic_baseline,9,44.0,3
classic_baseline,9,44.0,6
classic_baseline,9,45.0,5
classic_baseline,9,45.0,5
classic_baseline,9,45.0,4
classic_baseline,9,45.0,4
classic_baseline,9,45.0,3
classic_baseline,9,46.0,8
classic_baseline,9,46.0,7
classic_baseline,9,46.0,3
classic_baseline,9,46.0,7
classic_baseline,9,46.0,6
classic_baseline,9,47.0,5
classic_baseline,9,47.0,8
classic_baseline,9,47.0,6
classic_baseline,9,47.0,4
classic_baseline,9,47.0,5
classic_baseline,9,48.0,4
classic_baseline,9,48.0,3
classic_baseline,9,48.0,4
classic_baseline,9,48.0,2
classic_baseline,9,48.0,4
classic_baseline,9,49.0,7
classic_baseline,9,49.0,2
classic_baseline,9,49.0,3
classic_baseline,9,49.0,5
classic_baseline,9,49.0,5
classic_baseline,9,50.0,6
classic_baseline,9,50.0,2
classic_baseline,9,50.0,1
classic_baseline,9,50.0,2
classic_baseline,9,50.0,3
classic_baseline,9,51.0,2
classic_baseline,9,51.0,3
classic_baseline,9,51.0,8
classic_baseline,9,51.0,6
classic_baseline,9,51.0,10
classic_baseline,9,52.0,9
classic_baseline,9,52.0,7
classic_baseline,9,52.0,5
classic_baseline,9,52.0,6
classic_baseline,9,52.0,4
classic_baseline,9,53.0,4
classic_baseline,9,53.0,4
classic_baseline,9,53.0,3
classic_baseline,9,53.0,4
classic_baseline,9,53.0,2
classic_baseline,9,54.0,2
classic_baseline,9,54.0,2
classic_baseline,9,54.0,8
classic_baseline,9,54.0,5
classic_baseline,9,54.0,7
classic_baseline,9,55.0,7
classic_baseline,9,55.0,4
classic_baseline,9,55.0,4
classic_baseline,9,55.0,6
classic_baseline,9,55.0,1
classic_baseline,9,56.0,6
classic_baseline,9,56.0,2
classic_baseline,9,56.0,5
classic_baseline,9,56.0,7
classic_baseline,9,56.0,2
classic_baseline,9,57.0,6
classic_baseline,9,57.0,3
classic_baseline,9,57.0,3
classic_baseline,9,57.0,1
classic_baseline,9,57.0,3
classic_baseline,9,58.0,7
classic_baseline,9,58.0,3
classic_baseline,9,58.0,3
classic_baseline,9,58.0,7
classic_baseline,9,58.0,6
classic_baseline,9,59.0,4
classic_baseline,9,59.0,3
classic_baseline,9,59.0,2
classic_baseline,9,59.0,3
classic_baseline,9,59.0,5
classic_baseline,9,60.0,5
classic_baseline,9,60.0,3
classic_baseline,9,60.0,1
classic_baseline,9,60.0,5
classic_baseline,9,60.0,8
classic_baseline,9,61.0,3
classic_baseline,9,61.0,2
classic_baseline,9,61.0,4
classic_baseline,9,61.0,4
classic_baseline,9,61.0,3
classic_baseline,9,62.0,5
classic_baseline,9,62.0,6
classic_baseline,9,62.0,3
classic_baseline,9,62.0,4
classic_baseline,9,62.0,2
classic_baseline,9,63.0,4
classic_baseline,9,63.0,7
classic_baseline,9,63.0,3
classic_baseline,9,63.0,5
classic_baseline,9,63.0,6
classic_baseline,9,64.0,5
classic_baseline,9,64.0,2
classic_baseline,9,64.0,4
classic_baseline,9,64.0,5
classic_baseline,9,64.0,3
classic_baseline,9,65.0,4
classic_baseline,9,65.0,2
classic_baseline,9,65.0,1
classic_baseline,9,65.0,2
classic_baseline,9,65.0,5
classic_baseline,9,66.0,5
classic_baseline,9,66.0,4
classic_baseline,9,66.0,6
classic_baseline,9,66.0,3
classic_baseline,9,66.0,6
classic_baseline,9,67.0,4
classic_baseline,9,67.0,6
classic_baseline,9,67.0,6
classic_baseline,9,67.0,8
classic_baseline,9,67.0,4
classic_baseline,9,68.0,4
classic_baseline,9,68.0,4
classic_baseline,9,68.0,8
classic_baseline,9,68.0,2
classic_baseline,9,68.0,2
classic_baseline,9,69.0,3
classic_baseline,9,69.0,5
classic_baseline,9,69.0,2
classic_baseline,9,69.0,2
classic_baseline,9,69.0,1
classic_baseline,9,70.0,7
classic_baseline,9,70.0,5
classic_baseline,9,70.0,7
classic_baseline,9,70.0,5
classic_baseline,9,70.0,3
classic_baseline,9,71.0,1
classic_baseline,9,71.0,5
classic_baseline,9,71.0,2
classic_baseline,9,71.0,7
classic_baseline,9,71.0,4
classic_baseline,9,72.0,4
classic_baseline,9,72.0,5
classic_baseline,9,72.0,4
classic_baseline,9,72.0,7
classic_baseline,9,72.0,4
classic_baseline,9,73.0,3
classic_baseline,9,73.0,4
classic_baseline,9,73.0,6
classic_baseline,9,73.0,6
classic_baseline,9,73.0,9
classic_baseline,9,74.0,4
classic_baseline,9,74.0,4
classic_baseline,9,74.0,2
classic_baseline,9,74.0,3
classic_baseline,9,74.0,2
classic_baseline,9,75.0,2
classic_baseline,9,75.0,6
classic_baseline,9,75.0,3
classic_baseline,9,75.0,5
classic_baseline,9,75.0,4
classic_baseline,9,76.0,6
classic_baseline,9,76.0,3
classic_baseline,9,76.0,2
classic_baseline,9,76.0,9
classic_baseline,9,76.0,2
classic_baseline,9,77.0,3
classic_baseline,9,77.0,5
classic_baseline,9,77.0,1
classic_baseline,9,77.0,7
classic_baseline,9,77.0,1
classic_baseline,9,78.0,2
classic_baseline,9,78.0,4
classic_baseline,9,78.0,4
classic_baseline,9,78.0,2
classic_baseline,9,78.0,1
classic_baseline,9,79.0,3
classic_baseline,9,79.0,4
classic_baseline,9,79.0,6
classic_baseline,9,79.0,6
classic_baseline,9,79.0,4
classic_baseline,9,80.0,2
classic_baseline,9,80.0,4
classic_baseline,9,80.0,3
classic_baseline,9,80.0,4
classic_baseline,9,80.0,4
classic_baseline,9,81.0,2
classic_baseline,9,81.0,2
classic_baseline,9,81.0,3
classic_baseline,9,81.0,5
classic_baseline,9,81.0,1
classic_baseline,9,82.0,4
classic_baseline,9,82.0,5
classic_baseline,9,82.0,2
classic_baseline,9,82.0,7
classic_baseline,9,82.0,4
classic_baseline,9,83.0,7
classic_baseline,9,83.0,7
classic_baseline,9,83.0,3
classic_baseline,9,83.0,6
classic_baseline,9,83.0,3
classic_baseline,9,84.0,4
classic_baseline,9,84.0,4
classic_baseline,9,84.0,1
classic_baseline,9,84.0,7
classic_baseline,9,84.0,5
classic_baseline,9,85.0,8
classic_baseline,9,85.0,5
classic_baseline,9,85.0,2
classic_baseline,9,85.0,4
classic_baseline,9,85.0,3
classic_baseline,9,86.0,2
classic_baseline,9,86.0,6
classic_baseline,9,86.0,3
classic_baseline,9,86.0,6
classic_baseline,9,86.0,7
classic_baseline,9,87.0,2
classic_baseline,9,87.0,6
classic_baseline,9,87.0,3
classic_baseline,9,87.0,4
classic_baseline,9,87.0,1
classic_baseline,9,88.0,7
classic_baseline,9,88.0,3
classic_baseline,9,88.0,3
classic_baseline,9,88.0,6
classic_baseline,9,88.0,6
classic_baseline,9,89.0,3
classic_baseline,9,89.0,5
classic_baseline,9,89.0,5
classic_baseline,9,89.0,2
classic_baseline,9,89.0,6
classic_baseline,9,90.0,5
classic_baseline,9,90.0,7
classic_baseline,9,90.0,4
classic_baseline,9,90.0,5
classic_baseline,9,90.0,8
classic_baseline,9,91.0,3
classic_baseline,9,91.0,2
classic_baseline,9,91.0,6
classic_baseline,9,91.0,4
classic_baseline,9,91.0,3
classic_baseline,9,92.0,2
classic_baseline,9,92.0,5
classic_baseline,9,92.0,6
classic_baseline,9,92.0,2
classic_baseline,9,92.0,7
classic_baseline,9,93.0,4
classic_baseline,9,93.0,2
classic_baseline,9,93.0,3
classic_baseline,9,93.0,4
classic_baseline,9,93.0,2
classic_baseline,9,94.0,7
classic_baseline,9,94.0,3
classic_baseline,9,94.0,7
classic_baseline,9,94.0,4
classic_baseline,9,94.0,4
classic_baseline,9,95.0,4
classic_baseline,9,95.0,1
classic_baseline,9,95.0,2
classic_baseline,9,95.0,4
classic_baseline,9,95.0,6
classic_baseline,9,96.0,2
classic_baseline,9,96.0,2
classic_baseline,9,96.0,6
classic_baseline,9,96.0,3
classic_baseline,9,96.0,2
classic_baseline,9,97.0,5
classic_baseline,9,97.0,5
classic_baseline,9,97.0,6
classic_baseline,9,97.0,3
classic_baseline,9,97.0,3
classic_baseline,9,98.0,6
classic_baseline,9,98.0,3
classic_baseline,9,98.0,7
classic_baseline,9,98.0,6
classic_baseline,9,98.0,8
classic_baseline,9,99.0,5
classic_baseline,9,99.0,7
classic_baseline,9,99.0,3
classic_baseline,9,99.0,3
classic_baseline,9,99.0,7
classic_baseline,9,100.0,2
classic_baseline,9,100.0,4
classic_baseline,9,100.0,2
classic_baseline,9,100.0,2
classic_baseline,9,100.0,3
classic_baseline,9,101.0,5
classic_baseline,9,101.0,4
classic_baseline,9,101.0,2
classic_baseline,9,101.0,5
classic_baseline,9,101.0,6
classic_baseline,9,102.0,3
classic_baseline,9,102.0,7
classic_baseline,9,102.0,4
classic_baseline,9,102.0,3
classic_baseline,9,102.0,3
classic_baseline,9,103.0,3
classic_baseline,9,103.0,6
classic_baseline,9,103.0,3
classic_baseline,9,103.0,5
classic_baseline,9,103.0,6
classic_baseline,9,104.0,3
classic_baseline,9,104.0,2
classic_baseline,9,104.0,2
classic_baseline,9,104.0,3
classic_baseline,9,104.0,4
classic_baseline,9,105.0,2
classic_baseline,9,105.0,3
classic_baseline,9,105.0,4
classic_baseline,9,105.0,4
classic_baseline,9,105.0,2
classic_baseline,9,106.0,3
classic_baseline,9,106.0,6
classic_baseline,9,106.0,2
classic_baseline,9,106.0,1
classic_baseline,9,106.0,4
classic_baseline,9,107.0,5
classic_baseline,9,107.0,4
classic_baseline,9,107.0,4
classic_baseline,9,107.0,2
classic_baseline,9,107.0,4
classic_baseline,9,108.0,2
classic_baseline,9,108.0,5
classic_baseline,9,108.0,5
classic_baseline,9,108.0,2
classic_baseline,9,108.0,6
classic_baseline,9,109.0,5
classic_baseline,9,109.0,3
classic_baseline,9,109.0,3
classic_baseline,9,109.0,5
classic_baseline,9,109.0,4
classic_baseline,9,110.0,2
classic_baseline,9,110.0,1
classic_baseline,9,110.0,1
classic_baseline,9,110.0,3
classic_baseline,9,110.0,3
classic_baseline,9,111.0,2
classic_baseline,9,111.0,4
classic_baseline,9,111.0,2
classic_baseline,9,111.0,8
classic_baseline,9,111.0,2
classic_baseline,9,112.0,6
classic_baseline,9,112.0,9
classic_baseline,9,112.0,3
classic_baseline,9,112.0,6
classic_baseline,9,112.0,5
classic_baseline,9,113.0,3
classic_baseline,9,113.0,4
classic_baseline,9,113.0,4
classic_baseline,9,113.0,3
classic_baseline,9,113.0,5
classic_baseline,9,114.0,4
classic_baseline,9,114.0,1
classic_baseline,9,114.0,3
classic_baseline,9,114.0,3
classic_baseline,9,114.0,5
classic_baseline,9,115.0,6
classic_baseline,9,115.0,7
classic_baseline,9,115.0,5
classic_baseline,9,115.0,7
classic_baseline,9,115.0,3
classic_baseline,9,116.0,3
classic_baseline,9,116.0,1
classic_baseline,9,116.0,1
classic_baseline,9,116.0,4
classic_baseline,9,116.0,2
classic_baseline,9,117.0,4
classic_baseline,9,117.0,5
classic_baseline,9,117.0,6
classic_baseline,9,117.0,8
classic_baseline,9,117.0,4
classic_baseline,9,118.0,2
classic_baseline,9,118.0,7
classic_baseline,9,118.0,5
classic_baseline,9,118.0,6
classic_baseline,9,118.0,5
classic_baseline,9,119.0,5
classic_baseline,9,119.0,6
classic_baseline,9,119.0,1
classic_baseline,9,119.0,4
classic_baseline,9,119.0,3
classic_baseline,9,120.0,6
classic_baseline,9,120.0,4
classic_baseline,9,120.0,3
classic_baseline,9,120.0,1
classic_baseline,9,120.0,3
classic_baseline,9,121.0,3
classic_baseline,9,121.0,6
classic_baseline,9,121.0,4
classic_baseline,9,121.0,1
classic_baseline,9,121.0,5
classic_baseline,9,122.0,2
classic_baseline,9,122.0,4
classic_baseline,9,122.0,4
classic_baseline,9,122.0,4
classic_baseline,9,122.0,4
classic_baseline,9,123.0,2
classic_baseline,9,123.0,3
classic_baseline,9,123.0,1
classic_baseline,9,123.0,3
classic_baseline,9,123.0,2
classic_baseline,9,124.0,4
classic_baseline,9,124.0,3
classic_baseline,9,124.0,6
classic_baseline,9,124.0,3
classic_baseline,9,124.0,7
classic_baseline,9,125.0,3
classic_baseline,9,125.0,3
classic_baseline,9,125.0,4
classic_baseline,9,125.0,5
classic_baseline,9,125.0,3
classic_baseline,9,126.0,3
classic_baseline,9,126.0,5
classic_baseline,9,126.0,5
classic_baseline,9,126.0,8
classic_baseline,9,126.0,2
classic_baseline,9,127.0,3
classic_baseline,9,127.0,3
classic_baseline,9,127.0,5
classic_baseline,9,127.0,4
classic_baseline,9,127.0,4
classic_baseline,9,128.0,6
classic_baseline,9,128.0,2
classic_baseline,9,128.0,5
classic_baseline,9,128.0,1
classic_baseline,9,128.0,6
classic_baseline,9,129.0,7
classic_baseline,9,129.0,1
classic_baseline,9,129.0,1
classic_baseline,9,129.0,5
classic_baseline,9,129.0,5
classic_baseline,9,130.0,2
classic_baseline,9,130.0,5
classic_baseline,9,130.0,4
classic_baseline,9,130.0,3
classic_baseline,9,130.0,2
classic_baseline,9,131.0,1
classic_baseline,9,131.0,1
classic_baseline,9,131.0,3
classic_baseline,9,131.0,4
classic_baseline,9,131.0,6
classic_baseline,9,132.0,4
classic_baseline,9,132.0,2
classic_baseline,9,132.0,4
classic_baseline,9,132.0,5
classic_baseline,9,132.0,6
classic_baseline,9,133.0,2
classic_baseline,9,133.0,4
classic_baseline,9,133.0,3
classic_baseline,9,133.0,3
classic_baseline,9,133.0,3
classic_baseline,9,134.0,4
classic_baseline,9,134.0,2
classic_baseline,9,134.0,4
classic_baseline,9,134.0,7
classic_baseline,9,134.0,2
classic_baseline,9,135.0,8
classic_baseline,9,135.0,5
classic_baseline,9,135.0,3
classic_baseline,9,135.0,9
classic_baseline,9,135.0,3
classic_baseline,9,136.0,5
classic_baseline,9,136.0,4
classic_baseline,9,136.0,7
classic_baseline,9,136.0,4
classic_baseline,9,136.0,2
classic_baseline,9,137.0,3
classic_baseline,9,137.0,2
classic_baseline,9,137.0,5
classic_baseline,9,137.0,3
classic_baseline,9,137.0,3
classic_baseline,9,138.0,5
classic_baseline,9,138.0,2
classic_baseline,9,138.0,7
classic_baseline,9,138.0,5
classic_baseline,9,138.0,6
classic_baseline,9,139.0,7
classic_baseline,9,139.0,5
classic_baseline,9,139.0,3
classic_baseline,9,139.0,3
classic_baseline,9,139.0,8
classic_baseline,9,140.0,2
classic_baseline,9,140.0,6
classic_baseline,9,140.0,7
classic_baseline,9,140.0,6
classic_baseline,9,140.0,5
classic_baseline,9,141.0,7
classic_baseline,9,141.0,2
classic_baseline,9,141.0,2
classic_baseline,9,141.0,3
classic_baseline,9,141.0,1
classic_baseline,9,142.0,1
classic_baseline,9,142.0,9
classic_baseline,9,142.0,4
classic_baseline,9,142.0,7
classic_baseline,9,142.0,3
classic_baseline,9,143.0,2
classic_baseline,9,143.0,5
classic_baseline,9,143.0,6
classic_baseline,9,143.0,4
classic_baseline,9,143.0,9
classic_baseline,9,144.0,6
classic_baseline,9,144.0,5
classic_baseline,9,144.0,3
classic_baseline,9,144.0,2
classic_baseline,9,144.0,2
classic_baseline,9,145.0,7
classic_baseline,9,145.0,4
classic_baseline,9,145.0,1
classic_baseline,9,145.0,4
classic_baseline,9,145.0,2
classic_baseline,9,146.0,7
classic_baseline,9,146.0,5
classic_baseline,9,146.0,3
classic_baseline,9,146.0,2
classic_baseline,9,146.0,4
classic_baseline,9,147.0,4
classic_baseline,9,147.0,1
classic_baseline,9,147.0,7
classic_baseline,9,147.0,5
classic_baseline,9,147.0,5
classic_baseline,9,148.0,1
classic_baseline,9,148.0,3
classic_baseline,9,148.0,3
classic_baseline,9,148.0,4
classic_baseline,9,148.0,6
classic_baseline,9,149.0,5
classic_baseline,9,149.0,4
classic_baseline,9,149.0,6
classic_baseline,9,149.0,7
classic_baseline,9,149.0,4
classic_baseline,9,150.0,2
classic_baseline,9,150.0,2
classic_baseline,9,150.0,4
classic_baseline,9,150.0,8
classic_baseline,9,150.0,4
classic_baseline,9,151.0,7
classic_baseline,9,151.0,3
classic_baseline,9,151.0,5
classic_baseline,9,151.0,3
classic_baseline,9,151.0,2
classic_baseline,9,152.0,4
classic_baseline,9,152.0,4
classic_baseline,9,152.0,5
classic_baseline,9,152.0,4
classic_baseline,9,152.0,7
classic_baseline,9,153.0,4
classic_baseline,9,153.0,4
classic_baseline,9,153.0,4
classic_baseline,9,153.0,6
classic_baseline,9,153.0,3
classic_baseline,9,154.0,3
classic_baseline,9,154.0,4
classic_baseline,9,154.0,4
classic_baseline,9,154.0,1
classic_baseline,9,154.0,7
classic_baseline,9,155.0,2
classic_baseline,9,155.0,5
classic_baseline,9,155.0,4
classic_baseline,9,155.0,4
classic_baseline,9,155.0,4
classic_baseline,9,156.0,3
classic_baseline,9,156.0,6
classic_baseline,9,156.0,3
classic_baseline,9,156.0,3
classic_baseline,9,156.0,3
classic_baseline,9,157.0,3
classic_baseline,9,157.0,1
classic_baseline,9,157.0,3
classic_baseline,9,157.0,4
classic_baseline,9,157.0,2
classic_baseline,9,158.0,4
classic_baseline,9,158.0,2
classic_baseline,9,158.0,4
classic_baseline,9,158.0,4
classic_baseline,9,158.0,4
classic_baseline,9,159.0,3
classic_baseline,9,159.0,2
classic_baseline,9,159.0,2
classic_baseline,9,159.0,5
classic_baseline,9,159.0,5
classic_baseline,9,160.0,3
classic_baseline,9,160.0,7
classic_baseline,9,160.0,3
classic_baseline,9,160.0,5
classic_baseline,9,160.0,4
classic_baseline,9,161.0,3
classic_baseline,9,161.0,5
classic_baseline,9,161.0,1
classic_baseline,9,161.0,5
classic_baseline,9,161.0,3
classic_baseline,9,162.0,1
classic_baseline,9,162.0,7
classic_baseline,9,162.0,5
classic_baseline,9,162.0,7
classic_baseline,9,162.0,6
classic_baseline,9,163.0,2
classic_baseline,9,163.0,2
classic_baseline,9,163.0,5
classic_baseline,9,163.0,2
classic_baseline,9,163.0,1
classic_baseline,9,164.0,8
classic_baseline,9,164.0,4
classic_baseline,9,164.0,5
classic_baseline,9,164.0,1
classic_baseline,9,164.0,3
classic_baseline,9,165.0,4
classic_baseline,9,165.0,2
classic_baseline,9,165.0,2
classic_baseline,9,165.0,4
classic_baseline,9,165.0,2
classic_baseline,9,166.0,6
classic_baseline,9,166.0,7
classic_baseline,9,166.0,6
classic_baseline,9,166.0,3
classic_baseline,9,166.0,1
classic_baseline,9,167.0,1
classic_baseline,9,167.0,2
classic_baseline,9,167.0,6
classic_baseline,9,167.0,7
classic_baseline,9,167.0,3
classic_baseline,9,168.0,2
classic_baseline,9,168.0,3
classic_baseline,9,168.0,4
classic_baseline,9,168.0,4
classic_baseline,9,168.0,5
classic_baseline,9,169.0,5
classic_baseline,9,169.0,1
classic_baseline,9,169.0,5
classic_baseline,9,169.0,3
classic_baseline,9,169.0,2
classic_baseline,9,170.0,7
classic_baseline,9,170.0,7
classic_baseline,9,170.0,2
classic_baseline,9,170.0,6
classic_baseline,9,170.0,7
classic_baseline,9,171.0,2
classic_baseline,9,171.0,5
classic_baseline,9,171.0,3
classic_baseline,9,171.0,6
classic_baseline,9,171.0,3
classic_baseline,9,172.0,5
classic_baseline,9,172.0,5
classic_baseline,9,172.0,5
classic_baseline,9,172.0,5
classic_baseline,9,172.0,2
classic_baseline,9,173.0,4
classic_baseline,9,173.0,1
classic_baseline,9,173.0,3
classic_baseline,9,173.0,7
classic_baseline,9,173.0,5
classic_baseline,9,174.0,6
classic_baseline,9,174.0,7
classic_baseline,9,174.0,3
classic_baseline,9,174.0,6
classic_baseline,9,174.0,7
classic_baseline,9,175.0,7
classic_baseline,9,175.0,7
classic_baseline,9,175.0,5
classic_baseline,9,175.0,2
classic_baseline,9,175.0,8
classic_baseline,9,176.0,3
classic_baseline,9,176.0,4
classic_baseline,9,176.0,2
classic_baseline,9,176.0,2
classic_baseline,9,176.0,2
classic_baseline,9,177.0,5
classic_baseline,9,177.0,2
classic_baseline,9,177.0,1
classic_baseline,9,177.0,4
classic_baseline,9,177.0,3
classic_baseline,9,178.0,4
classic_baseline,9,178.0,7
classic_baseline,9,178.0,2
classic_baseline,9,178.0,6
classic_baseline,9,178.0,5
classic_baseline,9,179.0,5
classic_baseline,9,179.0,1
classic_baseline,9,179.0,5
classic_baseline,9,179.0,6
classic_baseline,9,179.0,2
classic_baseline,9,180.0,4
classic_baseline,9,180.0,4
classic_baseline,9,180.0,2
classic_baseline,9,180.0,4
classic_baseline,9,180.0,4
classic_baseline,9,181.0,5
classic_baseline,9,181.0,5
classic_baseline,9,181.0,3
classic_baseline,9,181.0,8
classic_baseline,9,181.0,9
classic_baseline,9,182.0,5
classic_baseline,9,182.0,1
classic_baseline,9,182.0,2
classic_baseline,9,182.0,8
classic_baseline,9,182.0,2
classic_baseline,9,183.0,2
classic_baseline,9,183.0,1
classic_baseline,9,183.0,6
classic_baseline,9,183.0,1
classic_baseline,9,183.0,6
classic_baseline,9,184.0,2
classic_baseline,9,184.0,3
classic_baseline,9,184.0,7
classic_baseline,9,184.0,7
classic_baseline,9,184.0,7
classic_baseline,9,185.0,1
classic_baseline,9,185.0,9
classic_baseline,9,185.0,3
classic_baseline,9,185.0,6
classic_baseline,9,185.0,2
classic_baseline,9,186.0,5
classic_baseline,9,186.0,2
classic_baseline,9,186.0,4
classic_baseline,9,186.0,5
classic_baseline,9,186.0,4
classic_baseline,9,187.0,3
classic_baseline,9,187.0,4
classic_baseline,9,187.0,2
classic_baseline,9,187.0,6
classic_baseline,9,187.0,6
classic_baseline,9,188.0,3
classic_baseline,9,188.0,5
classic_baseline,9,188.0,1
classic_baseline,9,188.0,7
classic_baseline,9,188.0,4
classic_baseline,9,189.0,5
classic_baseline,9,189.0,6
classic_baseline,9,189.0,2
classic_baseline,9,189.0,5
classic_baseline,9,189.0,3
classic_baseline,9,190.0,4
classic_baseline,9,190.0,3
classic_baseline,9,190.0,5
classic_baseline,9,190.0,2
classic_baseline,9,190.0,5
classic_baseline,9,191.0,5
classic_baseline,9,191.0,5
classic_baseline,9,191.0,3
classic_baseline,9,191.0,2
classic_baseline,9,191.0,3
classic_baseline,9,192.0,3
classic_baseline,9,192.0,4
classic_baseline,9,192.0,1
classic_baseline,9,192.0,4
classic_baseline,9,192.0,3
classic_baseline,9,193.0,3
classic_baseline,9,193.0,4
classic_baseline,9,193.0,1
classic_baseline,9,193.0,7
classic_baseline,9,193.0,6
classic_baseline,9,194.0,5
classic_baseline,9,194.0,5
classic_baseline,9,194.0,9
classic_baseline,9,194.0,5
classic_baseline,9,194.0,5
classic_baseline,9,195.0,3
classic_baseline,9,195.0,2
classic_baseline,9,195.0,6
classic_baseline,9,195.0,2
classic_baseline,9,195.0,4
classic_baseline,9,196.0,4
classic_baseline,9,196.0,5
classic_baseline,9,196.0,1
classic_baseline,9,196.0,3
classic_baseline,9,196.0,3
classic_baseline,9,197.0,2
classic_baseline,9,197.0,5
classic_baseline,9,197.0,6
classic_baseline,9,197.0,4
classic_baseline,9,197.0,3
classic_baseline,9,198.0,4
classic_baseline,9,198.0,2
classic_baseline,9,198.0,4
classic_baseline,9,198.0,7
classic_baseline,9,198.0,7
classic_baseline,9,199.0,6
classic_baseline,9,199.0,1
classic_baseline,9,199.0,6
classic_baseline,9,199.0,4
classic_baseline,9,199.0,5
classic_baseline,9,200.0,4
classic_baseline,9,200.0,5
classic_baseline,9,200.0,8
classic_baseline,9,200.0,3
classic_baseline,9,200.0,5
classic_baseline,9,201.0,6
classic_baseline,9,201.0,4
classic_baseline,9,201.0,7
classic_baseline,9,201.0,3
classic_baseline,9,201.0,5
classic_baseline,9,202.0,4
classic_baseline,9,202.0,2
classic_baseline,9,202.0,4
classic_baseline,9,202.0,5
classic_baseline,9,202.0,5
classic_baseline,9,203.0,2
classic_baseline,9,203.0,2
classic_baseline,9,203.0,6
classic_baseline,9,203.0,5
classic_baseline,9,203.0,2
classic_baseline,9,204.0,4
classic_baseline,9,204.0,5
classic_baseline,9,204.0,4
classic_baseline,9,204.0,4
classic_baseline,9,204.0,5
classic_baseline,9,205.0,3
classic_baseline,9,205.0,3
classic_baseline,9,205.0,3
classic_baseline,9,205.0,5
classic_baseline,9,205.0,1
classic_baseline,9,206.0,5
classic_baseline,9,206.0,5
classic_baseline,9,206.0,5
classic_baseline,9,206.0,5
classic_baseline,9,206.0,2
classic_baseline,9,207.0,6
classic_baseline,9,207.0,4
classic_baseline,9,207.0,2
classic_baseline,9,207.0,5
classic_baseline,9,207.0,2
classic_baseline,9,208.0,2
classic_baseline,9,208.0,5
classic_baseline,9,208.0,6
classic_baseline,9,208.0,4
classic_baseline,9,208.0,6
classic_baseline,9,209.0,1
classic_baseline,9,209.0,8
classic_baseline,9,209.0,5
classic_baseline,9,209.0,4
classic_baseline,9,209.0,5
classic_baseline,9,210.0,2
classic_baseline,9,210.0,2
classic_baseline,9,210.0,4
classic_baseline,9,210.0,6
classic_baseline,9,210.0,2
classic_baseline,9,211.0,5
classic_baseline,9,211.0,3
classic_baseline,9,211.0,4
classic_baseline,9,211.0,2
classic_baseline,9,211.0,1
classic_baseline,9,212.0,1
classic_baseline,9,212.0,6
classic_baseline,9,212.0,5
classic_baseline,9,212.0,2
classic_baseline,9,212.0,4
classic_baseline,9,213.0,2
classic_baseline,9,213.0,4
classic_baseline,9,213.0,4
classic_baseline,9,213.0,3
classic_baseline,9,213.0,5
classic_baseline,9,214.0,4
classic_baseline,9,214.0,2
classic_baseline,9,214.0,7
classic_baseline,9,214.0,5
classic_baseline,9,214.0,3
classic_baseline,9,215.0,5
classic_baseline,9,215.0,5
classic_baseline,9,215.0,1
classic_baseline,9,215.0,3
classic_baseline,9,215.0,3
classic_baseline,9,216.0,6
classic_baseline,9,216.0,5
classic_baseline,9,216.0,1
classic_baseline,9,216.0,6
classic_baseline,9,216.0,1
classic_baseline,9,217.0,1
classic_baseline,9,217.0,5
classic_baseline,9,217.0,5
classic_baseline,9,217.0,1
classic_baseline,9,217.0,1
classic_baseline,9,218.0,4
classic_baseline,9,218.0,2
classic_baseline,9,218.0,4
classic_baseline,9,218.0,5
classic_baseline,9,218.0,3
classic_baseline,9,219.0,4
classic_baseline,9,219.0,2
classic_baseline,9,219.0,3
classic_baseline,9,219.0,5
classic_baseline,9,219.0,2
classic_baseline,9,220.0,5
classic_baseline,9,220.0,5
classic_baseline,9,220.0,5
classic_baseline,9,220.0,3
classic_baseline,9,220.0,3
classic_baseline,9,221.0,1
classic_baseline,9,221.0,4
classic_baseline,9,221.0,5
classic_baseline,9,221.0,4
classic_baseline,9,221.0,3
classic_baseline,9,222.0,6
classic_baseline,9,222.0,3
classic_baseline,9,222.0,7
classic_baseline,9,222.0,1
classic_baseline,9,222.0,5
classic_baseline,9,223.0,2
classic_baseline,9,223.0,3
classic_baseline,9,223.0,4
classic_baseline,9,223.0,7
classic_baseline,9,223.0,4
classic_baseline,9,224.0,6
classic_baseline,9,224.0,5
classic_baseline,9,224.0,6
classic_baseline,9,224.0,4
classic_baseline,9,224.0,2
classic_baseline,9,225.0,2
classic_baseline,9,225.0,1
classic_baseline,9,225.0,7
classic_baseline,9,225.0,3
classic_baseline,9,225.0,5
classic_baseline,9,226.0,3
classic_baseline,9,226.0,6
classic_baseline,9,226.0,3
classic_baseline,9,226.0,5
classic_baseline,9,226.0,2
classic_baseline,9,227.0,7
classic_baseline,9,227.0,3
classic_baseline,9,227.0,6
classic_baseline,9,227.0,3
classic_baseline,9,227.0,1
classic_baseline,9,228.0,5
classic_baseline,9,228.0,6
classic_baseline,9,228.0,5
classic_baseline,9,228.0,6
classic_baseline,9,228.0,8
classic_baseline,9,229.0,5
classic_baseline,9,229.0,4
classic_baseline,9,229.0,5
classic_baseline,9,229.0,3
classic_baseline,9,229.0,2
classic_baseline,9,230.0,3
classic_baseline,9,230.0,2
classic_baseline,9,230.0,1
classic_baseline,9,230.0,5
classic_baseline,9,230.0,2
classic_baseline,9,231.0,2
classic_baseline,9,231.0,6
classic_baseline,9,231.0,8
classic_baseline,9,231.0,1
classic_baseline,9,231.0,7
classic_baseline,9,232.0,2
classic_baseline,9,232.0,3
classic_baseline,9,232.0,3
classic_baseline,9,232.0,3
classic_baseline,9,232.0,2
classic_baseline,9,233.0,6
classic_baseline,9,233.0,5
classic_baseline,9,233.0,6
classic_baseline,9,233.0,3
classic_baseline,9,233.0,2
classic_baseline,9,234.0,4
classic_baseline,9,234.0,2
classic_baseline,9,234.0,3
classic_baseline,9,234.0,3
classic_baseline,9,234.0,7
classic_baseline,9,235.0,1
classic_baseline,9,235.0,6
classic_baseline,9,235.0,5
classic_baseline,9,235.0,1
classic_baseline,9,235.0,5
classic_baseline,9,236.0,2
classic_baseline,9,236.0,5
classic_baseline,9,236.0,6
classic_baseline,9,236.0,5
classic_baseline,9,236.0,3
classic_baseline,9,237.0,6
classic_baseline,9,237.0,4
classic_baseline,9,237.0,5
classic_baseline,9,237.0,4
classic_baseline,9,237.0,5
classic_baseline,9,238.0,4
classic_baseline,9,238.0,3
classic_baseline,9,238.0,5
classic_baseline,9,238.0,4
classic_baseline,9,238.0,2
classic_baseline,9,239.0,2
classic_baseline,9,239.0,4
classic_baseline,9,239.0,6
classic_baseline,9,239.0,1
classic_baseline,9,239.0,3
classic_baseline,9,240.0,2
classic_baseline,9,240.0,1
classic_baseline,9,240.0,4
classic_baseline,9,240.0,3
classic_baseline,9,240.0,3
classic_baseline,9,241.0,3
classic_baseline,9,241.0,1
classic_baseline,9,241.0,5
classic_baseline,9,241.0,4
classic_baseline,9,241.0,3
classic_baseline,9,242.0,6
classic_baseline,9,242.0,2
classic_baseline,9,242.0,4
classic_baseline,9,242.0,7
classic_baseline,9,242.0,2
classic_baseline,9,243.0,5
classic_baseline,9,243.0,2
classic_baseline,9,243.0,5
classic_baseline,9,243.0,2
classic_baseline,9,243.0,6
classic_baseline,9,244.0,3
classic_baseline,9,244.0,6
classic_baseline,9,244.0,5
classic_baseline,9,244.0,7
classic_baseline,9,244.0,3
classic_baseline,9,245.0,4
classic_baseline,9,245.0,1
classic_baseline,9,245.0,3
classic_baseline,9,245.0,6
classic_baseline,9,245.0,2
classic_baseline,9,246.0,3
classic_baseline,9,246.0,4
classic_baseline,9,246.0,3
classic_baseline,9,246.0,4
classic_baseline,9,246.0,2
classic_baseline,9,247.0,3
classic_baseline,9,247.0,5
classic_baseline,9,247.0,7
classic_baseline,9,247.0,3
classic_baseline,9,247.0,5
classic_baseline,9,248.0,1
classic_baseline,9,248.0,2
classic_baseline,9,248.0,5
classic_baseline,9,248.0,4
classic_baseline,9,248.0,4
classic_baseline,9,249.0,5
classic_baseline,9,249.0,2
classic_baseline,9,249.0,6
classic_baseline,9,249.0,2
classic_baseline,9,249.0,2
classic_baseline,9,250.0,6
classic_baseline,9,250.0,4
classic_baseline,9,250.0,3
classic_baseline,9,250.0,4
classic_baseline,9,250.0,6
classic_baseline,9,251.0,7
classic_baseline,9,251.0,3
classic_baseline,9,251.0,2
classic_baseline,9,251.0,3
classic_baseline,9,251.0,4
classic_baseline,9,252.0,3
classic_baseline,9,252.0,4
classic_baseline,9,252.0,3
classic_baseline,9,252.0,6
classic_baseline,9,252.0,7
classic_baseline,9,253.0,4
classic_baseline,9,253.0,2
classic_baseline,9,253.0,2
classic_baseline,9,253.0,2
classic_baseline,9,253.0,5
classic_baseline,9,254.0,1
classic_baseline,9,254.0,5
classic_baseline,9,254.0,2
classic_baseline,9,254.0,4
classic_baseline,9,254.0,5
classic_baseline,9,255.0,5
classic_baseline,9,255.0,1
classic_baseline,9,255.0,4
classic_baseline,9,255.0,1
classic_baseline,9,255.0,2
classic_baseline,9,256.0,3
classic_baseline,9,256.0,5
classic_baseline,9,256.0,7
classic_baseline,9,256.0,6
classic_baseline,9,256.0,2
classic_baseline,9,257.0,5
classic_baseline,9,257.0,3
classic_baseline,9,257.0,4
classic_baseline,9,257.0,1
classic_baseline,9,257.0,4
classic_baseline,9,258.0,5
classic_baseline,9,258.0,3
classic_baseline,9,258.0,3
classic_baseline,9,258.0,4
classic_baseline,9,258.0,3
classic_baseline,9,259.0,2
classic_baseline,9,259.0,6
classic_baseline,9,259.0,2
classic_baseline,9,259.0,3
classic_baseline,9,259.0,5
classic_baseline,9,260.0,3
classic_baseline,9,260.0,4
classic_baseline,9,260.0,5
classic_baseline,9,260.0,4
classic_baseline,9,260.0,2
classic_baseline,9,261.0,6
classic_baseline,9,261.0,3
classic_baseline,9,261.0,4
classic_baseline,9,261.0,2
classic_baseline,9,261.0,4
classic_baseline,9,262.0,2
classic_baseline,9,262.0,1
classic_baseline,9,262.0,3
classic_baseline,9,262.0,5
classic_baseline,9,262.0,5
classic_baseline,9,263.0,2
classic_baseline,9,263.0,7
classic_baseline,9,263.0,3
classic_baseline,9,263.0,3
classic_baseline,9,263.0,1
classic_baseline,9,264.0,2
classic_baseline,9,264.0,1
classic_baseline,9,264.0,8
classic_baseline,9,264.0,7
classic_baseline,9,264.0,2
classic_baseline,9,265.0,5
classic_baseline,9,265.0,4
classic_baseline,9,265.0,7
classic_baseline,9,265.0,2
classic_baseline,9,265.0,7
classic_baseline,9,266.0,3
classic_baseline,9,266.0,6
classic_baseline,9,266.0,3
classic_baseline,9,266.0,2
classic_baseline,9,266.0,3
classic_baseline,9,267.0,4
classic_baseline,9,267.0,1
classic_baseline,9,267.0,6
classic_baseline,9,267.0,4
classic_baseline,9,267.0,6
classic_baseline,9,268.0,5
classic_baseline,9,268.0,1
classic_baseline,9,268.0,6
classic_baseline,9,268.0,2
classic_baseline,9,268.0,1
classic_baseline,9,269.0,5
classic_baseline,9,269.0,4
classic_baseline,9,269.0,5
classic_baseline,9,269.0,1
classic_baseline,9,269.0,5
classic_baseline,9,270.0,5
classic_baseline,9,270.0,3
classic_baseline,9,270.0,6
classic_baseline,9,270.0,2
classic_baseline,9,270.0,4
classic_baseline,9,271.0,3
classic_baseline,9,271.0,1
classic_baseline,9,271.0,5
classic_baseline,9,271.0,3
classic_baseline,9,271.0,4
classic_baseline,9,272.0,4
classic_baseline,9,272.0,4
classic_baseline,9,272.0,3
classic_baseline,9,272.0,2
classic_baseline,9,272.0,1
classic_baseline,9,273.0,4
classic_baseline,9,273.0,5
classic_baseline,9,273.0,6
classic_baseline,9,273.0,1
classic_baseline,9,273.0,2
classic_baseline,9,274.0,8
classic_baseline,9,274.0,9
classic_baseline,9,274.0,4
classic_baseline,9,274.0,6
classic_baseline,9,274.0,3
classic_baseline,9,275.0,9
classic_baseline,9,275.0,6
classic_baseline,9,275.0,4
classic_baseline,9,275.0,6
classic_baseline,9,275.0,5
classic_baseline,9,276.0,5
classic_baseline,9,276.0,5
classic_baseline,9,276.0,7
classic_baseline,9,276.0,5
classic_baseline,9,276.0,6
classic_baseline,9,277.0,2
classic_baseline,9,277.0,3
classic_baseline,9,277.0,5
classic_baseline,9,277.0,3
classic_baseline,9,277.0,1
classic_baseline,9,278.0,3
classic_baseline,9,278.0,6
classic_baseline,9,278.0,5
classic_baseline,9,278.0,2
classic_baseline,9,278.0,7
classic_baseline,9,279.0,1
classic_baseline,9,279.0,7
classic_baseline,9,279.0,6
classic_baseline,9,279.0,6
classic_baseline,9,279.0,4
classic_baseline,9,280.0,3
classic_baseline,9,280.0,1
classic_baseline,9,280.0,7
classic_baseline,9,280.0,7
classic_baseline,9,280.0,7
classic_baseline,9,281.0,3
classic_baseline,9,281.0,1
classic_baseline,9,281.0,6
classic_baseline,9,281.0,2
classic_baseline,9,281.0,4
classic_baseline,9,282.0,4
classic_baseline,9,282.0,5
classic_baseline,9,282.0,5
classic_baseline,9,282.0,4
classic_baseline,9,282.0,5
classic_baseline,9,283.0,2
classic_baseline,9,283.0,3
classic_baseline,9,283.0,6
classic_baseline,9,283.0,2
classic_baseline,9,283.0,5
classic_baseline,9,284.0,3
classic_baseline,9,284.0,6
classic_baseline,9,284.0,2
classic_baseline,9,284.0,7
classic_baseline,9,284.0,6
classic_baseline,9,285.0,4
classic_baseline,9,285.0,2
classic_baseline,9,285.0,4
classic_baseline,9,285.0,7
classic_baseline,9,285.0,4
classic_baseline,9,286.0,6
classic_baseline,9,286.0,1
classic_baseline,9,286.0,5
classic_baseline,9,286.0,7
classic_baseline,9,286.0,2
classic_baseline,9,287.0,3
classic_baseline,9,287.0,2
classic_baseline,9,287.0,2
classic_baseline,9,287.0,6
classic_baseline,9,287.0,5
classic_baseline,9,288.0,6
classic_baseline,9,288.0,2
classic_baseline,9,288.0,5
classic_baseline,9,288.0,2
classic_baseline,9,288.0,7
classic_baseline,9,289.0,2
classic_baseline,9,289.0,7
classic_baseline,9,289.0,6
classic_baseline,9,289.0,2
classic_baseline,9,289.0,2
classic_baseline,9,290.0,4
classic_baseline,9,290.0,4
classic_baseline,9,290.0,3
classic_baseline,9,290.0,2
classic_baseline,9,290.0,3
classic_baseline,9,291.0,5
classic_baseline,9,291.0,6
classic_baseline,9,291.0,8
classic_baseline,9,291.0,4
classic_baseline,9,291.0,6
classic_baseline,9,292.0,5
classic_baseline,9,292.0,2
classic_baseline,9,292.0,3
classic_baseline,9,292.0,2
classic_baseline,9,292.0,6
classic_baseline,9,293.0,1
classic_baseline,9,293.0,3
classic_baseline,9,293.0,3
classic_baseline,9,293.0,4
classic_baseline,9,293.0,4
classic_baseline,9,294.0,4
classic_baseline,9,294.0,7
classic_baseline,9,294.0,2
classic_baseline,9,294.0,5
classic_baseline,9,294.0,2
classic_baseline,9,295.0,5
classic_baseline,9,295.0,1
classic_baseline,9,295.0,3
classic_baseline,9,295.0,1
classic_baseline,9,295.0,3
classic_baseline,9,296.0,7
classic_baseline,9,296.0,7
classic_baseline,9,296.0,4
classic_baseline,9,296.0,6
classic_baseline,9,296.0,3
classic_baseline,9,297.0,6
classic_baseline,9,297.0,5
classic_baseline,9,297.0,5
classic_baseline,9,297.0,3
classic_baseline,9,297.0,4
classic_baseline,9,298.0,3
classic_baseline,9,298.0,4
classic_baseline,9,298.0,5
classic_baseline,9,298.0,3
classic_baseline,9,298.0,6
classic_baseline,9,299.0,2
classic_baseline,9,299.0,4
classic_baseline,9,299.0,8
classic_baseline,9,299.0,3
classic_baseline,9,299.0,3
classic_baseline,9,300.0,4
classic_baseline,9,300.0,3
classic_baseline,9,300.0,1
classic_baseline,9,300.0,5
classic_baseline,9,300.0,6
classic_baseline,21,1.0,7
classic_baseline,21,1.0,1
classic_baseline,21,1.0,9
classic_baseline,21,1.0,2
classic_baseline,21,1.0,5
classic_baseline,21,2.0,5
classic_baseline,21,2.0,9
classic_baseline,21,2.0,3
classic_baseline,21,2.0,6
classic_baseline,21,2.0,8
classic_baseline,21,3.0,9
classic_baseline,21,3.0,3
classic_baseline,21,3.0,7
classic_baseline,21,3.0,4
classic_baseline,21,3.0,4
classic_baseline,21,4.0,7
classic_baseline,21,4.0,1
classic_baseline,21,4.0,6
classic_baseline,21,4.0,5
classic_baseline,21,4.0,6
classic_baseline,21,5.0,4
classic_baseline,21,5.0,6
classic_baseline,21,5.0,3
classic_baseline,21,5.0,6
classic_baseline,21,5.0,2
classic_baseline,21,6.0,5
classic_baseline,21,6.0,3
classic_baseline,21,6.0,3
classic_baseline,21,6.0,7
classic_baseline,21,6.0,4
classic_baseline,21,7.0,4
classic_baseline,21,7.0,5
classic_baseline,21,7.0,5
classic_baseline,21,7.0,4
classic_baseline,21,7.0,6
classic_baseline,21,8.0,4
classic_baseline,21,8.0,5
classic_baseline,21,8.0,3
classic_baseline,21,8.0,6
classic_baseline,21,8.0,3
classic_baseline,21,9.0,4
classic_baseline,21,9.0,4
classic_baseline,21,9.0,8
classic_baseline,21,9.0,3
classic_baseline,21,9.0,1
classic_baseline,21,10.0,7
classic_baseline,21,10.0,4
classic_baseline,21,10.0,3
classic_baseline,21,10.0,3
classic_baseline,21,10.0,2
classic_baseline,21,11.0,4
classic_baseline,21,11.0,10
classic_baseline,21,11.0,7
classic_baseline,21,11.0,4
classic_baseline,21,11.0,1
classic_baseline,21,12.0,2
classic_baseline,21,12.0,2
classic_baseline,21,12.0,3
classic_baseline,21,12.0,2
classic_baseline,21,12.0,3
classic_baseline,21,13.0,4
classic_baseline,21,13.0,3
classic_baseline,21,13.0,6
classic_baseline,21,13.0,4
classic_baseline,21,13.0,6
classic_baseline,21,14.0,5
classic_baseline,21,14.0,4
classic_baseline,21,14.0,2
classic_baseline,21,14.0,6
classic_baseline,21,14.0,2
classic_baseline,21,15.0,7
classic_baseline,21,15.0,2
classic_baseline,21,15.0,7
classic_baseline,21,15.0,2
classic_baseline,21,15.0,2
classic_baseline,21,16.0,5
classic_baseline,21,16.0,2
classic_baseline,21,16.0,4
classic_baseline,21,16.0,5
classic_baseline,21,16.0,3
classic_baseline,21,17.0,1
classic_baseline,21,17.0,5
classic_baseline,21,17.0,8
classic_baseline,21,17.0,3
classic_baseline,21,17.0,6
classic_baseline,21,18.0,5
classic_baseline,21,18.0,4
classic_baseline,21,18.0,3
classic_baseline,21,18.0,2
classic_baseline,21,18.0,7
classic_baseline,21,19.0,4
classic_baseline,21,19.0,7
classic_baseline,21,19.0,1
classic_baseline,21,19.0,10
classic_baseline,21,19.0,8
classic_baseline,21,20.0,6
classic_baseline,21,20.0,3
classic_baseline,21,20.0,1
classic_baseline,21,20.0,3
classic_baseline,21,20.0,6
classic_baseline,21,21.0,4
classic_baseline,21,21.0,4
classic_baseline,21,21.0,4
classic_baseline,21,21.0,4
classic_baseline,21,21.0,3
classic_baseline,21,22.0,6
classic_baseline,21,22.0,4
classic_baseline,21,22.0,5
classic_baseline,21,22.0,2
classic_baseline,21,22.0,6
classic_baseline,21,23.0,4
classic_baseline,21,23.0,7
classic_baseline,21,23.0,1
classic_baseline,21,23.0,6
classic_baseline,21,23.0,4
classic_baseline,21,24.0,6
classic_baseline,21,24.0,3
classic_baseline,21,24.0,2
classic_baseline,21,24.0,5
classic_baseline,21,24.0,3
classic_baseline,21,25.0,2
classic_baseline,21,25.0,7
classic_baseline,21,25.0,2
classic_baseline,21,25.0,6
classic_baseline,21,25.0,2
classic_baseline,21,26.0,4
classic_baseline,21,26.0,5
classic_baseline,21,26.0,6
classic_baseline,21,26.0,5
classic_baseline,21,26.0,3
classic_baseline,21,27.0,5
classic_baseline,21,27.0,6
classic_baseline,21,27.0,1
classic_baseline,21,27.0,4
classic_baseline,21,27.0,5
classic_baseline,21,28.0,4
classic_baseline,21,28.0,6
classic_baseline,21,28.0,5
classic_baseline,21,28.0,3
classic_baseline,21,28.0,7
classic_baseline,21,29.0,5
classic_baseline,21,29.0,1
classic_baseline,21,29.0,1
classic_baseline,21,29.0,3
classic_baseline,21,29.0,3
classic_baseline,21,30.0,4
classic_baseline,21,30.0,4
classic_baseline,21,30.0,4
classic_baseline,21,30.0,4
classic_baseline,21,30.0,4
classic_baseline,21,31.0,4
classic_baseline,21,31.0,1
classic_baseline,21,31.0,2
classic_baseline,21,31.0,3
classic_baseline,21,31.0,1
classic_baseline,21,32.0,5
classic_baseline,21,32.0,3
classic_baseline,21,32.0,7
classic_baseline,21,32.0,1
classic_baseline,21,32.0,6
classic_baseline,21,33.0,1
classic_baseline,21,33.0,2
classic_baseline,21,33.0,4
classic_baseline,21,33.0,4
classic_baseline,21,33.0,5
classic_baseline,21,34.0,3
classic_baseline,21,34.0,2
classic_baseline,21,34.0,7
classic_baseline,21,34.0,3
classic_baseline,21,34.0,3
classic_baseline,21,35.0,5
classic_baseline,21,35.0,4
classic_baseline,21,35.0,8
classic_baseline,21,35.0,4
classic_baseline,21,35.0,4
classic_baseline,21,36.0,7
classic_baseline,21,36.0,3
classic_baseline,21,36.0,5
classic_baseline,21,36.0,5
classic_baseline,21,36.0,4
classic_baseline,21,37.0,3
classic_baseline,21,37.0,3
classic_baseline,21,37.0,5
classic_baseline,21,37.0,5
classic_baseline,21,37.0,6
classic_baseline,21,38.0,9
classic_baseline,21,38.0,3
classic_baseline,21,38.0,3
classic_baseline,21,38.0,2
classic_baseline,21,38.0,8
classic_baseline,21,39.0,5
classic_baseline,21,39.0,6
classic_baseline,21,39.0,3
classic_baseline,21,39.0,3
classic_baseline,21,39.0,3
classic_baseline,21,40.0,8
classic_baseline,21,40.0,3
classic_baseline,21,40.0,2
classic_baseline,21,40.0,5
classic_baseline,21,40.0,1
classic_baseline,21,41.0,6
classic_baseline,21,41.0,4
classic_baseline,21,41.0,4
classic_baseline,21,41.0,5
classic_baseline,21,41.0,2
classic_baseline,21,42.0,5
classic_baseline,21,42.0,1
classic_baseline,21,42.0,4
classic_baseline,21,42.0,7
classic_baseline,21,42.0,3
classic_baseline,21,43.0,5
classic_baseline,21,43.0,6
classic_baseline,21,43.0,3
classic_baseline,21,43.0,7
classic_baseline,21,43.0,3
classic_baseline,21,44.0,4
classic_baseline,21,44.0,4
classic_baseline,21,44.0,6
classic_baseline,21,44.0,4
classic_baseline,21,44.0,3
classic_baseline,21,45.0,5
classic_baseline,21,45.0,1
classic_baseline,21,45.0,5
classic_baseline,21,45.0,5
classic_baseline,21,45.0,1
classic_baseline,21,46.0,5
classic_baseline,21,46.0,3
classic_baseline,21,46.0,8
classic_baseline,21,46.0,7
classic_baseline,21,46.0,2
classic_baseline,21,47.0,4
classic_baseline,21,47.0,6
classic_baseline,21,47.0,7
classic_baseline,21,47.0,7
classic_baseline,21,47.0,1
classic_baseline,21,48.0,1
classic_baseline,21,48.0,4
classic_baseline,21,48.0,6
classic_baseline,21,48.0,5
classic_baseline,21,48.0,3
classic_baseline,21,49.0,1
classic_baseline,21,49.0,5
classic_baseline,21,49.0,3
classic_baseline,21,49.0,1
classic_baseline,21,49.0,3
classic_baseline,21,50.0,6
classic_baseline,21,50.0,5
classic_baseline,21,50.0,4
classic_baseline,21,50.0,3
classic_baseline,21,50.0,4
classic_baseline,21,51.0,5
classic_baseline,21,51.0,2
classic_baseline,21,51.0,4
classic_baseline,21,51.0,3
classic_baseline,21,51.0,1
classic_baseline,21,52.0,1
classic_baseline,21,52.0,3
classic_baseline,21,52.0,4
classic_baseline,21,52.0,7
classic_baseline,21,52.0,3
classic_baseline,21,53.0,4
classic_baseline,21,53.0,2
classic_baseline,21,53.0,5
classic_baseline,21,53.0,8
classic_baseline,21,53.0,4
classic_baseline,21,54.0,7
classic_baseline,21,54.0,4
classic_baseline,21,54.0,3
classic_baseline,21,54.0,3
classic_baseline,21,54.0,4
classic_baseline,21,55.0,1
classic_baseline,21,55.0,3
classic_baseline,21,55.0,5
classic_baseline,21,55.0,7
classic_baseline,21,55.0,5
classic_baseline,21,56.0,3
classic_baseline,21,56.0,6
classic_baseline,21,56.0,3
classic_baseline,21,56.0,4
classic_baseline,21,56.0,6
classic_baseline,21,57.0,3
classic_baseline,21,57.0,4
classic_baseline,21,57.0,4
classic_baseline,21,57.0,7
classic_baseline,21,57.0,6
classic_baseline,21,58.0,5
classic_baseline,21,58.0,3
classic_baseline,21,58.0,4
classic_baseline,21,58.0,6
classic_baseline,21,58.0,4
classic_baseline,21,59.0,6
classic_baseline,21,59.0,1
classic_baseline,21,59.0,6
classic_baseline,21,59.0,4
classic_baseline,21,59.0,3
classic_baseline,21,60.0,2
classic_baseline,21,60.0,6
classic_baseline,21,60.0,4
classic_baseline,21,60.0,2
classic_baseline,21,60.0,3
classic_baseline,21,61.0,3
classic_baseline,21,61.0,2
classic_baseline,21,61.0,4
classic_baseline,21,61.0,4
classic_baseline,21,61.0,2
classic_baseline,21,62.0,5
classic_baseline,21,62.0,3
classic_baseline,21,62.0,6
classic_baseline,21,62.0,5
classic_baseline,21,62.0,2
classic_baseline,21,63.0,1
classic_baseline,21,63.0,3
classic_baseline,21,63.0,4
classic_baseline,21,63.0,7
classic_baseline,21,63.0,10
classic_baseline,21,64.0,5
classic_baseline,21,64.0,4
classic_baseline,21,64.0,7
classic_baseline,21,64.0,4
classic_baseline,21,64.0,3
classic_baseline,21,65.0,3
classic_baseline,21,65.0,3
classic_baseline,21,65.0,8
classic_baseline,21,65.0,6
classic_baseline,21,65.0,1
classic_baseline,21,66.0,5
classic_baseline,21,66.0,1
classic_baseline,21,66.0,6
classic_baseline,21,66.0,2
classic_baseline,21,66.0,1
classic_baseline,21,67.0,5
classic_baseline,21,67.0,2
classic_baseline,21,67.0,2
classic_baseline,21,67.0,2
classic_baseline,21,67.0,3
classic_baseline,21,68.0,3
classic_baseline,21,68.0,2
classic_baseline,21,68.0,6
classic_baseline,21,68.0,4
classic_baseline,21,68.0,4
classic_baseline,21,69.0,5
classic_baseline,21,69.0,7
classic_baseline,21,69.0,6
classic_baseline,21,69.0,4
classic_baseline,21,69.0,6
classic_baseline,21,70.0,3
classic_baseline,21,70.0,5
classic_baseline,21,70.0,5
classic_baseline,21,70.0,2
classic_baseline,21,70.0,3
classic_baseline,21,71.0,3
classic_baseline,21,71.0,2
classic_baseline,21,71.0,3
classic_baseline,21,71.0,2
classic_baseline,21,71.0,5
classic_baseline,21,72.0,4
classic_baseline,21,72.0,8
classic_baseline,21,72.0,3
classic_baseline,21,72.0,5
classic_baseline,21,72.0,8
classic_baseline,21,73.0,5
classic_baseline,21,73.0,2
classic_baseline,21,73.0,2
classic_baseline,21,73.0,4
classic_baseline,21,73.0,2
classic_baseline,21,74.0,6
classic_baseline,21,74.0,3
classic_baseline,21,74.0,6
classic_baseline,21,74.0,6
classic_baseline,21,74.0,7
classic_baseline,21,75.0,3
classic_baseline,21,75.0,5
classic_baseline,21,75.0,6
classic_baseline,21,75.0,2
classic_baseline,21,75.0,1
classic_baseline,21,76.0,3
classic_baseline,21,76.0,7
classic_baseline,21,76.0,4
classic_baseline,21,76.0,2
classic_baseline,21,76.0,3
classic_baseline,21,77.0,3
classic_baseline,21,77.0,5
classic_baseline,21,77.0,2
classic_baseline,21,77.0,3
classic_baseline,21,77.0,5
classic_baseline,21,78.0,1
classic_baseline,21,78.0,1
classic_baseline,21,78.0,2
classic_baseline,21,78.0,6
classic_baseline,21,78.0,8
classic_baseline,21,79.0,5
classic_baseline,21,79.0,4
classic_baseline,21,79.0,6
classic_baseline,21,79.0,4
classic_baseline,21,79.0,5
classic_baseline,21,80.0,3
classic_baseline,21,80.0,5
classic_baseline,21,80.0,2
classic_baseline,21,80.0,6
classic_baseline,21,80.0,5
classic_baseline,21,81.0,3
classic_baseline,21,81.0,3
classic_baseline,21,81.0,2
classic_baseline,21,81.0,8
classic_baseline,21,81.0,7
classic_baseline,21,82.0,7
classic_baseline,21,82.0,4
classic_baseline,21,82.0,3
classic_baseline,21,82.0,2
classic_baseline,21,82.0,3
classic_baseline,21,83.0,2
classic_baseline,21,83.0,4
classic_baseline,21,83.0,4
classic_baseline,21,83.0,1
classic_baseline,21,83.0,5
classic_baseline,21,84.0,2
classic_baseline,21,84.0,3
classic_baseline,21,84.0,6
classic_baseline,21,84.0,3
classic_baseline,21,84.0,6
classic_baseline,21,85.0,3
classic_baseline,21,85.0,2
classic_baseline,21,85.0,2
classic_baseline,21,85.0,4
classic_baseline,21,85.0,5
classic_baseline,21,86.0,4
classic_baseline,21,86.0,6
classic_baseline,21,86.0,7
classic_baseline,21,86.0,4
classic_baseline,21,86.0,4
classic_baseline,21,87.0,4
classic_baseline,21,87.0,8
classic_baseline,21,87.0,4
classic_baseline,21,87.0,4
classic_baseline,21,87.0,8
classic_baseline,21,88.0,3
classic_baseline,21,88.0,3
classic_baseline,21,88.0,6
classic_baseline,21,88.0,2
classic_baseline,21,88.0,8
classic_baseline,21,89.0,6
classic_baseline,21,89.0,4
classic_baseline,21,89.0,1
classic_baseline,21,89.0,3
classic_baseline,21,89.0,3
classic_baseline,21,90.0,8
classic_baseline,21,90.0,3
classic_baseline,21,90.0,2
classic_baseline,21,90.0,4
classic_baseline,21,90.0,3
classic_baseline,21,91.0,3
classic_baseline,21,91.0,3
classic_baseline,21,91.0,7
classic_baseline,21,91.0,5
classic_baseline,21,91.0,2
classic_baseline,21,92.0,3
classic_baseline,21,92.0,3
classic_baseline,21,92.0,1
classic_baseline,21,92.0,5
classic_baseline,21,92.0,7
classic_baseline,21,93.0,3
classic_baseline,21,93.0,3
classic_baseline,21,93.0,5
classic_baseline,21,93.0,7
classic_baseline,21,93.0,2
classic_baseline,21,94.0,3
classic_baseline,21,94.0,4
classic_baseline,21,94.0,3
classic_baseline,21,94.0,5
classic_baseline,21,94.0,4
classic_baseline,21,95.0,2
classic_baseline,21,95.0,4
classic_baseline,21,95.0,8
classic_baseline,21,95.0,5
classic_baseline,21,95.0,2
classic_baseline,21,96.0,2
classic_baseline,21,96.0,7
classic_baseline,21,96.0,5
classic_baseline,21,96.0,5
classic_baseline,21,96.0,7
classic_baseline,21,97.0,2
classic_baseline,21,97.0,5
classic_baseline,21,97.0,5
classic_baseline,21,97.0,4
classic_baseline,21,97.0,6
classic_baseline,21,98.0,5
classic_baseline,21,98.0,3
classic_baseline,21,98.0,4
classic_baseline,21,98.0,1
classic_baseline,21,98.0,4
classic_baseline,21,99.0,5
classic_baseline,21,99.0,2
classic_baseline,21,99.0,2
classic_baseline,21,99.0,3
classic_baseline,21,99.0,5
classic_baseline,21,100.0,4
classic_baseline,21,100.0,4
classic_baseline,21,100.0,3
classic_baseline,21,100.0,1
classic_baseline,21,100.0,3
classic_baseline,21,101.0,4
classic_baseline,21,101.0,2
classic_baseline,21,101.0,3
classic_baseline,21,101.0,6
classic_baseline,21,101.0,5
classic_baseline,21,102.0,6
classic_baseline,21,102.0,2
classic_baseline,21,102.0,5
classic_baseline,21,102.0,2
classic_baseline,21,102.0,7
classic_baseline,21,103.0,1
classic_baseline,21,103.0,4
classic_baseline,21,103.0,4
classic_baseline,21,103.0,4
classic_baseline,21,103.0,4
classic_baseline,21,104.0,5
classic_baseline,21,104.0,5
classic_baseline,21,104.0,4
classic_baseline,21,104.0,1
classic_baseline,21,104.0,4
classic_baseline,21,105.0,8
classic_baseline,21,105.0,4
classic_baseline,21,105.0,6
classic_baseline,21,105.0,5
classic_baseline,21,105.0,4
classic_baseline,21,106.0,3
classic_baseline,21,106.0,7
classic_baseline,21,106.0,5
classic_baseline,21,106.0,8
classic_baseline,21,106.0,2
classic_baseline,21,107.0,3
classic_baseline,21,107.0,4
classic_baseline,21,107.0,3
classic_baseline,21,107.0,7
classic_baseline,21,107.0,5
classic_baseline,21,108.0,2
classic_baseline,21,108.0,5
classic_baseline,21,108.0,4
classic_baseline,21,108.0,6
classic_baseline,21,108.0,3
classic_baseline,21,109.0,6
classic_baseline,21,109.0,1
classic_baseline,21,109.0,6
classic_baseline,21,109.0,4
classic_baseline,21,109.0,3
classic_baseline,21,110.0,2
classic_baseline,21,110.0,3
classic_baseline,21,110.0,6
classic_baseline,21,110.0,4
classic_baseline,21,110.0,5
classic_baseline,21,111.0,4
classic_baseline,21,111.0,7
classic_baseline,21,111.0,5
classic_baseline,21,111.0,4
classic_baseline,21,111.0,2
classic_baseline,21,112.0,1
classic_baseline,21,112.0,3
classic_baseline,21,112.0,2
classic_baseline,21,112.0,4
classic_baseline,21,112.0,3
classic_baseline,21,113.0,4
classic_baseline,21,113.0,9
classic_baseline,21,113.0,6
classic_baseline,21,113.0,4
classic_baseline,21,113.0,2
classic_baseline,21,114.0,2
classic_baseline,21,114.0,3
classic_baseline,21,114.0,8
classic_baseline,21,114.0,1
classic_baseline,21,114.0,5
classic_baseline,21,115.0,4
classic_baseline,21,115.0,2
classic_baseline,21,115.0,2
classic_baseline,21,115.0,2
classic_baseline,21,115.0,2
classic_baseline,21,116.0,6
classic_baseline,21,116.0,9
classic_baseline,21,116.0,4
classic_baseline,21,116.0,3
classic_baseline,21,116.0,4
classic_baseline,21,117.0,5
classic_baseline,21,117.0,7
classic_baseline,21,117.0,2
classic_baseline,21,117.0,4
classic_baseline,21,117.0,3
classic_baseline,21,118.0,4
classic_baseline,21,118.0,5
classic_baseline,21,118.0,4
classic_baseline,21,118.0,2
classic_baseline,21,118.0,2
classic_baseline,21,119.0,4
classic_baseline,21,119.0,5
classic_baseline,21,119.0,3
classic_baseline,21,119.0,3
classic_baseline,21,119.0,1
classic_baseline,21,120.0,6
classic_baseline,21,120.0,5
classic_baseline,21,120.0,6
classic_baseline,21,120.0,1
classic_baseline,21,120.0,2
classic_baseline,21,121.0,7
classic_baseline,21,121.0,3
classic_baseline,21,121.0,7
classic_baseline,21,121.0,7
classic_baseline,21,121.0,3
classic_baseline,21,122.0,2
classic_baseline,21,122.0,9
classic_baseline,21,122.0,4
classic_baseline,21,122.0,5
classic_baseline,21,122.0,5
classic_baseline,21,123.0,3
classic_baseline,21,123.0,8
classic_baseline,21,123.0,5
classic_baseline,21,123.0,3
classic_baseline,21,123.0,5
classic_baseline,21,124.0,2
classic_baseline,21,124.0,2
classic_baseline,21,124.0,3
classic_baseline,21,124.0,7
classic_baseline,21,124.0,4
classic_baseline,21,125.0,3
classic_baseline,21,125.0,3
classic_baseline,21,125.0,3
classic_baseline,21,125.0,3
classic_baseline,21,125.0,5
classic_baseline,21,126.0,3
classic_baseline,21,126.0,2
classic_baseline,21,126.0,1
classic_baseline,21,126.0,4
classic_baseline,21,126.0,2
classic_baseline,21,127.0,2
classic_baseline,21,127.0,5
classic_baseline,21,127.0,1
classic_baseline,21,127.0,5
classic_baseline,21,127.0,3
classic_baseline,21,128.0,6
classic_baseline,21,128.0,7
classic_baseline,21,128.0,5
classic_baseline,21,128.0,5
classic_baseline,21,128.0,2
classic_baseline,21,129.0,6
classic_baseline,21,129.0,7
classic_baseline,21,129.0,3
classic_baseline,21,129.0,4
classic_baseline,21,129.0,5
classic_baseline,21,130.0,8
classic_baseline,21,130.0,4
classic_baseline,21,130.0,4
classic_baseline,21,130.0,1
classic_baseline,21,130.0,3
classic_baseline,21,131.0,6
classic_baseline,21,131.0,5
classic_baseline,21,131.0,5
classic_baseline,21,131.0,5
classic_baseline,21,131.0,1
classic_baseline,21,132.0,3
classic_baseline,21,132.0,5
classic_baseline,21,132.0,2
classic_baseline,21,132.0,7
classic_baseline,21,132.0,7
classic_baseline,21,133.0,6
classic_baseline,21,133.0,7
classic_baseline,21,133.0,7
classic_baseline,21,133.0,3
classic_baseline,21,133.0,2
classic_baseline,21,134.0,3
classic_baseline,21,134.0,6
classic_baseline,21,134.0,5
classic_baseline,21,134.0,1
classic_baseline,21,134.0,4
classic_baseline,21,135.0,5
classic_baseline,21,135.0,3
classic_baseline,21,135.0,3
classic_baseline,21,135.0,5
classic_baseline,21,135.0,4
classic_baseline,21,136.0,4
classic_baseline,21,136.0,6
classic_baseline,21,136.0,3
classic_baseline,21,136.0,5
classic_baseline,21,136.0,4
classic_baseline,21,137.0,7
classic_baseline,21,137.0,5
classic_baseline,21,137.0,4
classic_baseline,21,137.0,2
classic_baseline,21,137.0,4
classic_baseline,21,138.0,7
classic_baseline,21,138.0,3
classic_baseline,21,138.0,2
classic_baseline,21,138.0,11
classic_baseline,21,138.0,4
classic_baseline,21,139.0,8
classic_baseline,21,139.0,7
classic_baseline,21,139.0,7
classic_baseline,21,139.0,1
classic_baseline,21,139.0,3
classic_baseline,21,140.0,6
classic_baseline,21,140.0,2
classic_baseline,21,140.0,5
classic_baseline,21,140.0,5
classic_baseline,21,140.0,3
classic_baseline,21,141.0,2
classic_baseline,21,141.0,4
classic_baseline,21,141.0,3
classic_baseline,21,141.0,6
classic_baseline,21,141.0,2
classic_baseline,21,142.0,6
classic_baseline,21,142.0,5
classic_baseline,21,142.0,4
classic_baseline,21,142.0,3
classic_baseline,21,142.0,4
classic_baseline,21,143.0,3
classic_baseline,21,143.0,7
classic_baseline,21,143.0,6
classic_baseline,21,143.0,6
classic_baseline,21,143.0,2
classic_baseline,21,144.0,3
classic_baseline,21,144.0,6
classic_baseline,21,144.0,10
classic_baseline,21,144.0,6
classic_baseline,21,144.0,6
classic_baseline,21,145.0,5
classic_baseline,21,145.0,2
classic_baseline,21,145.0,4
classic_baseline,21,145.0,7
classic_baseline,21,145.0,6
classic_baseline,21,146.0,6
classic_baseline,21,146.0,5
classic_baseline,21,146.0,7
classic_baseline,21,146.0,3
classic_baseline,21,146.0,4
classic_baseline,21,147.0,9
classic_baseline,21,147.0,6
classic_baseline,21,147.0,3
classic_baseline,21,147.0,9
classic_baseline,21,147.0,9
classic_baseline,21,148.0,13
classic_baseline,21,148.0,9
classic_baseline,21,148.0,3
classic_baseline,21,148.0,4
classic_baseline,21,148.0,2
classic_baseline,21,149.0,6
classic_baseline,21,149.0,3
classic_baseline,21,149.0,8
classic_baseline,21,149.0,3
classic_baseline,21,149.0,5
classic_baseline,21,150.0,5
classic_baseline,21,150.0,3
classic_baseline,21,150.0,3
classic_baseline,21,150.0,6
classic_baseline,21,150.0,5
classic_baseline,21,151.0,2
classic_baseline,21,151.0,6
classic_baseline,21,151.0,3
classic_baseline,21,151.0,1
classic_baseline,21,151.0,3
classic_baseline,21,152.0,6
classic_baseline,21,152.0,2
classic_baseline,21,152.0,5
classic_baseline,21,152.0,7
classic_baseline,21,152.0,2
classic_baseline,21,153.0,4
classic_baseline,21,153.0,3
classic_baseline,21,153.0,4
classic_baseline,21,153.0,5
classic_baseline,21,153.0,5
classic_baseline,21,154.0,3
classic_baseline,21,154.0,6
classic_baseline,21,154.0,4
classic_baseline,21,154.0,1
classic_baseline,21,154.0,2
classic_baseline,21,155.0,1
classic_baseline,21,155.0,3
classic_baseline,21,155.0,2
classic_baseline,21,155.0,4
classic_baseline,21,155.0,3
classic_baseline,21,156.0,3
classic_baseline,21,156.0,2
classic_baseline,21,156.0,5
classic_baseline,21,156.0,2
classic_baseline,21,156.0,3
classic_baseline,21,157.0,2
classic_baseline,21,157.0,6
classic_baseline,21,157.0,5
classic_baseline,21,157.0,6
classic_baseline,21,157.0,4
classic_baseline,21,158.0,3
classic_baseline,21,158.0,1
classic_baseline,21,158.0,2
classic_baseline,21,158.0,3
classic_baseline,21,158.0,5
classic_baseline,21,159.0,2
classic_baseline,21,159.0,5
classic_baseline,21,159.0,1
classic_baseline,21,159.0,5
classic_baseline,21,159.0,6
classic_baseline,21,160.0,3
classic_baseline,21,160.0,2
classic_baseline,21,160.0,3
classic_baseline,21,160.0,3
classic_baseline,21,160.0,5
classic_baseline,21,161.0,5
classic_baseline,21,161.0,4
classic_baseline,21,161.0,5
classic_baseline,21,161.0,4
classic_baseline,21,161.0,9
classic_baseline,21,162.0,5
classic_baseline,21,162.0,5
classic_baseline,21,162.0,6
classic_baseline,21,162.0,6
classic_baseline,21,162.0,2
classic_baseline,21,163.0,4
classic_baseline,21,163.0,1
classic_baseline,21,163.0,2
classic_baseline,21,163.0,3
classic_baseline,21,163.0,4
classic_baseline,21,164.0,5
classic_baseline,21,164.0,4
classic_baseline,21,164.0,3
classic_baseline,21,164.0,4
classic_baseline,21,164.0,6
classic_baseline,21,165.0,6
classic_baseline,21,165.0,5
classic_baseline,21,165.0,3
classic_baseline,21,165.0,3
classic_baseline,21,165.0,5
classic_baseline,21,166.0,4
classic_baseline,21,166.0,6
classic_baseline,21,166.0,2
classic_baseline,21,166.0,2
classic_baseline,21,166.0,3
classic_baseline,21,167.0,2
classic_baseline,21,167.0,2
classic_baseline,21,167.0,5
classic_baseline,21,167.0,3
classic_baseline,21,167.0,6
classic_baseline,21,168.0,7
classic_baseline,21,168.0,5
classic_baseline,21,168.0,4
classic_baseline,21,168.0,4
classic_baseline,21,168.0,2
classic_baseline,21,169.0,7
classic_baseline,21,169.0,4
classic_baseline,21,169.0,2
classic_baseline,21,169.0,3
classic_baseline,21,169.0,1
classic_baseline,21,170.0,5
classic_baseline,21,170.0,6
classic_baseline,21,170.0,6
classic_baseline,21,170.0,4
classic_baseline,21,170.0,3
classic_baseline,21,171.0,5
classic_baseline,21,171.0,6
classic_baseline,21,171.0,3
classic_baseline,21,171.0,6
classic_baseline,21,171.0,5
classic_baseline,21,172.0,4
classic_baseline,21,172.0,2
classic_baseline,21,172.0,5
classic_baseline,21,172.0,2
classic_baseline,21,172.0,4
classic_baseline,21,173.0,3
classic_baseline,21,173.0,3
classic_baseline,21,173.0,4
classic_baseline,21,173.0,4
classic_baseline,21,173.0,2
classic_baseline,21,174.0,4
classic_baseline,21,174.0,4
classic_baseline,21,174.0,3
classic_baseline,21,174.0,6
classic_baseline,21,174.0,4
classic_baseline,21,175.0,2
classic_baseline,21,175.0,4
classic_baseline,21,175.0,4
classic_baseline,21,175.0,3
classic_baseline,21,175.0,5
classic_baseline,21,176.0,4
classic_baseline,21,176.0,5
classic_baseline,21,176.0,2
classic_baseline,21,176.0,1
classic_baseline,21,176.0,7
classic_baseline,21,177.0,5
classic_baseline,21,177.0,4
classic_baseline,21,177.0,2
classic_baseline,21,177.0,3
classic_baseline,21,177.0,3
classic_baseline,21,178.0,3
classic_baseline,21,178.0,1
classic_baseline,21,178.0,5
classic_baseline,21,178.0,5
classic_baseline,21,178.0,5
classic_baseline,21,179.0,2
classic_baseline,21,179.0,4
classic_baseline,21,179.0,4
classic_baseline,21,179.0,4
classic_baseline,21,179.0,5
classic_baseline,21,180.0,7
classic_baseline,21,180.0,5
classic_baseline,21,180.0,5
classic_baseline,21,180.0,5
classic_baseline,21,180.0,7
classic_baseline,21,181.0,5
classic_baseline,21,181.0,3
classic_baseline,21,181.0,4
classic_baseline,21,181.0,3
classic_baseline,21,181.0,4
classic_baseline,21,182.0,3
classic_baseline,21,182.0,2
classic_baseline,21,182.0,6
classic_baseline,21,182.0,4
classic_baseline,21,182.0,4
classic_baseline,21,183.0,5
classic_baseline,21,183.0,2
classic_baseline,21,183.0,4
classic_baseline,21,183.0,6
classic_baseline,21,183.0,3
classic_baseline,21,184.0,6
classic_baseline,21,184.0,5
classic_baseline,21,184.0,3
classic_baseline,21,184.0,6
classic_baseline,21,184.0,10
classic_baseline,21,185.0,6
classic_baseline,21,185.0,7
classic_baseline,21,185.0,3
classic_baseline,21,185.0,3
classic_baseline,21,185.0,3
classic_baseline,21,186.0,2
classic_baseline,21,186.0,3
classic_baseline,21,186.0,1
classic_baseline,21,186.0,6
classic_baseline,21,186.0,3
classic_baseline,21,187.0,2
classic_baseline,21,187.0,3
classic_baseline,21,187.0,1
classic_baseline,21,187.0,2
classic_baseline,21,187.0,5
classic_baseline,21,188.0,4
classic_baseline,21,188.0,4
classic_baseline,21,188.0,4
classic_baseline,21,188.0,5
classic_baseline,21,188.0,2
classic_baseline,21,189.0,2
classic_baseline,21,189.0,3
classic_baseline,21,189.0,5
classic_baseline,21,189.0,12
classic_baseline,21,189.0,2
classic_baseline,21,190.0,1
classic_baseline,21,190.0,6
classic_baseline,21,190.0,2
classic_baseline,21,190.0,4
classic_baseline,21,190.0,7
classic_baseline,21,191.0,5
classic_baseline,21,191.0,7
classic_baseline,21,191.0,4
classic_baseline,21,191.0,2
classic_baseline,21,191.0,6
classic_baseline,21,192.0,1
classic_baseline,21,192.0,4
classic_baseline,21,192.0,5
classic_baseline,21,192.0,4
classic_baseline,21,192.0,2
classic_baseline,21,193.0,3
classic_baseline,21,193.0,5
classic_baseline,21,193.0,1
classic_baseline,21,193.0,6
classic_baseline,21,193.0,2
classic_baseline,21,194.0,5
classic_baseline,21,194.0,6
classic_baseline,21,194.0,8
classic_baseline,21,194.0,4
classic_baseline,21,194.0,8
classic_baseline,21,195.0,5
classic_baseline,21,195.0,6
classic_baseline,21,195.0,4
classic_baseline,21,195.0,3
classic_baseline,21,195.0,1
classic_baseline,21,196.0,3
classic_baseline,21,196.0,3
classic_baseline,21,196.0,4
classic_baseline,21,196.0,8
classic_baseline,21,196.0,5
classic_baseline,21,197.0,3
classic_baseline,21,197.0,2
classic_baseline,21,197.0,4
classic_baseline,21,197.0,3
classic_baseline,21,197.0,5
classic_baseline,21,198.0,4
classic_baseline,21,198.0,6
classic_baseline,21,198.0,3
classic_baseline,21,198.0,3
classic_baseline,21,198.0,5
classic_baseline,21,199.0,1
classic_baseline,21,199.0,4
classic_baseline,21,199.0,1
classic_baseline,21,199.0,3
classic_baseline,21,199.0,5
classic_baseline,21,200.0,5
classic_baseline,21,200.0,4
classic_baseline,21,200.0,5
classic_baseline,21,200.0,1
classic_baseline,21,200.0,3
classic_baseline,21,201.0,5
classic_baseline,21,201.0,4
classic_baseline,21,201.0,4
classic_baseline,21,201.0,2
classic_baseline,21,201.0,5
classic_baseline,21,202.0,4
classic_baseline,21,202.0,4
classic_baseline,21,202.0,3
classic_baseline,21,202.0,3
classic_baseline,21,202.0,6
classic_baseline,21,203.0,1
classic_baseline,21,203.0,2
classic_baseline,21,203.0,5
classic_baseline,21,203.0,2
classic_baseline,21,203.0,7
classic_baseline,21,204.0,4
classic_baseline,21,204.0,3
classic_baseline,21,204.0,4
classic_baseline,21,204.0,1
classic_baseline,21,204.0,7
classic_baseline,21,205.0,6
classic_baseline,21,205.0,6
classic_baseline,21,205.0,4
classic_baseline,21,205.0,6
classic_baseline,21,205.0,3
classic_baseline,21,206.0,3
classic_baseline,21,206.0,2
classic_baseline,21,206.0,1
classic_baseline,21,206.0,3
classic_baseline,21,206.0,3
classic_baseline,21,207.0,4
classic_baseline,21,207.0,3
classic_baseline,21,207.0,6
classic_baseline,21,207.0,2
classic_baseline,21,207.0,7
classic_baseline,21,208.0,4
classic_baseline,21,208.0,3
classic_baseline,21,208.0,1
classic_baseline,21,208.0,5
classic_baseline,21,208.0,3
classic_baseline,21,209.0,5
classic_baseline,21,209.0,4
classic_baseline,21,209.0,4
classic_baseline,21,209.0,3
classic_baseline,21,209.0,5
classic_baseline,21,210.0,2
classic_baseline,21,210.0,3
classic_baseline,21,210.0,5
classic_baseline,21,210.0,2
classic_baseline,21,210.0,4
classic_baseline,21,211.0,4
classic_baseline,21,211.0,7
classic_baseline,21,211.0,1
classic_baseline,21,211.0,5
classic_baseline,21,211.0,7
classic_baseline,21,212.0,3
classic_baseline,21,212.0,4
classic_baseline,21,212.0,2
classic_baseline,21,212.0,2
classic_baseline,21,212.0,5
classic_baseline,21,213.0,4
classic_baseline,21,213.0,7
classic_baseline,21,213.0,2
classic_baseline,21,213.0,5
classic_baseline,21,213.0,7
classic_baseline,21,214.0,6
classic_baseline,21,214.0,4
classic_baseline,21,214.0,6
classic_baseline,21,214.0,6
classic_baseline,21,214.0,2
classic_baseline,21,215.0,1
classic_baseline,21,215.0,1
classic_baseline,21,215.0,1
classic_baseline,21,215.0,5
classic_baseline,21,215.0,3
classic_baseline,21,216.0,4
classic_baseline,21,216.0,3
classic_baseline,21,216.0,4
classic_baseline,21,216.0,1
classic_baseline,21,216.0,3
classic_baseline,21,217.0,3
classic_baseline,21,217.0,5
classic_baseline,21,217.0,4
classic_baseline,21,217.0,3
classic_baseline,21,217.0,1
classic_baseline,21,218.0,6
classic_baseline,21,218.0,7
classic_baseline,21,218.0,4
classic_baseline,21,218.0,2
classic_baseline,21,218.0,3
classic_baseline,21,219.0,3
classic_baseline,21,219.0,4
classic_baseline,21,219.0,5
classic_baseline,21,219.0,2
classic_baseline,21,219.0,3
classic_baseline,21,220.0,2
classic_baseline,21,220.0,4
classic_baseline,21,220.0,3
classic_baseline,21,220.0,1
classic_baseline,21,220.0,4
classic_baseline,21,221.0,4
classic_baseline,21,221.0,8
classic_baseline,21,221.0,4
classic_baseline,21,221.0,1
classic_baseline,21,221.0,5
classic_baseline,21,222.0,4
classic_baseline,21,222.0,1
classic_baseline,21,222.0,4
classic_baseline,21,222.0,6
classic_baseline,21,222.0,5
classic_baseline,21,223.0,2
classic_baseline,21,223.0,4
classic_baseline,21,223.0,1
classic_baseline,21,223.0,2
classic_baseline,21,223.0,5
classic_baseline,21,224.0,3
classic_baseline,21,224.0,4
classic_baseline,21,224.0,3
classic_baseline,21,224.0,3
classic_baseline,21,224.0,3
classic_baseline,21,225.0,6
classic_baseline,21,225.0,6
classic_baseline,21,225.0,5
classic_baseline,21,225.0,7
classic_baseline,21,225.0,6
classic_baseline,21,226.0,5
classic_baseline,21,226.0,7
classic_baseline,21,226.0,6
classic_baseline,21,226.0,5
classic_baseline,21,226.0,2
classic_baseline,21,227.0,2
classic_baseline,21,227.0,1
classic_baseline,21,227.0,4
classic_baseline,21,227.0,4
classic_baseline,21,227.0,3
classic_baseline,21,228.0,2
classic_baseline,21,228.0,6
classic_baseline,21,228.0,6
classic_baseline,21,228.0,6
classic_baseline,21,228.0,2
classic_baseline,21,229.0,5
classic_baseline,21,229.0,5
classic_baseline,21,229.0,1
classic_baseline,21,229.0,2
classic_baseline,21,229.0,4
classic_baseline,21,230.0,9
classic_baseline,21,230.0,3
classic_baseline,21,230.0,2
classic_baseline,21,230.0,7
classic_baseline,21,230.0,4
classic_baseline,21,231.0,5
classic_baseline,21,231.0,3
classic_baseline,21,231.0,2
classic_baseline,21,231.0,4
classic_baseline,21,231.0,3
classic_baseline,21,232.0,1
classic_baseline,21,232.0,3
classic_baseline,21,232.0,2
classic_baseline,21,232.0,4
classic_baseline,21,232.0,4
classic_baseline,21,233.0,1
classic_baseline,21,233.0,4
classic_baseline,21,233.0,6
classic_baseline,21,233.0,6
classic_baseline,21,233.0,6
classic_baseline,21,234.0,3
classic_baseline,21,234.0,3
classic_baseline,21,234.0,2
classic_baseline,21,234.0,3
classic_baseline,21,234.0,1
classic_baseline,21,235.0,4
classic_baseline,21,235.0,8
classic_baseline,21,235.0,3
classic_baseline,21,235.0,3
classic_baseline,21,235.0,4
classic_baseline,21,236.0,3
classic_baseline,21,236.0,1
classic_baseline,21,236.0,6
classic_baseline,21,236.0,3
classic_baseline,21,236.0,4
classic_baseline,21,237.0,6
classic_baseline,21,237.0,1
classic_baseline,21,237.0,3
classic_baseline,21,237.0,2
classic_baseline,21,237.0,3
classic_baseline,21,238.0,5
classic_baseline,21,238.0,4
classic_baseline,21,238.0,1
classic_baseline,21,238.0,2
classic_baseline,21,238.0,7
classic_baseline,21,239.0,5
classic_baseline,21,239.0,3
classic_baseline,21,239.0,6
classic_baseline,21,239.0,3
classic_baseline,21,239.0,6
classic_baseline,21,240.0,3
classic_baseline,21,240.0,3
classic_baseline,21,240.0,3
classic_baseline,21,240.0,4
classic_baseline,21,240.0,3
classic_baseline,21,241.0,2
classic_baseline,21,241.0,5
classic_baseline,21,241.0,7
classic_baseline,21,241.0,1
classic_baseline,21,241.0,5
classic_baseline,21,242.0,4
classic_baseline,21,242.0,6
classic_baseline,21,242.0,1
classic_baseline,21,242.0,5
classic_baseline,21,242.0,1
classic_baseline,21,243.0,2
classic_baseline,21,243.0,6
classic_baseline,21,243.0,4
classic_baseline,21,243.0,3
classic_baseline,21,243.0,4
classic_baseline,21,244.0,5
classic_baseline,21,244.0,6
classic_baseline,21,244.0,6
classic_baseline,21,244.0,6
classic_baseline,21,244.0,6
classic_baseline,21,245.0,3
classic_baseline,21,245.0,3
classic_baseline,21,245.0,3
classic_baseline,21,245.0,5
classic_baseline,21,245.0,3
classic_baseline,21,246.0,6
classic_baseline,21,246.0,1
classic_baseline,21,246.0,1
classic_baseline,21,246.0,3
classic_baseline,21,246.0,4
classic_baseline,21,247.0,4
classic_baseline,21,247.0,5
classic_baseline,21,247.0,3
classic_baseline,21,247.0,4
classic_baseline,21,247.0,6
classic_baseline,21,248.0,3
classic_baseline,21,248.0,3
classic_baseline,21,248.0,3
classic_baseline,21,248.0,2
classic_baseline,21,248.0,2
classic_baseline,21,249.0,4
classic_baseline,21,249.0,3
classic_baseline,21,249.0,5
classic_baseline,21,249.0,2
classic_baseline,21,249.0,4
classic_baseline,21,250.0,3
classic_baseline,21,250.0,8
classic_baseline,21,250.0,4
classic_baseline,21,250.0,4
classic_baseline,21,250.0,5
classic_baseline,21,251.0,5
classic_baseline,21,251.0,3
classic_baseline,21,251.0,6
classic_baseline,21,251.0,4
classic_baseline,21,251.0,3
classic_baseline,21,252.0,6
classic_baseline,21,252.0,7
classic_baseline,21,252.0,6
classic_baseline,21,252.0,6
classic_baseline,21,252.0,1
classic_baseline,21,253.0,2
classic_baseline,21,253.0,3
classic_baseline,21,253.0,2
classic_baseline,21,253.0,4
classic_baseline,21,253.0,7
classic_baseline,21,254.0,4
classic_baseline,21,254.0,1
classic_baseline,21,254.0,5
classic_baseline,21,254.0,7
classic_baseline,21,254.0,5
classic_baseline,21,255.0,3
classic_baseline,21,255.0,4
classic_baseline,21,255.0,3
classic_baseline,21,255.0,5
classic_baseline,21,255.0,2
classic_baseline,21,256.0,2
classic_baseline,21,256.0,8
classic_baseline,21,256.0,5
classic_baseline,21,256.0,3
classic_baseline,21,256.0,4
classic_baseline,21,257.0,4
classic_baseline,21,257.0,5
classic_baseline,21,257.0,3
classic_baseline,21,257.0,5
classic_baseline,21,257.0,6
classic_baseline,21,258.0,5
classic_baseline,21,258.0,5
classic_baseline,21,258.0,6
classic_baseline,21,258.0,4
classic_baseline,21,258.0,2
classic_baseline,21,259.0,4
classic_baseline,21,259.0,5
classic_baseline,21,259.0,3
classic_baseline,21,259.0,5
classic_baseline,21,259.0,3
classic_baseline,21,260.0,4
classic_baseline,21,260.0,1
classic_baseline,21,260.0,1
classic_baseline,21,260.0,3
classic_baseline,21,260.0,4
classic_baseline,21,261.0,3
classic_baseline,21,261.0,5
classic_baseline,21,261.0,6
classic_baseline,21,261.0,4
classic_baseline,21,261.0,2
classic_baseline,21,262.0,3
classic_baseline,21,262.0,5
classic_baseline,21,262.0,2
classic_baseline,21,262.0,3
classic_baseline,21,262.0,4
classic_baseline,21,263.0,5
classic_baseline,21,263.0,7
classic_baseline,21,263.0,6
classic_baseline,21,263.0,4
classic_baseline,21,263.0,5
classic_baseline,21,264.0,4
classic_baseline,21,264.0,6
classic_baseline,21,264.0,7
classic_baseline,21,264.0,2
classic_baseline,21,264.0,6
classic_baseline,21,265.0,6
classic_baseline,21,265.0,3
classic_baseline,21,265.0,4
classic_baseline,21,265.0,4
classic_baseline,21,265.0,5
classic_baseline,21,266.0,7
classic_baseline,21,266.0,8
classic_baseline,21,266.0,4
classic_baseline,21,266.0,6
classic_baseline,21,266.0,4
classic_baseline,21,267.0,4
classic_baseline,21,267.0,5
classic_baseline,21,267.0,1
classic_baseline,21,267.0,3
classic_baseline,21,267.0,3
classic_baseline,21,268.0,1
classic_baseline,21,268.0,4
classic_baseline,21,268.0,3
classic_baseline,21,268.0,4
classic_baseline,21,268.0,5
classic_baseline,21,269.0,5
classic_baseline,21,269.0,4
classic_baseline,21,269.0,2
classic_baseline,21,269.0,7
classic_baseline,21,269.0,5
classic_baseline,21,270.0,3
classic_baseline,21,270.0,2
classic_baseline,21,270.0,6
classic_baseline,21,270.0,3
classic_baseline,21,270.0,1
classic_baseline,21,271.0,5
classic_baseline,21,271.0,2
classic_baseline,21,271.0,4
classic_baseline,21,271.0,7
classic_baseline,21,271.0,4
classic_baseline,21,272.0,5
classic_baseline,21,272.0,3
classic_baseline,21,272.0,4
classic_baseline,21,272.0,2
classic_baseline,21,272.0,2
classic_baseline,21,273.0,3
classic_baseline,21,273.0,3
classic_baseline,21,273.0,3
classic_baseline,21,273.0,3
classic_baseline,21,273.0,6
classic_baseline,21,274.0,5
classic_baseline,21,274.0,5
classic_baseline,21,274.0,3
classic_baseline,21,274.0,5
classic_baseline,21,274.0,5
classic_baseline,21,275.0,3
classic_baseline,21,275.0,5
classic_baseline,21,275.0,3
classic_baseline,21,275.0,6
classic_baseline,21,275.0,6
classic_baseline,21,276.0,9
classic_baseline,21,276.0,5
classic_baseline,21,276.0,6
classic_baseline,21,276.0,1
classic_baseline,21,276.0,5
classic_baseline,21,277.0,3
classic_baseline,21,277.0,4
classic_baseline,21,277.0,9
classic_baseline,21,277.0,1
classic_baseline,21,277.0,4
classic_baseline,21,278.0,5
classic_baseline,21,278.0,6
classic_baseline,21,278.0,1
classic_baseline,21,278.0,7
classic_baseline,21,278.0,2
classic_baseline,21,279.0,1
classic_baseline,21,279.0,2
classic_baseline,21,279.0,2
classic_baseline,21,279.0,3
classic_baseline,21,279.0,7
classic_baseline,21,280.0,4
classic_baseline,21,280.0,4
classic_baseline,21,280.0,4
classic_baseline,21,280.0,1
classic_baseline,21,280.0,2
classic_baseline,21,281.0,1
classic_baseline,21,281.0,3
classic_baseline,21,281.0,3
classic_baseline,21,281.0,4
classic_baseline,21,281.0,4
classic_baseline,21,282.0,3
classic_baseline,21,282.0,5
classic_baseline,21,282.0,1
classic_baseline,21,282.0,1
classic_baseline,21,282.0,5
classic_baseline,21,283.0,3
classic_baseline,21,283.0,5
classic_baseline,21,283.0,2
classic_baseline,21,283.0,6
classic_baseline,21,283.0,1
classic_baseline,21,284.0,1
classic_baseline,21,284.0,5
classic_baseline,21,284.0,3
classic_baseline,21,284.0,1
classic_baseline,21,284.0,5
classic_baseline,21,285.0,4
classic_baseline,21,285.0,3
classic_baseline,21,285.0,1
classic_baseline,21,285.0,2
classic_baseline,21,285.0,4
classic_baseline,21,286.0,3
classic_baseline,21,286.0,5
classic_baseline,21,286.0,3
classic_baseline,21,286.0,6
classic_baseline,21,286.0,2
classic_baseline,21,287.0,4
classic_baseline,21,287.0,5
classic_baseline,21,287.0,1
classic_baseline,21,287.0,4
classic_baseline,21,287.0,7
classic_baseline,21,288.0,4
classic_baseline,21,288.0,5
classic_baseline,21,288.0,1
classic_baseline,21,288.0,8
classic_baseline,21,288.0,5
classic_baseline,21,289.0,3
classic_baseline,21,289.0,5
classic_baseline,21,289.0,8
classic_baseline,21,289.0,4
classic_baseline,21,289.0,2
classic_baseline,21,290.0,7
classic_baseline,21,290.0,4
classic_baseline,21,290.0,2
classic_baseline,21,290.0,6
classic_baseline,21,290.0,3
classic_baseline,21,291.0,2
classic_baseline,21,291.0,2
classic_baseline,21,291.0,4
classic_baseline,21,291.0,2
classic_baseline,21,291.0,3
classic_baseline,21,292.0,7
classic_baseline,21,292.0,3
classic_baseline,21,292.0,3
classic_baseline,21,292.0,4
classic_baseline,21,292.0,5
classic_baseline,21,293.0,5
classic_baseline,21,293.0,3
classic_baseline,21,293.0,7
classic_baseline,21,293.0,1
classic_baseline,21,293.0,2
classic_baseline,21,294.0,2
classic_baseline,21,294.0,4
classic_baseline,21,294.0,2
classic_baseline,21,294.0,3
classic_baseline,21,294.0,2
classic_baseline,21,295.0,4
classic_baseline,21,295.0,6
classic_baseline,21,295.0,5
classic_baseline,21,295.0,2
classic_baseline,21,295.0,8
classic_baseline,21,296.0,6
classic_baseline,21,296.0,1
classic_baseline,21,296.0,4
classic_baseline,21,296.0,6
classic_baseline,21,296.0,5
classic_baseline,21,297.0,3
classic_baseline,21,297.0,3
classic_baseline,21,297.0,7
classic_baseline,21,297.0,4
classic_baseline,21,297.0,6
classic_baseline,21,298.0,3
classic_baseline,21,298.0,5
classic_baseline,21,298.0,2
classic_baseline,21,298.0,2
classic_baseline,21,298.0,5
classic_baseline,21,299.0,2
classic_baseline,21,299.0,6
classic_baseline,21,299.0,2
classic_baseline,21,299.0,2
classic_baseline,21,299.0,1
classic_baseline,21,300.0,3
classic_baseline,21,300.0,6
classic_baseline,21,300.0,3
classic_baseline,21,300.0,5
classic_baseline,21,300.0,3
classic_baseline,24,1.0,2
classic_baseline,24,1.0,1
classic_baseline,24,1.0,3
classic_baseline,24,1.0,9
classic_baseline,24,1.0,6
classic_baseline,24,2.0,1
classic_baseline,24,2.0,1
classic_baseline,24,2.0,1
classic_baseline,24,2.0,1
classic_baseline,24,2.0,4
classic_baseline,24,3.0,4
classic_baseline,24,3.0,12
classic_baseline,24,3.0,11
classic_baseline,24,3.0,5
classic_baseline,24,3.0,5
classic_baseline,24,4.0,8
classic_baseline,24,4.0,5
classic_baseline,24,4.0,4
classic_baseline,24,4.0,2
classic_baseline,24,4.0,7
classic_baseline,24,5.0,6
classic_baseline,24,5.0,1
classic_baseline,24,5.0,4
classic_baseline,24,5.0,5
classic_baseline,24,5.0,2
classic_baseline,24,6.0,6
classic_baseline,24,6.0,4
classic_baseline,24,6.0,5
classic_baseline,24,6.0,8
classic_baseline,24,6.0,9
classic_baseline,24,7.0,1
classic_baseline,24,7.0,8
classic_baseline,24,7.0,2
classic_baseline,24,7.0,9
classic_baseline,24,7.0,3
classic_baseline,24,8.0,9
classic_baseline,24,8.0,5
classic_baseline,24,8.0,3
classic_baseline,24,8.0,2
classic_baseline,24,8.0,2
classic_baseline,24,9.0,4
classic_baseline,24,9.0,6
classic_baseline,24,9.0,3
classic_baseline,24,9.0,2
classic_baseline,24,9.0,2
classic_baseline,24,10.0,6
classic_baseline,24,10.0,4
classic_baseline,24,10.0,3
classic_baseline,24,10.0,3
classic_baseline,24,10.0,5
classic_baseline,24,11.0,2
classic_baseline,24,11.0,5
classic_baseline,24,11.0,3
classic_baseline,24,11.0,4
classic_baseline,24,11.0,4
classic_baseline,24,12.0,1
classic_baseline,24,12.0,2
classic_baseline,24,12.0,5
classic_baseline,24,12.0,7
classic_baseline,24,12.0,4
classic_baseline,24,13.0,1
classic_baseline,24,13.0,2
classic_baseline,24,13.0,2
classic_baseline,24,13.0,3
classic_baseline,24,13.0,4
classic_baseline,24,14.0,5
classic_baseline,24,14.0,2
classic_baseline,24,14.0,5
classic_baseline,24,14.0,7
classic_baseline,24,14.0,2
classic_baseline,24,15.0,5
classic_baseline,24,15.0,2
classic_baseline,24,15.0,3
classic_baseline,24,15.0,6
classic_baseline,24,15.0,4
classic_baseline,24,16.0,6
classic_baseline,24,16.0,5
classic_baseline,24,16.0,2
classic_baseline,24,16.0,4
classic_baseline,24,16.0,3
classic_baseline,24,17.0,4
classic_baseline,24,17.0,4
classic_baseline,24,17.0,3
classic_baseline,24,17.0,1
classic_baseline,24,17.0,2
classic_baseline,24,18.0,3
classic_baseline,24,18.0,3
classic_baseline,24,18.0,2
classic_baseline,24,18.0,4
classic_baseline,24,18.0,4
classic_baseline,24,19.0,2
classic_baseline,24,19.0,1
classic_baseline,24,19.0,6
classic_baseline,24,19.0,4
classic_baseline,24,19.0,5
classic_baseline,24,20.0,2
classic_baseline,24,20.0,2
classic_baseline,24,20.0,4
classic_baseline,24,20.0,8
classic_baseline,24,20.0,3
classic_baseline,24,21.0,5
classic_baseline,24,21.0,5
classic_baseline,24,21.0,3
classic_baseline,24,21.0,4
classic_baseline,24,21.0,2
classic_baseline,24,22.0,3
classic_baseline,24,22.0,4
classic_baseline,24,22.0,4
classic_baseline,24,22.0,4
classic_baseline,24,22.0,5
classic_baseline,24,23.0,2
classic_baseline,24,23.0,5
classic_baseline,24,23.0,3
classic_baseline,24,23.0,1
classic_baseline,24,23.0,1
classic_baseline,24,24.0,5
classic_baseline,24,24.0,5
classic_baseline,24,24.0,5
classic_baseline,24,24.0,5
classic_baseline,24,24.0,5
classic_baseline,24,25.0,3
classic_baseline,24,25.0,5
classic_baseline,24,25.0,4
classic_baseline,24,25.0,3
classic_baseline,24,25.0,2
classic_baseline,24,26.0,3
classic_baseline,24,26.0,3
classic_baseline,24,26.0,2
classic_baseline,24,26.0,6
classic_baseline,24,26.0,5
classic_baseline,24,27.0,2
classic_baseline,24,27.0,4
classic_baseline,24,27.0,4
classic_baseline,24,27.0,3
classic_baseline,24,27.0,1
classic_baseline,24,28.0,2
classic_baseline,24,28.0,7
classic_baseline,24,28.0,3
classic_baseline,24,28.0,2
classic_baseline,24,28.0,4
classic_baseline,24,29.0,5
classic_baseline,24,29.0,6
classic_baseline,24,29.0,1
classic_baseline,24,29.0,7
classic_baseline,24,29.0,5
classic_baseline,24,30.0,7
classic_baseline,24,30.0,4
classic_baseline,24,30.0,2
classic_baseline,24,30.0,6
classic_baseline,24,30.0,2
classic_baseline,24,31.0,4
classic_baseline,24,31.0,4
classic_baseline,24,31.0,5
classic_baseline,24,31.0,4
classic_baseline,24,31.0,1
classic_baseline,24,32.0,6
classic_baseline,24,32.0,1
classic_baseline,24,32.0,3
classic_baseline,24,32.0,5
classic_baseline,24,32.0,1
classic_baseline,24,33.0,5
classic_baseline,24,33.0,4
classic_baseline,24,33.0,5
classic_baseline,24,33.0,3
classic_baseline,24,33.0,1
classic_baseline,24,34.0,6
classic_baseline,24,34.0,3
classic_baseline,24,34.0,6
classic_baseline,24,34.0,3
classic_baseline,24,34.0,2
classic_baseline,24,35.0,2
classic_baseline,24,35.0,6
classic_baseline,24,35.0,6
classic_baseline,24,35.0,2
classic_baseline,24,35.0,5
classic_baseline,24,36.0,3
classic_baseline,24,36.0,2
classic_baseline,24,36.0,3
classic_baseline,24,36.0,8
classic_baseline,24,36.0,4
classic_baseline,24,37.0,3
classic_baseline,24,37.0,1
classic_baseline,24,37.0,9
classic_baseline,24,37.0,5
classic_baseline,24,37.0,6
classic_baseline,24,38.0,6
classic_baseline,24,38.0,6
classic_baseline,24,38.0,4
classic_baseline,24,38.0,6
classic_baseline,24,38.0,2
classic_baseline,24,39.0,7
classic_baseline,24,39.0,5
classic_baseline,24,39.0,6
classic_baseline,24,39.0,1
classic_baseline,24,39.0,5
classic_baseline,24,40.0,3
classic_baseline,24,40.0,5
classic_baseline,24,40.0,8
classic_baseline,24,40.0,6
classic_baseline,24,40.0,5
classic_baseline,24,41.0,5
classic_baseline,24,41.0,3
classic_baseline,24,41.0,2
classic_baseline,24,41.0,2
classic_baseline,24,41.0,3
classic_baseline,24,42.0,6
classic_baseline,24,42.0,6
classic_baseline,24,42.0,7
classic_baseline,24,42.0,9
classic_baseline,24,42.0,6
classic_baseline,24,43.0,4
classic_baseline,24,43.0,8
classic_baseline,24,43.0,2
classic_baseline,24,43.0,5
classic_baseline,24,43.0,5
classic_baseline,24,44.0,7
classic_baseline,24,44.0,4
classic_baseline,24,44.0,9
classic_baseline,24,44.0,7
classic_baseline,24,44.0,4
classic_baseline,24,45.0,7
classic_baseline,24,45.0,9
classic_baseline,24,45.0,1
classic_baseline,24,45.0,6
classic_baseline,24,45.0,6
classic_baseline,24,46.0,5
classic_baseline,24,46.0,2
classic_baseline,24,46.0,2
classic_baseline,24,46.0,6
classic_baseline,24,46.0,2
classic_baseline,24,47.0,10
classic_baseline,24,47.0,1
classic_baseline,24,47.0,7
classic_baseline,24,47.0,6
classic_baseline,24,47.0,1
classic_baseline,24,48.0,6
classic_baseline,24,48.0,4
classic_baseline,24,48.0,3
classic_baseline,24,48.0,5
classic_baseline,24,48.0,8
classic_baseline,24,49.0,2
classic_baseline,24,49.0,6
classic_baseline,24,49.0,5
classic_baseline,24,49.0,1
classic_baseline,24,49.0,1
classic_baseline,24,50.0,4
classic_baseline,24,50.0,5
classic_baseline,24,50.0,2
classic_baseline,24,50.0,7
classic_baseline,24,50.0,7
classic_baseline,24,51.0,7
classic_baseline,24,51.0,1
classic_baseline,24,51.0,8
classic_baseline,24,51.0,4
classic_baseline,24,51.0,4
classic_baseline,24,52.0,6
classic_baseline,24,52.0,3
classic_baseline,24,52.0,4
classic_baseline,24,52.0,5
classic_baseline,24,52.0,4
classic_baseline,24,53.0,4
classic_baseline,24,53.0,3
classic_baseline,24,53.0,6
classic_baseline,24,53.0,7
classic_baseline,24,53.0,5
classic_baseline,24,54.0,6
classic_baseline,24,54.0,4
classic_baseline,24,54.0,6
classic_baseline,24,54.0,6
classic_baseline,24,54.0,3
classic_baseline,24,55.0,5
classic_baseline,24,55.0,2
classic_baseline,24,55.0,3
classic_baseline,24,55.0,3
classic_baseline,24,55.0,3
classic_baseline,24,56.0,4
classic_baseline,24,56.0,4
classic_baseline,24,56.0,4
classic_baseline,24,56.0,3
classic_baseline,24,56.0,4
classic_baseline,24,57.0,1
classic_baseline,24,57.0,5
classic_baseline,24,57.0,6
classic_baseline,24,57.0,6
classic_baseline,24,57.0,1
classic_baseline,24,58.0,6
classic_baseline,24,58.0,5
classic_baseline,24,58.0,9
classic_baseline,24,58.0,4
classic_baseline,24,58.0,4
classic_baseline,24,59.0,3
classic_baseline,24,59.0,5
classic_baseline,24,59.0,8
classic_baseline,24,59.0,4
classic_baseline,24,59.0,5
classic_baseline,24,60.0,5
classic_baseline,24,60.0,3
classic_baseline,24,60.0,2
classic_baseline,24,60.0,6
classic_baseline,24,60.0,4
classic_baseline,24,61.0,1
classic_baseline,24,61.0,9
classic_baseline,24,61.0,4
classic_baseline,24,61.0,1
classic_baseline,24,61.0,5
classic_baseline,24,62.0,7
classic_baseline,24,62.0,4
classic_baseline,24,62.0,6
classic_baseline,24,62.0,2
classic_baseline,24,62.0,3
classic_baseline,24,63.0,6
classic_baseline,24,63.0,7
classic_baseline,24,63.0,2
classic_baseline,24,63.0,6
classic_baseline,24,63.0,6
classic_baseline,24,64.0,3
classic_baseline,24,64.0,1
classic_baseline,24,64.0,5
classic_baseline,24,64.0,9
classic_baseline,24,64.0,2
classic_baseline,24,65.0,1
classic_baseline,24,65.0,7
classic_baseline,24,65.0,5
classic_baseline,24,65.0,7
classic_baseline,24,65.0,7
classic_baseline,24,66.0,8
classic_baseline,24,66.0,4
classic_baseline,24,66.0,3
classic_baseline,24,66.0,4
classic_baseline,24,66.0,4
classic_baseline,24,67.0,5
classic_baseline,24,67.0,5
classic_baseline,24,67.0,1
classic_baseline,24,67.0,4
classic_baseline,24,67.0,3
classic_baseline,24,68.0,3
classic_baseline,24,68.0,10
classic_baseline,24,68.0,6
classic_baseline,24,68.0,3
classic_baseline,24,68.0,4
classic_baseline,24,69.0,5
classic_baseline,24,69.0,1
classic_baseline,24,69.0,1
classic_baseline,24,69.0,8
classic_baseline,24,69.0,5
classic_baseline,24,70.0,7
classic_baseline,24,70.0,7
classic_baseline,24,70.0,5
classic_baseline,24,70.0,3
classic_baseline,24,70.0,8
classic_baseline,24,71.0,2
classic_baseline,24,71.0,5
classic_baseline,24,71.0,4
classic_baseline,24,71.0,6
classic_baseline,24,71.0,5
classic_baseline,24,72.0,4
classic_baseline,24,72.0,2
classic_baseline,24,72.0,2
classic_baseline,24,72.0,4
classic_baseline,24,72.0,5
classic_baseline,24,73.0,8
classic_baseline,24,73.0,5
classic_baseline,24,73.0,6
classic_baseline,24,73.0,2
classic_baseline,24,73.0,4
classic_baseline,24,74.0,6
classic_baseline,24,74.0,2
classic_baseline,24,74.0,6
classic_baseline,24,74.0,1
classic_baseline,24,74.0,12
classic_baseline,24,75.0,1
classic_baseline,24,75.0,6
classic_baseline,24,75.0,6
classic_baseline,24,75.0,3
classic_baseline,24,75.0,7
classic_baseline,24,76.0,5
classic_baseline,24,76.0,9
classic_baseline,24,76.0,1
classic_baseline,24,76.0,5
classic_baseline,24,76.0,8
classic_baseline,24,77.0,5
classic_baseline,24,77.0,4
classic_baseline,24,77.0,5
classic_baseline,24,77.0,8
classic_baseline,24,77.0,10
classic_baseline,24,78.0,2
classic_baseline,24,78.0,5
classic_baseline,24,78.0,3
classic_baseline,24,78.0,8
classic_baseline,24,78.0,6
classic_baseline,24,79.0,4
classic_baseline,24,79.0,8
classic_baseline,24,79.0,11
classic_baseline,24,79.0,3
classic_baseline,24,79.0,4
classic_baseline,24,80.0,9
classic_baseline,24,80.0,1
classic_baseline,24,80.0,9
classic_baseline,24,80.0,1
classic_baseline,24,80.0,2
classic_baseline,24,81.0,2
classic_baseline,24,81.0,6
classic_baseline,24,81.0,8
classic_baseline,24,81.0,6
classic_baseline,24,81.0,5
classic_baseline,24,82.0,7
classic_baseline,24,82.0,4
classic_baseline,24,82.0,4
classic_baseline,24,82.0,2
classic_baseline,24,82.0,5
classic_baseline,24,83.0,6
classic_baseline,24,83.0,6
classic_baseline,24,83.0,1
classic_baseline,24,83.0,10
classic_baseline,24,83.0,3
classic_baseline,24,84.0,7
classic_baseline,24,84.0,6
classic_baseline,24,84.0,5
classic_baseline,24,84.0,3
classic_baseline,24,84.0,4
classic_baseline,24,85.0,5
classic_baseline,24,85.0,1
classic_baseline,24,85.0,3
classic_baseline,24,85.0,5
classic_baseline,24,85.0,7
classic_baseline,24,86.0,6
classic_baseline,24,86.0,5
classic_baseline,24,86.0,8
classic_baseline,24,86.0,5
classic_baseline,24,86.0,2
classic_baseline,24,87.0,7
classic_baseline,24,87.0,3
classic_baseline,24,87.0,2
classic_baseline,24,87.0,6
classic_baseline,24,87.0,6
classic_baseline,24,88.0,7
classic_baseline,24,88.0,2
classic_baseline,24,88.0,2
classic_baseline,24,88.0,4
classic_baseline,24,88.0,5
classic_baseline,24,89.0,4
classic_baseline,24,89.0,6
classic_baseline,24,89.0,6
classic_baseline,24,89.0,5
classic_baseline,24,89.0,1
classic_baseline,24,90.0,3
classic_baseline,24,90.0,3
classic_baseline,24,90.0,4
classic_baseline,24,90.0,2
classic_baseline,24,90.0,5
classic_baseline,24,91.0,1
classic_baseline,24,91.0,6
classic_baseline,24,91.0,2
classic_baseline,24,91.0,6
classic_baseline,24,91.0,1
classic_baseline,24,92.0,2
classic_baseline,24,92.0,7
classic_baseline,24,92.0,4
classic_baseline,24,92.0,7
classic_baseline,24,92.0,6
classic_baseline,24,93.0,7
classic_baseline,24,93.0,1
classic_baseline,24,93.0,6
classic_baseline,24,93.0,3
classic_baseline,24,93.0,6
classic_baseline,24,94.0,2
classic_baseline,24,94.0,6
classic_baseline,24,94.0,5
classic_baseline,24,94.0,7
classic_baseline,24,94.0,5
classic_baseline,24,95.0,2
classic_baseline,24,95.0,3
classic_baseline,24,95.0,7
classic_baseline,24,95.0,2
classic_baseline,24,95.0,5
classic_baseline,24,96.0,3
classic_baseline,24,96.0,8
classic_baseline,24,96.0,2
classic_baseline,24,96.0,7
classic_baseline,24,96.0,4
classic_baseline,24,97.0,7
classic_baseline,24,97.0,2
classic_baseline,24,97.0,2
classic_baseline,24,97.0,5
classic_baseline,24,97.0,6
classic_baseline,24,98.0,4
classic_baseline,24,98.0,7
classic_baseline,24,98.0,7
classic_baseline,24,98.0,8
classic_baseline,24,98.0,4
classic_baseline,24,99.0,7
classic_baseline,24,99.0,3
classic_baseline,24,99.0,5
classic_baseline,24,99.0,5
classic_baseline,24,99.0,1
classic_baseline,24,100.0,2
classic_baseline,24,100.0,8
classic_baseline,24,100.0,2
classic_baseline,24,100.0,4
classic_baseline,24,100.0,11
classic_baseline,24,101.0,4
classic_baseline,24,101.0,3
classic_baseline,24,101.0,8
classic_baseline,24,101.0,5
classic_baseline,24,101.0,6
classic_baseline,24,102.0,3
classic_baseline,24,102.0,5
classic_baseline,24,102.0,4
classic_baseline,24,102.0,2
classic_baseline,24,102.0,5
classic_baseline,24,103.0,5
classic_baseline,24,103.0,2
classic_baseline,24,103.0,5
classic_baseline,24,103.0,3
classic_baseline,24,103.0,3
classic_baseline,24,104.0,3
classic_baseline,24,104.0,5
classic_baseline,24,104.0,6
classic_baseline,24,104.0,9
classic_baseline,24,104.0,6
classic_baseline,24,105.0,6
classic_baseline,24,105.0,3
classic_baseline,24,105.0,4
classic_baseline,24,105.0,5
classic_baseline,24,105.0,2
classic_baseline,24,106.0,5
classic_baseline,24,106.0,2
classic_baseline,24,106.0,3
classic_baseline,24,106.0,3
classic_baseline,24,106.0,4
classic_baseline,24,107.0,4
classic_baseline,24,107.0,5
classic_baseline,24,107.0,7
classic_baseline,24,107.0,8
classic_baseline,24,107.0,3
classic_baseline,24,108.0,2
classic_baseline,24,108.0,1
classic_baseline,24,108.0,3
classic_baseline,24,108.0,8
classic_baseline,24,108.0,2
classic_baseline,24,109.0,4
classic_baseline,24,109.0,8
classic_baseline,24,109.0,11
classic_baseline,24,109.0,3
classic_baseline,24,109.0,2
classic_baseline,24,110.0,1
classic_baseline,24,110.0,7
classic_baseline,24,110.0,6
classic_baseline,24,110.0,2
classic_baseline,24,110.0,1
classic_baseline,24,111.0,4
classic_baseline,24,111.0,4
classic_baseline,24,111.0,7
classic_baseline,24,111.0,3
classic_baseline,24,111.0,3
classic_baseline,24,112.0,4
classic_baseline,24,112.0,4
classic_baseline,24,112.0,3
classic_baseline,24,112.0,6
classic_baseline,24,112.0,10
classic_baseline,24,113.0,4
classic_baseline,24,113.0,4
classic_baseline,24,113.0,4
classic_baseline,24,113.0,10
classic_baseline,24,113.0,8
classic_baseline,24,114.0,7
classic_baseline,24,114.0,5
classic_baseline,24,114.0,5
classic_baseline,24,114.0,4
classic_baseline,24,114.0,7
classic_baseline,24,115.0,4
classic_baseline,24,115.0,4
classic_baseline,24,115.0,3
classic_baseline,24,115.0,7
classic_baseline,24,115.0,6
classic_baseline,24,116.0,7
classic_baseline,24,116.0,3
classic_baseline,24,116.0,6
classic_baseline,24,116.0,2
classic_baseline,24,116.0,4
classic_baseline,24,117.0,3
classic_baseline,24,117.0,8
classic_baseline,24,117.0,7
classic_baseline,24,117.0,6
classic_baseline,24,117.0,6
classic_baseline,24,118.0,1
classic_baseline,24,118.0,7
classic_baseline,24,118.0,5
classic_baseline,24,118.0,9
classic_baseline,24,118.0,2
classic_baseline,24,119.0,7
classic_baseline,24,119.0,2
classic_baseline,24,119.0,6
classic_baseline,24,119.0,5
classic_baseline,24,119.0,5
classic_baseline,24,120.0,8
classic_baseline,24,120.0,8
classic_baseline,24,120.0,6
classic_baseline,24,120.0,8
classic_baseline,24,120.0,4
classic_baseline,24,121.0,4
classic_baseline,24,121.0,6
classic_baseline,24,121.0,2
classic_baseline,24,121.0,4
classic_baseline,24,121.0,2
classic_baseline,24,122.0,8
classic_baseline,24,122.0,10
classic_baseline,24,122.0,6
classic_baseline,24,122.0,7
classic_baseline,24,122.0,3
classic_baseline,24,123.0,7
classic_baseline,24,123.0,7
classic_baseline,24,123.0,7
classic_baseline,24,123.0,6
classic_baseline,24,123.0,1
classic_baseline,24,124.0,6
classic_baseline,24,124.0,7
classic_baseline,24,124.0,10
classic_baseline,24,124.0,2
classic_baseline,24,124.0,3
classic_baseline,24,125.0,6
classic_baseline,24,125.0,6
classic_baseline,24,125.0,4
classic_baseline,24,125.0,6
classic_baseline,24,125.0,6
classic_baseline,24,126.0,7
classic_baseline,24,126.0,3
classic_baseline,24,126.0,8
classic_baseline,24,126.0,7
classic_baseline,24,126.0,4
classic_baseline,24,127.0,7
classic_baseline,24,127.0,4
classic_baseline,24,127.0,4
classic_baseline,24,127.0,6
classic_baseline,24,127.0,2
classic_baseline,24,128.0,1
classic_baseline,24,128.0,4
classic_baseline,24,128.0,7
classic_baseline,24,128.0,2
classic_baseline,24,128.0,3
classic_baseline,24,129.0,2
classic_baseline,24,129.0,6
classic_baseline,24,129.0,3
classic_baseline,24,129.0,3
classic_baseline,24,129.0,3
classic_baseline,24,130.0,6
classic_baseline,24,130.0,7
classic_baseline,24,130.0,1
classic_baseline,24,130.0,2
classic_baseline,24,130.0,3
classic_baseline,24,131.0,6
classic_baseline,24,131.0,7
classic_baseline,24,131.0,3
classic_baseline,24,131.0,5
classic_baseline,24,131.0,4
classic_baseline,24,132.0,4
classic_baseline,24,132.0,2
classic_baseline,24,132.0,5
classic_baseline,24,132.0,4
classic_baseline,24,132.0,1
classic_baseline,24,133.0,5
classic_baseline,24,133.0,5
classic_baseline,24,133.0,7
classic_baseline,24,133.0,6
classic_baseline,24,133.0,6
classic_baseline,24,134.0,6
classic_baseline,24,134.0,1
classic_baseline,24,134.0,3
classic_baseline,24,134.0,2
classic_baseline,24,134.0,7
classic_baseline,24,135.0,5
classic_baseline,24,135.0,3
classic_baseline,24,135.0,1
classic_baseline,24,135.0,4
classic_baseline,24,135.0,8
classic_baseline,24,136.0,7
classic_baseline,24,136.0,6
classic_baseline,24,136.0,6
classic_baseline,24,136.0,9
classic_baseline,24,136.0,7
classic_baseline,24,137.0,3
classic_baseline,24,137.0,7
classic_baseline,24,137.0,4
classic_baseline,24,137.0,4
classic_baseline,24,137.0,3
classic_baseline,24,138.0,5
classic_baseline,24,138.0,2
classic_baseline,24,138.0,4
classic_baseline,24,138.0,1
classic_baseline,24,138.0,5
classic_baseline,24,139.0,3
classic_baseline,24,139.0,2
classic_baseline,24,139.0,3
classic_baseline,24,139.0,5
classic_baseline,24,139.0,4
classic_baseline,24,140.0,6
classic_baseline,24,140.0,2
classic_baseline,24,140.0,7
classic_baseline,24,140.0,4
classic_baseline,24,140.0,2
classic_baseline,24,141.0,5
classic_baseline,24,141.0,7
classic_baseline,24,141.0,4
classic_baseline,24,141.0,3
classic_baseline,24,141.0,3
classic_baseline,24,142.0,3
classic_baseline,24,142.0,1
classic_baseline,24,142.0,4
classic_baseline,24,142.0,4
classic_baseline,24,142.0,6
classic_baseline,24,143.0,3
classic_baseline,24,143.0,2
classic_baseline,24,143.0,7
classic_baseline,24,143.0,6
classic_baseline,24,143.0,2
classic_baseline,24,144.0,2
classic_baseline,24,144.0,4
classic_baseline,24,144.0,3
classic_baseline,24,144.0,2
classic_baseline,24,144.0,4
classic_baseline,24,145.0,6
classic_baseline,24,145.0,5
classic_baseline,24,145.0,7
classic_baseline,24,145.0,4
classic_baseline,24,145.0,6
classic_baseline,24,146.0,3
classic_baseline,24,146.0,2
classic_baseline,24,146.0,6
classic_baseline,24,146.0,6
classic_baseline,24,146.0,2
classic_baseline,24,147.0,4
classic_baseline,24,147.0,4
classic_baseline,24,147.0,6
classic_baseline,24,147.0,11
classic_baseline,24,147.0,2
classic_baseline,24,148.0,5
classic_baseline,24,148.0,5
classic_baseline,24,148.0,5
classic_baseline,24,148.0,5
classic_baseline,24,148.0,4
classic_baseline,24,149.0,8
classic_baseline,24,149.0,1
classic_baseline,24,149.0,3
classic_baseline,24,149.0,7
classic_baseline,24,149.0,2
classic_baseline,24,150.0,6
classic_baseline,24,150.0,9
classic_baseline,24,150.0,7
classic_baseline,24,150.0,6
classic_baseline,24,150.0,4
classic_baseline,24,151.0,7
classic_baseline,24,151.0,6
classic_baseline,24,151.0,3
classic_baseline,24,151.0,2
classic_baseline,24,151.0,3
classic_baseline,24,152.0,7
classic_baseline,24,152.0,8
classic_baseline,24,152.0,3
classic_baseline,24,152.0,7
classic_baseline,24,152.0,3
classic_baseline,24,153.0,6
classic_baseline,24,153.0,7
classic_baseline,24,153.0,3
classic_baseline,24,153.0,10
classic_baseline,24,153.0,7
classic_baseline,24,154.0,8
classic_baseline,24,154.0,8
classic_baseline,24,154.0,3
classic_baseline,24,154.0,5
classic_baseline,24,154.0,10
classic_baseline,24,155.0,5
classic_baseline,24,155.0,3
classic_baseline,24,155.0,3
classic_baseline,24,155.0,7
classic_baseline,24,155.0,7
classic_baseline,24,156.0,5
classic_baseline,24,156.0,5
classic_baseline,24,156.0,4
classic_baseline,24,156.0,9
classic_baseline,24,156.0,5
classic_baseline,24,157.0,7
classic_baseline,24,157.0,10
classic_baseline,24,157.0,5
classic_baseline,24,157.0,2
classic_baseline,24,157.0,2
classic_baseline,24,158.0,6
classic_baseline,24,158.0,3
classic_baseline,24,158.0,7
classic_baseline,24,158.0,5
classic_baseline,24,158.0,3
classic_baseline,24,159.0,6
classic_baseline,24,159.0,3
classic_baseline,24,159.0,3
classic_baseline,24,159.0,5
classic_baseline,24,159.0,7
classic_baseline,24,160.0,3
classic_baseline,24,160.0,9
classic_baseline,24,160.0,5
classic_baseline,24,160.0,7
classic_baseline,24,160.0,4
classic_baseline,24,161.0,5
classic_baseline,24,161.0,4
classic_baseline,24,161.0,1
classic_baseline,24,161.0,7
classic_baseline,24,161.0,5
classic_baseline,24,162.0,5
classic_baseline,24,162.0,3
classic_baseline,24,162.0,5
classic_baseline,24,162.0,3
classic_baseline,24,162.0,5
classic_baseline,24,163.0,2
classic_baseline,24,163.0,3
classic_baseline,24,163.0,7
classic_baseline,24,163.0,7
classic_baseline,24,163.0,4
classic_baseline,24,164.0,5
classic_baseline,24,164.0,4
classic_baseline,24,164.0,6
classic_baseline,24,164.0,3
classic_baseline,24,164.0,3
classic_baseline,24,165.0,5
classic_baseline,24,165.0,6
classic_baseline,24,165.0,1
classic_baseline,24,165.0,9
classic_baseline,24,165.0,7
classic_baseline,24,166.0,5
classic_baseline,24,166.0,6
classic_baseline,24,166.0,4
classic_baseline,24,166.0,5
classic_baseline,24,166.0,7
classic_baseline,24,167.0,6
classic_baseline,24,167.0,4
classic_baseline,24,167.0,6
classic_baseline,24,167.0,5
classic_baseline,24,167.0,1
classic_baseline,24,168.0,2
classic_baseline,24,168.0,5
classic_baseline,24,168.0,4
classic_baseline,24,168.0,1
classic_baseline,24,168.0,8
classic_baseline,24,169.0,3
classic_baseline,24,169.0,2
classic_baseline,24,169.0,6
classic_baseline,24,169.0,3
classic_baseline,24,169.0,5
classic_baseline,24,170.0,4
classic_baseline,24,170.0,3
classic_baseline,24,170.0,5
classic_baseline,24,170.0,5
classic_baseline,24,170.0,5
classic_baseline,24,171.0,4
classic_baseline,24,171.0,7
classic_baseline,24,171.0,5
classic_baseline,24,171.0,7
classic_baseline,24,171.0,2
classic_baseline,24,172.0,7
classic_baseline,24,172.0,7
classic_baseline,24,172.0,6
classic_baseline,24,172.0,3
classic_baseline,24,172.0,6
classic_baseline,24,173.0,4
classic_baseline,24,173.0,3
classic_baseline,24,173.0,3
classic_baseline,24,173.0,6
classic_baseline,24,173.0,7
classic_baseline,24,174.0,1
classic_baseline,24,174.0,3
classic_baseline,24,174.0,4
classic_baseline,24,174.0,4
classic_baseline,24,174.0,2
classic_baseline,24,175.0,3
classic_baseline,24,175.0,4
classic_baseline,24,175.0,1
classic_baseline,24,175.0,5
classic_baseline,24,175.0,5
classic_baseline,24,176.0,5
classic_baseline,24,176.0,3
classic_baseline,24,176.0,1
classic_baseline,24,176.0,4
classic_baseline,24,176.0,4
classic_baseline,24,177.0,4
classic_baseline,24,177.0,2
classic_baseline,24,177.0,1
classic_baseline,24,177.0,3
classic_baseline,24,177.0,2
classic_baseline,24,178.0,2
classic_baseline,24,178.0,3
classic_baseline,24,178.0,4
classic_baseline,24,178.0,4
classic_baseline,24,178.0,7
classic_baseline,24,179.0,2
classic_baseline,24,179.0,2
classic_baseline,24,179.0,8
classic_baseline,24,179.0,5
classic_baseline,24,179.0,2
classic_baseline,24,180.0,6
classic_baseline,24,180.0,6
classic_baseline,24,180.0,4
classic_baseline,24,180.0,2
classic_baseline,24,180.0,6
classic_baseline,24,181.0,1
classic_baseline,24,181.0,3
classic_baseline,24,181.0,3
classic_baseline,24,181.0,3
classic_baseline,24,181.0,3
classic_baseline,24,182.0,4
classic_baseline,24,182.0,6
classic_baseline,24,182.0,2
classic_baseline,24,182.0,4
classic_baseline,24,182.0,4
classic_baseline,24,183.0,5
classic_baseline,24,183.0,5
classic_baseline,24,183.0,7
classic_baseline,24,183.0,5
classic_baseline,24,183.0,6
classic_baseline,24,184.0,1
classic_baseline,24,184.0,3
classic_baseline,24,184.0,6
classic_baseline,24,184.0,2
classic_baseline,24,184.0,5
classic_baseline,24,185.0,5
classic_baseline,24,185.0,7
classic_baseline,24,185.0,6
classic_baseline,24,185.0,4
classic_baseline,24,185.0,7
classic_baseline,24,186.0,4
classic_baseline,24,186.0,2
classic_baseline,24,186.0,8
classic_baseline,24,186.0,9
classic_baseline,24,186.0,4
classic_baseline,24,187.0,3
classic_baseline,24,187.0,7
classic_baseline,24,187.0,4
classic_baseline,24,187.0,5
classic_baseline,24,187.0,1
classic_baseline,24,188.0,7
classic_baseline,24,188.0,4
classic_baseline,24,188.0,6
classic_baseline,24,188.0,3
classic_baseline,24,188.0,6
classic_baseline,24,189.0,10
classic_baseline,24,189.0,7
classic_baseline,24,189.0,3
classic_baseline,24,189.0,1
classic_baseline,24,189.0,8
classic_baseline,24,190.0,6
classic_baseline,24,190.0,3
classic_baseline,24,190.0,2
classic_baseline,24,190.0,4
classic_baseline,24,190.0,2
classic_baseline,24,191.0,4
classic_baseline,24,191.0,2
classic_baseline,24,191.0,2
classic_baseline,24,191.0,3
classic_baseline,24,191.0,9
classic_baseline,24,192.0,4
classic_baseline,24,192.0,3
classic_baseline,24,192.0,8
classic_baseline,24,192.0,4
classic_baseline,24,192.0,3
classic_baseline,24,193.0,2
classic_baseline,24,193.0,3
classic_baseline,24,193.0,6
classic_baseline,24,193.0,2
classic_baseline,24,193.0,5
classic_baseline,24,194.0,1
classic_baseline,24,194.0,5
classic_baseline,24,194.0,5
classic_baseline,24,194.0,2
classic_baseline,24,194.0,4
classic_baseline,24,195.0,2
classic_baseline,24,195.0,6
classic_baseline,24,195.0,5
classic_baseline,24,195.0,4
classic_baseline,24,195.0,2
classic_baseline,24,196.0,4
classic_baseline,24,196.0,4
classic_baseline,24,196.0,5
classic_baseline,24,196.0,1
classic_baseline,24,196.0,2
classic_baseline,24,197.0,6
classic_baseline,24,197.0,7
classic_baseline,24,197.0,2
classic_baseline,24,197.0,5
classic_baseline,24,197.0,5
classic_baseline,24,198.0,5
classic_baseline,24,198.0,3
classic_baseline,24,198.0,5
classic_baseline,24,198.0,2
classic_baseline,24,198.0,1
classic_baseline,24,199.0,7
classic_baseline,24,199.0,5
classic_baseline,24,199.0,4
classic_baseline,24,199.0,5
classic_baseline,24,199.0,6
classic_baseline,24,200.0,6
classic_baseline,24,200.0,7
classic_baseline,24,200.0,6
classic_baseline,24,200.0,3
classic_baseline,24,200.0,3
classic_baseline,24,201.0,1
classic_baseline,24,201.0,1
classic_baseline,24,201.0,1
classic_baseline,24,201.0,4
classic_baseline,24,201.0,5
classic_baseline,24,202.0,1
classic_baseline,24,202.0,3
classic_baseline,24,202.0,5
classic_baseline,24,202.0,5
classic_baseline,24,202.0,4
classic_baseline,24,203.0,1
classic_baseline,24,203.0,2
classic_baseline,24,203.0,7
classic_baseline,24,203.0,6
classic_baseline,24,203.0,3
classic_baseline,24,204.0,5
classic_baseline,24,204.0,3
classic_baseline,24,204.0,4
classic_baseline,24,204.0,4
classic_baseline,24,204.0,6
classic_baseline,24,205.0,4
classic_baseline,24,205.0,2
classic_baseline,24,205.0,5
classic_baseline,24,205.0,6
classic_baseline,24,205.0,4
classic_baseline,24,206.0,3
classic_baseline,24,206.0,9
classic_baseline,24,206.0,1
classic_baseline,24,206.0,7
classic_baseline,24,206.0,2
classic_baseline,24,207.0,3
classic_baseline,24,207.0,1
classic_baseline,24,207.0,5
classic_baseline,24,207.0,7
classic_baseline,24,207.0,3
classic_baseline,24,208.0,7
classic_baseline,24,208.0,3
classic_baseline,24,208.0,7
classic_baseline,24,208.0,2
classic_baseline,24,208.0,5
classic_baseline,24,209.0,5
classic_baseline,24,209.0,2
classic_baseline,24,209.0,2
classic_baseline,24,209.0,4
classic_baseline,24,209.0,7
classic_baseline,24,210.0,4
classic_baseline,24,210.0,7
classic_baseline,24,210.0,8
classic_baseline,24,210.0,5
classic_baseline,24,210.0,2
classic_baseline,24,211.0,2
classic_baseline,24,211.0,3
classic_baseline,24,211.0,6
classic_baseline,24,211.0,7
classic_baseline,24,211.0,2
classic_baseline,24,212.0,3
classic_baseline,24,212.0,7
classic_baseline,24,212.0,8
classic_baseline,24,212.0,3
classic_baseline,24,212.0,6
classic_baseline,24,213.0,6
classic_baseline,24,213.0,1
classic_baseline,24,213.0,8
classic_baseline,24,213.0,7
classic_baseline,24,213.0,7
classic_baseline,24,214.0,1
classic_baseline,24,214.0,5
classic_baseline,24,214.0,3
classic_baseline,24,214.0,6
classic_baseline,24,214.0,6
classic_baseline,24,215.0,1
classic_baseline,24,215.0,4
classic_baseline,24,215.0,6
classic_baseline,24,215.0,5
classic_baseline,24,215.0,7
classic_baseline,24,216.0,6
classic_baseline,24,216.0,4
classic_baseline,24,216.0,6
classic_baseline,24,216.0,3
classic_baseline,24,216.0,6
classic_baseline,24,217.0,6
classic_baseline,24,217.0,6
classic_baseline,24,217.0,6
classic_baseline,24,217.0,8
classic_baseline,24,217.0,4
classic_baseline,24,218.0,4
classic_baseline,24,218.0,3
classic_baseline,24,218.0,4
classic_baseline,24,218.0,3
classic_baseline,24,218.0,4
classic_baseline,24,219.0,6
classic_baseline,24,219.0,7
classic_baseline,24,219.0,1
classic_baseline,24,219.0,2
classic_baseline,24,219.0,7
classic_baseline,24,220.0,8
classic_baseline,24,220.0,5
classic_baseline,24,220.0,5
classic_baseline,24,220.0,10
classic_baseline,24,220.0,2
classic_baseline,24,221.0,3
classic_baseline,24,221.0,4
classic_baseline,24,221.0,4
classic_baseline,24,221.0,4
classic_baseline,24,221.0,3
classic_baseline,24,222.0,3
classic_baseline,24,222.0,1
classic_baseline,24,222.0,2
classic_baseline,24,222.0,12
classic_baseline,24,222.0,1
classic_baseline,24,223.0,4
classic_baseline,24,223.0,4
classic_baseline,24,223.0,4
classic_baseline,24,223.0,7
classic_baseline,24,223.0,4
classic_baseline,24,224.0,7
classic_baseline,24,224.0,8
classic_baseline,24,224.0,5
classic_baseline,24,224.0,3
classic_baseline,24,224.0,8
classic_baseline,24,225.0,9
classic_baseline,24,225.0,5
classic_baseline,24,225.0,5
classic_baseline,24,225.0,4
classic_baseline,24,225.0,5
classic_baseline,24,226.0,4
classic_baseline,24,226.0,3
classic_baseline,24,226.0,5
classic_baseline,24,226.0,6
classic_baseline,24,226.0,2
classic_baseline,24,227.0,9
classic_baseline,24,227.0,2
classic_baseline,24,227.0,3
classic_baseline,24,227.0,7
classic_baseline,24,227.0,6
classic_baseline,24,228.0,7
classic_baseline,24,228.0,6
classic_baseline,24,228.0,6
classic_baseline,24,228.0,8
classic_baseline,24,228.0,8
classic_baseline,24,229.0,3
classic_baseline,24,229.0,7
classic_baseline,24,229.0,6
classic_baseline,24,229.0,7
classic_baseline,24,229.0,2
classic_baseline,24,230.0,2
classic_baseline,24,230.0,3
classic_baseline,24,230.0,6
classic_baseline,24,230.0,5
classic_baseline,24,230.0,2
classic_baseline,24,231.0,1
classic_baseline,24,231.0,1
classic_baseline,24,231.0,8
classic_baseline,24,231.0,7
classic_baseline,24,231.0,1
classic_baseline,24,232.0,7
classic_baseline,24,232.0,5
classic_baseline,24,232.0,1
classic_baseline,24,232.0,3
classic_baseline,24,232.0,4
classic_baseline,24,233.0,7
classic_baseline,24,233.0,4
classic_baseline,24,233.0,5
classic_baseline,24,233.0,4
classic_baseline,24,233.0,3
classic_baseline,24,234.0,8
classic_baseline,24,234.0,3
classic_baseline,24,234.0,6
classic_baseline,24,234.0,6
classic_baseline,24,234.0,4
classic_baseline,24,235.0,1
classic_baseline,24,235.0,7
classic_baseline,24,235.0,1
classic_baseline,24,235.0,2
classic_baseline,24,235.0,7
classic_baseline,24,236.0,1
classic_baseline,24,236.0,2
classic_baseline,24,236.0,2
classic_baseline,24,236.0,1
classic_baseline,24,236.0,8
classic_baseline,24,237.0,5
classic_baseline,24,237.0,7
classic_baseline,24,237.0,5
classic_baseline,24,237.0,4
classic_baseline,24,237.0,6
classic_baseline,24,238.0,5
classic_baseline,24,238.0,5
classic_baseline,24,238.0,3
classic_baseline,24,238.0,4
classic_baseline,24,238.0,2
classic_baseline,24,239.0,6
classic_baseline,24,239.0,2
classic_baseline,24,239.0,1
classic_baseline,24,239.0,6
classic_baseline,24,239.0,5
classic_baseline,24,240.0,3
classic_baseline,24,240.0,4
classic_baseline,24,240.0,4
classic_baseline,24,240.0,1
classic_baseline,24,240.0,8
classic_baseline,24,241.0,6
classic_baseline,24,241.0,3
classic_baseline,24,241.0,5
classic_baseline,24,241.0,3
classic_baseline,24,241.0,3
classic_baseline,24,242.0,4
classic_baseline,24,242.0,6
classic_baseline,24,242.0,6
classic_baseline,24,242.0,5
classic_baseline,24,242.0,4
classic_baseline,24,243.0,2
classic_baseline,24,243.0,6
classic_baseline,24,243.0,2
classic_baseline,24,243.0,6
classic_baseline,24,243.0,2
classic_baseline,24,244.0,5
classic_baseline,24,244.0,3
classic_baseline,24,244.0,2
classic_baseline,24,244.0,4
classic_baseline,24,244.0,3
classic_baseline,24,245.0,9
classic_baseline,24,245.0,3
classic_baseline,24,245.0,5
classic_baseline,24,245.0,4
classic_baseline,24,245.0,4
classic_baseline,24,246.0,2
classic_baseline,24,246.0,2
classic_baseline,24,246.0,2
classic_baseline,24,246.0,3
classic_baseline,24,246.0,6
classic_baseline,24,247.0,3
classic_baseline,24,247.0,4
classic_baseline,24,247.0,7
classic_baseline,24,247.0,2
classic_baseline,24,247.0,3
classic_baseline,24,248.0,6
classic_baseline,24,248.0,6
classic_baseline,24,248.0,3
classic_baseline,24,248.0,4
classic_baseline,24,248.0,5
classic_baseline,24,249.0,5
classic_baseline,24,249.0,2
classic_baseline,24,249.0,1
classic_baseline,24,249.0,4
classic_baseline,24,249.0,1
classic_baseline,24,250.0,7
classic_baseline,24,250.0,4
classic_baseline,24,250.0,7
classic_baseline,24,250.0,2
classic_baseline,24,250.0,5
classic_baseline,24,251.0,3
classic_baseline,24,251.0,3
classic_baseline,24,251.0,7
classic_baseline,24,251.0,7
classic_baseline,24,251.0,5
classic_baseline,24,252.0,1
classic_baseline,24,252.0,7
classic_baseline,24,252.0,6
classic_baseline,24,252.0,8
classic_baseline,24,252.0,1
classic_baseline,24,253.0,3
classic_baseline,24,253.0,2
classic_baseline,24,253.0,1
classic_baseline,24,253.0,7
classic_baseline,24,253.0,10
classic_baseline,24,254.0,1
classic_baseline,24,254.0,2
classic_baseline,24,254.0,2
classic_baseline,24,254.0,2
classic_baseline,24,254.0,3
classic_baseline,24,255.0,6
classic_baseline,24,255.0,1
classic_baseline,24,255.0,2
classic_baseline,24,255.0,1
classic_baseline,24,255.0,1
classic_baseline,24,256.0,4
classic_baseline,24,256.0,5
classic_baseline,24,256.0,2
classic_baseline,24,256.0,5
classic_baseline,24,256.0,4
classic_baseline,24,257.0,4
classic_baseline,24,257.0,6
classic_baseline,24,257.0,2
classic_baseline,24,257.0,6
classic_baseline,24,257.0,8
classic_baseline,24,258.0,3
classic_baseline,24,258.0,1
classic_baseline,24,258.0,3
classic_baseline,24,258.0,4
classic_baseline,24,258.0,2
classic_baseline,24,259.0,1
classic_baseline,24,259.0,7
classic_baseline,24,259.0,5
classic_baseline,24,259.0,6
classic_baseline,24,259.0,2
classic_baseline,24,260.0,4
classic_baseline,24,260.0,3
classic_baseline,24,260.0,3
classic_baseline,24,260.0,2
classic_baseline,24,260.0,3
classic_baseline,24,261.0,2
classic_baseline,24,261.0,2
classic_baseline,24,261.0,5
classic_baseline,24,261.0,4
classic_baseline,24,261.0,2
classic_baseline,24,262.0,3
classic_baseline,24,262.0,6
classic_baseline,24,262.0,5
classic_baseline,24,262.0,4
classic_baseline,24,262.0,4
classic_baseline,24,263.0,2
classic_baseline,24,263.0,2
classic_baseline,24,263.0,6
classic_baseline,24,263.0,6
classic_baseline,24,263.0,5
classic_baseline,24,264.0,6
classic_baseline,24,264.0,3
classic_baseline,24,264.0,3
classic_baseline,24,264.0,1
classic_baseline,24,264.0,2
classic_baseline,24,265.0,6
classic_baseline,24,265.0,3
classic_baseline,24,265.0,4
classic_baseline,24,265.0,5
classic_baseline,24,265.0,3
classic_baseline,24,266.0,6
classic_baseline,24,266.0,6
classic_baseline,24,266.0,2
classic_baseline,24,266.0,1
classic_baseline,24,266.0,6
classic_baseline,24,267.0,4
classic_baseline,24,267.0,3
classic_baseline,24,267.0,2
classic_baseline,24,267.0,5
classic_baseline,24,267.0,2
classic_baseline,24,268.0,2
classic_baseline,24,268.0,7
classic_baseline,24,268.0,1
classic_baseline,24,268.0,1
classic_baseline,24,268.0,8
classic_baseline,24,269.0,5
classic_baseline,24,269.0,3
classic_baseline,24,269.0,5
classic_baseline,24,269.0,8
classic_baseline,24,269.0,4
classic_baseline,24,270.0,4
classic_baseline,24,270.0,2
classic_baseline,24,270.0,4
classic_baseline,24,270.0,5
classic_baseline,24,270.0,3
classic_baseline,24,271.0,1
classic_baseline,24,271.0,5
classic_baseline,24,271.0,3
classic_baseline,24,271.0,4
classic_baseline,24,271.0,6
classic_baseline,24,272.0,3
classic_baseline,24,272.0,4
classic_baseline,24,272.0,1
classic_baseline,24,272.0,5
classic_baseline,24,272.0,3
classic_baseline,24,273.0,4
classic_baseline,24,273.0,7
classic_baseline,24,273.0,3
classic_baseline,24,273.0,4
classic_baseline,24,273.0,7
classic_baseline,24,274.0,5
classic_baseline,24,274.0,4
classic_baseline,24,274.0,5
classic_baseline,24,274.0,2
classic_baseline,24,274.0,3
classic_baseline,24,275.0,6
classic_baseline,24,275.0,5
classic_baseline,24,275.0,1
classic_baseline,24,275.0,2
classic_baseline,24,275.0,3
classic_baseline,24,276.0,2
classic_baseline,24,276.0,5
classic_baseline,24,276.0,9
classic_baseline,24,276.0,4
classic_baseline,24,276.0,8
classic_baseline,24,277.0,4
classic_baseline,24,277.0,4
classic_baseline,24,277.0,8
classic_baseline,24,277.0,3
classic_baseline,24,277.0,9
classic_baseline,24,278.0,7
classic_baseline,24,278.0,4
classic_baseline,24,278.0,3
classic_baseline,24,278.0,1
classic_baseline,24,278.0,8
classic_baseline,24,279.0,6
classic_baseline,24,279.0,7
classic_baseline,24,279.0,8
classic_baseline,24,279.0,2
classic_baseline,24,279.0,3
classic_baseline,24,280.0,5
classic_baseline,24,280.0,7
classic_baseline,24,280.0,5
classic_baseline,24,280.0,2
classic_baseline,24,280.0,3
classic_baseline,24,281.0,2
classic_baseline,24,281.0,4
classic_baseline,24,281.0,3
classic_baseline,24,281.0,9
classic_baseline,24,281.0,4
classic_baseline,24,282.0,3
classic_baseline,24,282.0,4
classic_baseline,24,282.0,6
classic_baseline,24,282.0,7
classic_baseline,24,282.0,6
classic_baseline,24,283.0,2
classic_baseline,24,283.0,3
classic_baseline,24,283.0,4
classic_baseline,24,283.0,5
classic_baseline,24,283.0,1
classic_baseline,24,284.0,3
classic_baseline,24,284.0,3
classic_baseline,24,284.0,7
classic_baseline,24,284.0,6
classic_baseline,24,284.0,5
classic_baseline,24,285.0,6
classic_baseline,24,285.0,6
classic_baseline,24,285.0,4
classic_baseline,24,285.0,2
classic_baseline,24,285.0,6
classic_baseline,24,286.0,3
classic_baseline,24,286.0,4
classic_baseline,24,286.0,4
classic_baseline,24,286.0,6
classic_baseline,24,286.0,5
classic_baseline,24,287.0,5
classic_baseline,24,287.0,3
classic_baseline,24,287.0,5
classic_baseline,24,287.0,7
classic_baseline,24,287.0,7
classic_baseline,24,288.0,4
classic_baseline,24,288.0,4
classic_baseline,24,288.0,5
classic_baseline,24,288.0,2
classic_baseline,24,288.0,5
classic_baseline,24,289.0,3
classic_baseline,24,289.0,5
classic_baseline,24,289.0,6
classic_baseline,24,289.0,2
classic_baseline,24,289.0,5
classic_baseline,24,290.0,4
classic_baseline,24,290.0,3
classic_baseline,24,290.0,2
classic_baseline,24,290.0,4
classic_baseline,24,290.0,3
classic_baseline,24,291.0,6
classic_baseline,24,291.0,4
classic_baseline,24,291.0,5
classic_baseline,24,291.0,3
classic_baseline,24,291.0,6
classic_baseline,24,292.0,2
classic_baseline,24,292.0,6
classic_baseline,24,292.0,4
classic_baseline,24,292.0,6
classic_baseline,24,292.0,6
classic_baseline,24,293.0,3
classic_baseline,24,293.0,1
classic_baseline,24,293.0,1
classic_baseline,24,293.0,1
classic_baseline,24,293.0,7
classic_baseline,24,294.0,6
classic_baseline,24,294.0,4
classic_baseline,24,294.0,5
classic_baseline,24,294.0,1
classic_baseline,24,294.0,6
classic_baseline,24,295.0,7
classic_baseline,24,295.0,8
classic_baseline,24,295.0,7
classic_baseline,24,295.0,5
classic_baseline,24,295.0,7
classic_baseline,24,296.0,4
classic_baseline,24,296.0,4
classic_baseline,24,296.0,3
classic_baseline,24,296.0,8
classic_baseline,24,296.0,5
classic_baseline,24,297.0,4
classic_baseline,24,297.0,4
classic_baseline,24,297.0,5
classic_baseline,24,297.0,3
classic_baseline,24,297.0,1
classic_baseline,24,298.0,6
classic_baseline,24,298.0,4
classic_baseline,24,298.0,3
classic_baseline,24,298.0,4
classic_baseline,24,298.0,2
classic_baseline,24,299.0,4
classic_baseline,24,299.0,5
classic_baseline,24,299.0,5
classic_baseline,24,299.0,3
classic_baseline,24,299.0,6
classic_baseline,24,300.0,4
classic_baseline,24,300.0,4
classic_baseline,24,300.0,2
classic_baseline,24,300.0,3
classic_baseline,24,300.0,1
