{
  "accuracy": 0.9817357245928674,
  "classification_report": {
    "0": {
      "precision": 0.9430737599588794,
      "recall": 1.0,
      "f1-score": 0.9707029958336089,
      "support": 7339.0
    },
    "1": {
      "precision": 1.0,
      "recall": 0.9738117758335304,
      "f1-score": 0.9867321572973135,
      "support": 16916.0
    },
    "accuracy": 0.9817357245928674,
    "macro avg": {
      "precision": 0.9715368799794397,
      "recall": 0.9869058879167651,
      "f1-score": 0.9787175765654612,
      "support": 24255.0
    },
    "weighted avg": {
      "precision": 0.982775441118871,
      "recall": 0.9817357245928674,
      "f1-score": 0.9818821051026266,
      "support": 24255.0
    }
  }
}