method,run_id,time,ml_avg_reliability,ml_min_reliability,ml_hops,base_avg_reliability,base_min_reliability,base_hops
ours,1,1.0,0.9400158743228114,0.9400158743228114,1,0.9400158743228114,0.9400158743228114,1
ours,1,1.0,0.9129826872397236,0.9043289758120022,3,0.896751811824433,0.8929632298306482,3
ours,1,1.0,0.8010657759813073,0.8010657759813073,1,0.8010657759813073,0.8010657759813073,1
ours,1,1.0,0.9222018549330402,0.9043289758120022,2,0.9222018549330402,0.9043289758120022,2
ours,1,1.0,0.9043289758120022,0.9043289758120022,2,0.8929632298306482,0.8929632298306482,2
ours,1,2.0,0.9156410616422467,0.8916689391962329,6,0.901893482392519,0.8916689391962329,6
ours,1,2.0,0.8859950141263445,0.8747025878530628,2,0.8831857635246478,0.8747025878530628,2
ours,1,2.0,0.9090692902735938,0.8747025878530628,5,0.9079455900329151,0.8747025878530628,5
ours,1,2.0,0.9338364121319235,0.9338364121319235,1,0.9338364121319235,0.9338364121319235,1
ours,1,2.0,0.9367949225287053,0.928161802504689,3,0.9367949225287053,0.928161802504689,3
ours,1,3.0,0.8938726781195381,0.8483529594507777,5,0.8662953406394549,0.8483529594507777,4
ours,1,3.0,0.7406827940235617,0.7233096747888376,3,0.7406827940235617,0.7233096747888376,3
ours,1,3.0,0.8662953406394549,0.8483529594507777,4,0.8662953406394549,0.8483529594507777,4
ours,1,3.0,0.699115530591381,0.6989575770302152,2,0.699115530591381,0.6989575770302152,2
ours,1,3.0,0.8986124359324458,0.8483529594507777,6,0.7772156143016142,0.7331775207752033,5
ours,1,4.0,0.810504857341937,0.7620123063433337,4,0.810504857341937,0.7620123063433337,4
ours,1,4.0,0.9201908813107997,0.9094623796839404,2,0.9201908813107997,0.9094623796839404,2
ours,1,4.0,0.778575162654303,0.7620123063433337,3,0.778575162654303,0.7620123063433337,3
ours,1,4.0,0.8814159658994887,0.8814159658994887,1,0.8814159658994887,0.8814159658994887,1
ours,1,4.0,0.7949323505736072,0.7177235159396331,5,0.7720832110019922,0.7177235159396331,5
ours,1,5.0,0.8121670810593304,0.7037857310834532,5,0.8026931196870664,0.7037857310834532,5
ours,1,5.0,0.7990049291639505,0.7990049291639505,2,0.7990049291639505,0.7990049291639505,2
ours,1,5.0,0.8568075823196472,0.8049127507500742,5,0.8008068135887008,0.7990049291639505,4
ours,1,5.0,0.841573125291791,0.8167299940932693,3,0.841573125291791,0.8167299940932693,3
ours,1,5.0,0.8449199101231599,0.8449199101231599,1,0.8449199101231599,0.8449199101231599,1
ours,1,6.0,0.8287185441596563,0.7374383768074014,3,0.8287185441596563,0.7374383768074014,3
ours,1,6.0,0.8621150287064528,0.8412202500835632,4,0.7492560722118925,0.7372913926492524,3
ours,1,6.0,0.7372913926492524,0.7372913926492524,2,0.7372913926492524,0.7372913926492524,2
ours,1,6.0,0.864920596189393,0.8015824107683296,4,0.6921159074032947,0.6373826557207772,3
ours,1,6.0,0.8404140985209587,0.7830436858880985,5,0.7596336334687355,0.6856177381835141,4
ours,1,7.0,0.7228126244410351,0.7228126244410351,1,0.7228126244410351,0.7228126244410351,1
ours,1,7.0,0.7954332800197402,0.7920062616414532,2,0.7954332800197402,0.7920062616414532,2
ours,1,7.0,0.8541779623400169,0.8541779623400169,2,0.8541779623400169,0.8541779623400169,2
ours,1,7.0,0.8250404134365179,0.7897613302548215,2,0.7228126244410351,0.7228126244410351,2
ours,1,7.0,0.8212084945143037,0.7988602983980273,3,0.8212084945143037,0.7988602983980273,3
ours,1,8.0,0.8477445640467605,0.8477445640467605,2,0.6996259007555345,0.6996259007555345,2
ours,1,8.0,0.8477445640467605,0.8477445640467605,2,0.6996259007555345,0.6996259007555345,2
ours,1,8.0,0.8698882489843314,0.8556390129560875,2,0.8121433285373059,0.8121433285373059,2
ours,1,8.0,0.9169980921839648,0.9169980921839648,1,0.9169980921839648,0.9169980921839648,1
ours,1,8.0,0.8741460758750452,0.8594132789742296,4,0.8357783037557678,0.8121433285373059,4
ours,1,9.0,0.7564502133907861,0.6573791973361259,4,0.6273366202096106,0.5287603177827005,4
ours,1,9.0,0.6696061500108503,0.6519822996965567,3,0.6696061500108503,0.6519822996965567,3
ours,1,9.0,0.6763716071038148,0.647889363568192,2,0.6763716071038148,0.647889363568192,2
ours,1,9.0,0.6191456739956577,0.5863090482947586,2,0.6191456739956577,0.5863090482947586,2
ours,1,9.0,0.6763716071038148,0.647889363568192,2,0.6763716071038148,0.647889363568192,2
ours,1,10.0,0.8457183343222794,0.8457183343222794,1,0.8457183343222794,0.8457183343222794,1
ours,1,10.0,0.8504003295124063,0.7973532518141843,2,0.8215357930682319,0.7973532518141843,2
ours,1,10.0,0.8960588690183414,0.8954227279078012,3,0.7391263600498159,0.6609781761208232,3
ours,1,10.0,0.8790024455808054,0.8098139959464452,4,0.8495919933832959,0.8098139959464452,4
ours,1,10.0,0.8349816045740683,0.8014381538386529,2,0.7327389331674332,0.7327389331674332,2
ours,1,11.0,0.7237968822252006,0.7237968822252006,1,0.7237968822252006,0.7237968822252006,1
ours,1,11.0,0.7494367128373646,0.7494367128373646,2,0.7494367128373646,0.7494367128373646,2
ours,1,11.0,0.6544597020531535,0.6544597020531535,1,0.6544597020531535,0.6544597020531535,1
ours,1,11.0,0.7936206030771383,0.7936206030771383,1,0.7936206030771383,0.7936206030771383,1
ours,1,11.0,0.7708624848789162,0.7494367128373646,2,0.7708624848789162,0.7494367128373646,2
ours,1,12.0,0.7052033787241504,0.6692343588703579,3,0.7052033787241504,0.6692343588703579,3
ours,1,12.0,0.7736084007197036,0.7222242537840937,3,0.7736084007197036,0.7222242537840937,3
ours,1,12.0,0.7771414184317357,0.7771414184317357,1,0.7771414184317357,0.7771414184317357,1
ours,1,12.0,0.810076076291214,0.7879296466655012,7,0.6962594493742502,0.6692343588703579,6
ours,1,12.0,0.7857712048319172,0.7516266790437769,3,0.7857712048319172,0.7516266790437769,3
ours,1,13.0,0.7825544998116676,0.7687994254622712,4,0.7767927950613673,0.7687994254622712,4
ours,1,13.0,0.8066109068001099,0.8066109068001099,1,0.8066109068001099,0.8066109068001099,1
ours,1,13.0,0.7475756140146973,0.7475756140146973,1,0.7475756140146973,0.7475756140146973,1
ours,1,13.0,0.7859599910089262,0.7687994254622712,3,0.778277718008526,0.7687994254622712,3
ours,1,13.0,0.8372878206839293,0.8372878206839293,1,0.8372878206839293,0.8372878206839293,1
ours,1,14.0,0.8232665369014661,0.7578694580575287,4,0.6507913272169102,0.5890081882552598,3
ours,1,14.0,0.7435233309860948,0.7291772039146609,2,0.7435233309860948,0.7291772039146609,2
ours,1,14.0,0.7935907653853073,0.7935907653853073,1,0.7935907653853073,0.7935907653853073,1
ours,1,14.0,0.7583776522908945,0.6725615926262822,4,0.6784586570068868,0.5890081882552598,4
ours,1,14.0,0.8449932945630485,0.8449932945630485,2,0.8133305222682963,0.8133305222682963,2
ours,1,15.0,0.7698161653240244,0.7407289963646839,3,0.7182252644855649,0.7069733985460054,3
ours,1,15.0,0.6313327204609258,0.6313327204609258,1,0.6313327204609258,0.6313327204609258,1
ours,1,15.0,0.7838323839396346,0.7805915598264332,3,0.7315127856394813,0.7069733985460054,3
ours,1,15.0,0.7340794374844655,0.6313327204609258,3,0.6817598391843122,0.6313327204609258,3
ours,1,15.0,0.7220444503208773,0.5952277589701609,3,0.6697248520207238,0.5952277589701609,3
ours,1,16.0,0.7981181731871452,0.7551364088616771,3,0.7937811969682516,0.7551364088616771,3
ours,1,16.0,0.8101881421869094,0.7551364088616771,4,0.7027623893789632,0.6342962481601393,4
ours,1,16.0,0.7196830953050617,0.7196830953050617,2,0.6342962481601393,0.6342962481601393,2
ours,1,16.0,0.8128811085539274,0.7643122163219667,2,0.8128811085539274,0.7643122163219667,2
ours,1,16.0,0.7551364088616771,0.7551364088616771,2,0.7551364088616771,0.7551364088616771,2
ours,1,17.0,0.7565557909464052,0.7284604587359383,3,0.7565557909464052,0.7284604587359383,3
ours,1,17.0,0.7456678880731727,0.7370531181357239,3,0.587978546636601,0.587978546636601,2
ours,1,17.0,0.8583690254329991,0.8583690254329991,1,0.8583690254329991,0.8583690254329991,1
ours,1,17.0,0.7996256550120096,0.7370531181357239,4,0.784157264418,0.7370531181357239,4
ours,1,17.0,0.7352133947854673,0.5273070619943245,3,0.729943294464959,0.5273070619943245,3
ours,1,18.0,0.6803582695079835,0.6427357364712452,2,0.6803582695079835,0.6427357364712452,2
ours,1,18.0,0.8331059312876766,0.717980802544722,4,0.7671841033841252,0.717980802544722,3
ours,1,18.0,0.7825355070670282,0.7825355070670282,1,0.7825355070670282,0.7825355070670282,1
ours,1,18.0,0.7486894959717432,0.7486894959717432,1,0.7486894959717432,0.7486894959717432,1
ours,1,18.0,0.7305868729484439,0.7305868729484439,1,0.7305868729484439,0.7305868729484439,1
ours,1,19.0,0.565920957834695,0.565920957834695,1,0.565920957834695,0.565920957834695,1
ours,1,19.0,0.756362839020754,0.565920957834695,4,0.504882391498635,0.4743631083306049,3
ours,1,19.0,0.7387177024077345,0.7387177024077345,1,0.7387177024077345,0.7387177024077345,1
ours,1,19.0,0.7294628006751992,0.7187250037462636,2,0.7294628006751992,0.7187250037462636,2
ours,1,19.0,0.7552977761340285,0.7199369937939591,2,0.7552977761340285,0.7199369937939591,2
ours,1,20.0,0.6655822392123787,0.6424272987982198,2,0.6514728799849245,0.6424272987982198,2
ours,1,20.0,0.5637246080396991,0.5637246080396991,1,0.5637246080396991,0.5637246080396991,1
ours,1,20.0,0.8006031591354091,0.7466607005023332,3,0.5987855363587353,0.5679190739522884,3
ours,1,20.0,0.7451473504698796,0.43684031114311606,4,0.647992387621276,0.43684031114311606,3
ours,1,20.0,0.7723946402515761,0.6620351438508347,3,0.5987855363587353,0.5679190739522884,3
ours,1,21.0,0.6288937263937961,0.6288937263937961,2,0.5262190008356448,0.5262190008356448,2
ours,1,21.0,0.7228823120308787,0.7214104113504263,3,0.5833529281432627,0.4811168267822812,3
ours,1,21.0,0.7491782988592957,0.7491782988592957,1,0.7491782988592957,0.7491782988592957,1
ours,1,21.0,0.8483172423317242,0.8403061338007751,2,0.8483172423317242,0.8403061338007751,2
ours,1,21.0,0.6843629466604332,0.5262190008356448,3,0.5892310271199303,0.4811168267822812,3
ours,1,22.0,0.5428418759012816,0.5428418759012816,1,0.5428418759012816,0.5428418759012816,1
ours,1,22.0,0.5486829129424997,0.5018661010352692,2,0.5287079343019063,0.5018661010352692,2
ours,1,22.0,0.4934497333423542,0.4934497333423542,1,0.4934497333423542,0.4934497333423542,1
ours,1,22.0,0.7134231120060339,0.4934497333423542,3,0.4939234846775635,0.4934497333423542,3
ours,1,22.0,0.7219566124952854,0.5555497675685434,2,0.6836105636204639,0.5555497675685434,2
ours,1,23.0,0.7279427454425261,0.7279427454425261,2,0.6026782880913861,0.6026782880913861,2
ours,1,23.0,0.5185465134141614,0.5185465134141614,1,0.5185465134141614,0.5185465134141614,1
ours,1,23.0,0.5564628575814861,0.5102474270715861,2,0.5564628575814861,0.5102474270715861,2
ours,1,23.0,0.6693043921049623,0.6142867382246943,3,0.550459921684339,0.5185465134141614,3
ours,1,23.0,0.6322658213781,0.6322658213781,1,0.6322658213781,0.6322658213781,1
ours,1,24.0,0.6358859648714867,0.5291867775493594,2,0.5452313686384553,0.5291867775493594,2
ours,1,24.0,0.6126324314077825,0.5291867775493594,2,0.6126324314077825,0.5291867775493594,2
ours,1,24.0,0.7597547583848296,0.685166545051841,5,0.5110424019953,0.4335190321920044,3
ours,1,24.0,0.6239462241400423,0.6239462241400423,2,0.6239462241400423,0.6239462241400423,2
ours,1,24.0,0.7856611740968086,0.7807914007589791,5,0.5978380491595605,0.5521934035100822,4
ours,1,25.0,0.5160989503741221,0.4787543687475473,2,0.5002030842086145,0.4787543687475473,2
ours,1,25.0,0.4787543687475473,0.4787543687475473,1,0.4787543687475473,0.4787543687475473,1
ours,1,25.0,0.7570223211113446,0.693933264755851,3,0.6070707426665373,0.5839539085065982,3
ours,1,25.0,0.633444689288473,0.633444689288473,1,0.633444689288473,0.633444689288473,1
ours,1,25.0,0.5216517996696818,0.5216517996696818,1,0.5216517996696818,0.5216517996696818,1
ours,1,26.0,0.9345346302759959,0.9345346302759959,1,0.9345346302759959,0.9345346302759959,1
ours,1,26.0,0.6290753180379021,0.6290753180379021,1,0.6290753180379021,0.6290753180379021,1
ours,1,26.0,0.44602261165710955,0.44602261165710955,1,0.44602261165710955,0.44602261165710955,1
ours,1,26.0,0.4667084777474255,0.4667084777474255,1,0.4667084777474255,0.4667084777474255,1
ours,1,26.0,0.6153791711207535,0.6153791711207535,2,0.6153791711207535,0.6153791711207535,2
ours,1,27.0,0.6243862885154965,0.57878717764103,2,0.5908583789242463,0.57878717764103,2
ours,1,27.0,0.6554234485796417,0.6554234485796417,1,0.6554234485796417,0.6554234485796417,1
ours,1,27.0,0.7007918921193507,0.6029295802074626,3,0.5499663952010826,0.44457474133041563,3
ours,1,27.0,0.7064695880169338,0.6332682727414629,4,0.5248522138847531,0.44457474133041563,4
ours,1,27.0,0.7697236487446172,0.7386963932081729,3,0.7239163195324773,0.6699853993899629,3
ours,1,28.0,0.6520660152049924,0.5513408354280913,2,0.5590002411407962,0.5513408354280913,2
ours,1,28.0,0.47043373443410075,0.47043373443410075,1,0.47043373443410075,0.47043373443410075,1
ours,1,28.0,0.5802814047523166,0.5666596468535009,2,0.4261179295509132,0.4261179295509132,2
ours,1,28.0,0.48055377268899324,0.48055377268899324,1,0.48055377268899324,0.48055377268899324,1
ours,1,28.0,0.5037301453038183,0.5037301453038183,2,0.5037301453038183,0.5037301453038183,2
ours,1,29.0,0.5520984980512118,0.5520984980512118,1,0.5520984980512118,0.5520984980512118,1
ours,1,29.0,0.4697940926258848,0.4697940926258848,2,0.44469192150881576,0.44469192150881576,2
ours,1,29.0,0.6863140329131766,0.6204974906105463,3,0.6863140329131766,0.6204974906105463,3
ours,1,29.0,0.4774819875271936,0.4774819875271936,1,0.4774819875271936,0.4774819875271936,1
ours,1,29.0,0.7276833236614793,0.6204974906105463,4,0.5662608917474817,0.44469192150881576,3
ours,1,30.0,0.7749181707521904,0.6188067057392298,4,0.49684390730304484,0.4944768060136855,3
ours,1,30.0,0.5401957921391971,0.5333227927876489,2,0.5401957921391971,0.5333227927876489,2
ours,1,30.0,0.4528657882839695,0.4528657882839695,1,0.4528657882839695,0.4528657882839695,1
ours,1,30.0,0.605980846990499,0.3922652953829888,2,0.5055360005611094,0.3922652953829888,2
ours,1,30.0,0.5189261900879472,0.5189261900879472,2,0.5189261900879472,0.5189261900879472,2
ours,1,31.0,0.6883723362336841,0.688195335165496,3,0.40642936241556393,0.3827787174091053,3
ours,1,31.0,0.6207168429090779,0.5559522842412798,2,0.3827787174091053,0.3827787174091053,2
ours,1,31.0,0.8330049592308003,0.8036600969396017,2,0.5956736337657672,0.5956736337657672,2
ours,1,31.0,0.3827787174091053,0.3827787174091053,1,0.3827787174091053,0.3827787174091053,1
ours,1,31.0,0.6875221855561661,0.39655663820689757,3,0.4961151359863324,0.39655663820689757,2
ours,1,32.0,0.5020155178458858,0.5020155178458858,1,0.5020155178458858,0.5020155178458858,1
ours,1,32.0,0.41659935559978056,0.41659935559978056,1,0.41659935559978056,0.41659935559978056,1
ours,1,32.0,0.6717986118829066,0.5020155178458858,5,0.5364717791808372,0.4811061662273971,4
ours,1,32.0,0.5020155178458858,0.5020155178458858,1,0.5020155178458858,0.5020155178458858,1
ours,1,32.0,0.7940122410934474,0.7940122410934474,2,0.7940122410934474,0.7940122410934474,2
ours,1,33.0,0.3762288818026067,0.3762288818026067,1,0.3762288818026067,0.3762288818026067,1
ours,1,33.0,0.7312245582281576,0.5466033587613279,2,0.557698680997078,0.5466033587613279,2
ours,1,33.0,0.38431449687716124,0.38431449687716124,1,0.38431449687716124,0.38431449687716124,1
ours,1,33.0,0.6334242828786035,0.5161799578982966,3,0.4579488540001073,0.3493592288462386,3
ours,1,33.0,0.5122436665770417,0.3493592288462386,2,0.44798129380378326,0.3493592288462386,2
ours,1,34.0,0.3887160484319049,0.3887160484319049,1,0.3887160484319049,0.3887160484319049,1
ours,1,34.0,0.7148939217336923,0.5629842166594193,5,0.46149369118857964,0.3887160484319049,3
ours,1,34.0,0.5629842166594193,0.5629842166594193,2,0.40971385736108457,0.40971385736108457,2
ours,1,34.0,0.502652892173001,0.47221919680815216,2,0.502652892173001,0.47221919680815216,2
ours,1,34.0,0.4871259588442671,0.4871259588442671,1,0.4871259588442671,0.4871259588442671,1
ours,1,35.0,0.4755301536338078,0.4393483198306908,2,0.4755301536338078,0.4393483198306908,2
ours,1,35.0,0.4732944485913815,0.46491851830766184,2,0.3791320437608269,0.3791320437608269,2
ours,1,35.0,0.40409181018064766,0.40409181018064766,1,0.40409181018064766,0.40409181018064766,1
ours,1,35.0,0.5987240886011873,0.5117119874369248,5,0.5185442803759233,0.4393483198306908,4
ours,1,35.0,0.5702503017393845,0.5117119874369248,2,0.5037924533619572,0.5037924533619572,2
ours,1,36.0,0.5052028904992691,0.4864759321813432,4,0.467882206375294,0.4480667247405824,4
ours,1,36.0,0.37606094572121673,0.37606094572121673,1,0.37606094572121673,0.37606094572121673,1
ours,1,36.0,0.502581221387755,0.502581221387755,2,0.3992240083475276,0.3992240083475276,2
ours,1,36.0,0.5545757311121052,0.46841590525787313,3,0.4624358193489883,0.45944577639454587,3
ours,1,36.0,0.3992240083475276,0.3992240083475276,1,0.3992240083475276,0.3992240083475276,1
ours,1,37.0,0.5647762903132639,0.4588627236473539,4,0.5101421054991168,0.4873035845042648,4
ours,1,37.0,0.5803043161174879,0.46643259422560446,4,0.502136465798163,0.46643259422560446,4
ours,1,37.0,0.45711844681587976,0.3870181353462133,2,0.45711844681587976,0.3870181353462133,2
ours,1,37.0,0.49968727453033557,0.49968727453033557,2,0.47021672955553384,0.47021672955553384,2
ours,1,37.0,0.3870181353462133,0.3870181353462133,1,0.3870181353462133,0.3870181353462133,1
ours,1,38.0,0.4348075076221838,0.4348075076221838,1,0.4348075076221838,0.4348075076221838,1
ours,1,38.0,0.3694968362970146,0.3694968362970146,1,0.3694968362970146,0.3694968362970146,1
ours,1,38.0,0.46361283418636434,0.46361283418636434,1,0.46361283418636434,0.46361283418636434,1
ours,1,38.0,0.5331576251805266,0.48803938192030605,3,0.45263957977907704,0.4349396787084625,3
ours,1,38.0,0.57814862255889,0.57814862255889,1,0.57814862255889,0.57814862255889,1
ours,1,39.0,0.6098276177289267,0.46225087587043445,3,0.409501283394454,0.409501283394454,2
ours,1,39.0,0.6370307011407175,0.630382596993292,2,0.6370307011407175,0.630382596993292,2
ours,1,39.0,0.5640415443910717,0.46225087587043445,5,0.4588622628800407,0.4471396357613415,4
ours,1,39.0,0.4471396357613415,0.4471396357613415,2,0.4471396357613415,0.4471396357613415,2
ours,1,39.0,0.48531433060474716,0.48531433060474716,2,0.4471396357613415,0.4471396357613415,2
ours,1,40.0,0.5524506663148141,0.4564878676926698,2,0.5367594206912663,0.4564878676926698,2
ours,1,40.0,0.3948446460359415,0.3948446460359415,2,0.2932623057305328,0.2932623057305328,2
ours,1,40.0,0.5132382574915194,0.44565065376879975,3,0.4689067552539152,0.3948446460359415,3
ours,1,40.0,0.4564878676926698,0.4564878676926698,1,0.4564878676926698,0.4564878676926698,1
ours,1,40.0,0.44565065376879975,0.44565065376879975,2,0.3948446460359415,0.3948446460359415,2
ours,1,41.0,0.6308417035221217,0.5363623078694537,5,0.45135170264626034,0.4147227422656883,4
ours,1,41.0,0.5701794599350548,0.5363623078694537,2,0.5701794599350548,0.5363623078694537,2
ours,1,41.0,0.6039966120006559,0.6039966120006559,1,0.6039966120006559,0.6039966120006559,1
ours,1,41.0,0.6380445343885306,0.4706942356824215,4,0.4575632227239696,0.4147227422656883,3
ours,1,41.0,0.4706942356824215,0.4706942356824215,1,0.4706942356824215,0.4706942356824215,1
ours,1,42.0,0.46685858192478147,0.46685858192478147,1,0.46685858192478147,0.46685858192478147,1
ours,1,42.0,0.687891518135274,0.5884530803322404,4,0.4988355879371917,0.4017536533254711,3
ours,1,42.0,0.3697133118712268,0.3697133118712268,1,0.3697133118712268,0.3697133118712268,1
ours,1,42.0,0.5258455047347596,0.5258455047347596,2,0.4017536533254711,0.4017536533254711,2
ours,1,42.0,0.3697133118712268,0.3697133118712268,1,0.3697133118712268,0.3697133118712268,1
ours,1,43.0,0.497739998468109,0.497739998468109,1,0.497739998468109,0.497739998468109,1
ours,1,43.0,0.5461831433598244,0.5461831433598244,1,0.5461831433598244,0.5461831433598244,1
ours,1,43.0,0.5340255045379897,0.4796201045573767,3,0.5340255045379897,0.4796201045573767,3
ours,1,43.0,0.497739998468109,0.497739998468109,1,0.497739998468109,0.497739998468109,1
ours,1,43.0,0.44613909365213134,0.44613909365213134,1,0.44613909365213134,0.44613909365213134,1
ours,1,44.0,0.7626216276655774,0.7626216276655774,1,0.7626216276655774,0.7626216276655774,1
ours,1,44.0,0.5004915027251066,0.3575993158601496,3,0.49121353620678815,0.3575993158601496,3
ours,1,44.0,0.5324259059133314,0.5084160950298117,2,0.5209376058887532,0.5084160950298117,2
ours,1,44.0,0.4528361947939946,0.4528361947939946,1,0.4528361947939946,0.4528361947939946,1
ours,1,44.0,0.4597891579212007,0.3575993158601496,2,0.44552921630392217,0.3575993158601496,2
ours,1,45.0,0.6592900416667983,0.6556731401547466,3,0.6373414574769241,0.6281756161380126,3
ours,1,45.0,0.6968065358791771,0.42437782737666985,4,0.5890736809396941,0.42437782737666985,4
ours,1,45.0,0.7090884712503531,0.5390073757995021,2,0.5359443640332933,0.5359443640332933,2
ours,1,45.0,0.6083340201439378,0.45040439734062054,2,0.4931743806869569,0.45040439734062054,2
ours,1,45.0,0.5359443640332933,0.5359443640332933,1,0.5359443640332933,0.5359443640332933,1
ours,1,46.0,0.4669914501034095,0.46388730570968106,2,0.42987238240462333,0.42987238240462333,2
ours,1,46.0,0.4700955944971379,0.4700955944971379,1,0.4700955944971379,0.4700955944971379,1
ours,1,46.0,0.5518413834116976,0.4598219802151078,3,0.4858652832730797,0.42987238240462333,3
ours,1,46.0,0.6474294250176963,0.5978510850099925,3,0.4858652832730797,0.42987238240462333,3
ours,1,46.0,0.4936893707183038,0.4806278995736557,2,0.47655888171363825,0.47655888171363825,2
ours,1,47.0,0.620843415708429,0.5967513128720666,3,0.5677925034888451,0.5050288093739728,3
ours,1,47.0,0.6690276213811539,0.6690276213811539,2,0.5138626708166206,0.5138626708166206,2
ours,1,47.0,0.5138626708166206,0.5138626708166206,1,0.5138626708166206,0.5138626708166206,1
ours,1,47.0,0.4831517380570991,0.4831517380570991,1,0.4831517380570991,0.4831517380570991,1
ours,1,47.0,0.5735006706125675,0.4481800167122032,2,0.46566587738465115,0.4481800167122032,2
ours,1,48.0,0.5239718959522188,0.4040524400676697,2,0.47112343610175345,0.4040524400676697,2
ours,1,48.0,0.6780056351533702,0.6297701467665828,3,0.4644686043469295,0.4644686043469295,2
ours,1,48.0,0.6464936276866344,0.6445134063033047,2,0.6464936276866344,0.6445134063033047,2
ours,1,48.0,0.7079211273145055,0.6558406052119009,3,0.5127584423517895,0.4547924148779561,3
ours,1,48.0,0.5741280562809857,0.5195656152625152,2,0.5184386477006085,0.5184386477006085,2
ours,1,49.0,0.5643750449235712,0.5643750449235712,1,0.5643750449235712,0.5643750449235712,1
ours,1,49.0,0.4933716150403778,0.4754415853560803,2,0.4352394659178682,0.4352394659178682,2
ours,1,49.0,0.5643750449235712,0.5643750449235712,2,0.44852236258767997,0.44852236258767997,2
ours,1,49.0,0.6294605970496393,0.5491706085279798,3,0.48004306364445376,0.44852236258767997,3
ours,1,49.0,0.5854705340412248,0.5024549344583433,3,0.48004306364445376,0.44852236258767997,3
ours,1,50.0,0.6650313349663329,0.647547511020053,3,0.5446994530281503,0.5294282121023756,3
ours,1,50.0,0.7630428102320379,0.7630428102320379,1,0.7630428102320379,0.7630428102320379,1
ours,1,50.0,0.6400294136340466,0.5163297574200361,3,0.5403333014673705,0.5163297574200361,3
ours,1,50.0,0.5244079346305979,0.5244079346305979,1,0.5244079346305979,0.5244079346305979,1
ours,1,50.0,0.7035297680369945,0.6737732469394729,3,0.5752419348796998,0.5752419348796998,2
ours,1,51.0,0.5591483236109888,0.5123386429851916,3,0.4627852783020538,0.4380085959604849,3
ours,1,51.0,0.6357705855378658,0.5999026018783827,3,0.6357705855378658,0.5999026018783827,3
ours,1,51.0,0.8285004715765213,0.8285004715765213,1,0.8285004715765213,0.8285004715765213,1
ours,1,51.0,0.5485391670700059,0.5485391670700059,2,0.5485391670700059,0.5485391670700059,2
ours,1,51.0,0.588683211846663,0.588683211846663,1,0.588683211846663,0.588683211846663,1
ours,1,52.0,0.495648125812168,0.495648125812168,1,0.495648125812168,0.495648125812168,1
ours,1,52.0,0.6658966323686425,0.6658966323686425,2,0.5863937822994227,0.5863937822994227,2
ours,1,52.0,0.6301435057137622,0.47322491094324637,3,0.5894071654472297,0.47322491094324637,3
ours,1,52.0,0.7193643398529216,0.5993915643994172,3,0.7193643398529216,0.5993915643994172,3
ours,1,52.0,0.6156184926200162,0.5428732983730704,2,0.47322491094324637,0.47322491094324637,2
ours,1,53.0,0.5788271348288118,0.5138126233377619,3,0.5788271348288118,0.5138126233377619,3
ours,1,53.0,0.6264228886552204,0.6264228886552204,1,0.6264228886552204,0.6264228886552204,1
ours,1,53.0,0.5890329158396149,0.5161305206168478,4,0.5386718811388285,0.5060670576416226,4
ours,1,53.0,0.6943114948667838,0.6113343905743367,3,0.6661043200571971,0.6113343905743367,3
ours,1,53.0,0.4882069814575336,0.4703469052734446,2,0.4882069814575336,0.4703469052734446,2
ours,1,54.0,0.7859947236413148,0.7230456406716651,2,0.7308412865432716,0.7230456406716651,2
ours,1,54.0,0.5642577154218846,0.5295256032614948,2,0.5493654829215436,0.5295256032614948,2
ours,1,54.0,0.6302625845576912,0.541710863853973,3,0.6302625845576912,0.541710863853973,3
ours,1,54.0,0.6481513244568918,0.5928964904713997,3,0.6295264394915905,0.5827668389015531,3
ours,1,54.0,0.5827668389015531,0.5827668389015531,2,0.5827668389015531,0.5827668389015531,2
ours,1,55.0,0.5785963733614466,0.553337859047004,2,0.5508877649709559,0.5508877649709559,2
ours,1,55.0,0.6504717344560049,0.6352478218141351,2,0.6504717344560049,0.6352478218141351,2
ours,1,55.0,0.5785963733614466,0.553337859047004,2,0.5785963733614466,0.553337859047004,2
ours,1,55.0,0.7465440139290593,0.6086939094660395,2,0.7465440139290593,0.6086939094660395,2
ours,1,55.0,0.6371947782819571,0.6086939094660395,2,0.4717154607397662,0.4717154607397662,2
ours,1,56.0,0.980736483797342,0.9768802530140193,2,0.980736483797342,0.9768802530140193,2
ours,1,56.0,0.9728616238367259,0.9728616238367259,1,0.9728616238367259,0.9728616238367259,1
ours,1,56.0,0.9642972767211904,0.951741519162234,2,0.9642972767211904,0.951741519162234,2
ours,1,56.0,0.9800440259058537,0.9800440259058537,1,0.9800440259058537,0.9800440259058537,1
ours,1,56.0,0.977235145753434,0.9749268765741149,3,0.9722282995849213,0.9699023228703725,3
ours,1,57.0,0.9745282572347982,0.972829884974682,3,0.9691882088401732,0.9673673707729188,3
ours,1,57.0,0.9691864089403138,0.9631533795610749,4,0.9691864089403138,0.9631533795610749,4
ours,1,57.0,0.9738700222674369,0.9673673707729188,3,0.9653044453695673,0.9642729826678915,3
ours,1,57.0,0.9696391535914343,0.9631533795610749,2,0.9680861062434731,0.9631533795610749,2
ours,1,57.0,0.977146767644645,0.977146767644645,1,0.977146767644645,0.977146767644645,1
ours,1,58.0,0.9737671210720449,0.97367676512042,2,0.961098070725391,0.961098070725391,2
ours,1,58.0,0.9711054317072814,0.9579113169611113,2,0.9711054317072814,0.9579113169611113,2
ours,1,58.0,0.9649844276156889,0.9649844276156889,2,0.9608686801629825,0.9608686801629825,2
ours,1,58.0,0.9690208360755357,0.9643649070306515,2,0.9690208360755357,0.9643649070306515,2
ours,1,58.0,0.9780007581430342,0.9780007581430342,1,0.9780007581430342,0.9780007581430342,1
ours,1,59.0,0.9815070914800906,0.9745998357403699,4,0.9755534196276857,0.9722181227835053,4
ours,1,59.0,0.9797393803563155,0.9752357992496776,2,0.9756342693567817,0.9752357992496776,2
ours,1,59.0,0.9802806644217655,0.9719550967793582,3,0.9748451406462796,0.9695118682869086,3
ours,1,59.0,0.9722181227835053,0.9722181227835053,1,0.9722181227835053,0.9722181227835053,1
ours,1,59.0,0.9838095100599974,0.9825416336940545,3,0.9838095100599974,0.9825416336940545,3
ours,1,60.0,0.9787988957123167,0.9745958909456804,2,0.9787988957123167,0.9745958909456804,2
ours,1,60.0,0.9660929953190212,0.9660929953190212,1,0.9660929953190212,0.9660929953190212,1
ours,1,60.0,0.973060998859655,0.9715261067736296,2,0.973060998859655,0.9715261067736296,2
ours,1,60.0,0.9681520830286363,0.9675834727674841,2,0.9681520830286363,0.9675834727674841,2
ours,1,60.0,0.9743716720968889,0.9741474532480975,2,0.9743716720968889,0.9741474532480975,2
ours,4,1.0,0.8488546017164653,0.8488546017164653,1,0.8488546017164653,0.8488546017164653,1
ours,4,1.0,0.8436746380802185,0.7497218482982536,2,0.8436746380802185,0.7497218482982536,2
ours,4,1.0,0.8869909872492501,0.7355107875774427,4,0.7293117223458581,0.7293117223458581,2
ours,4,1.0,0.882827214646137,0.7264862679505006,4,0.7031056121953054,0.7031056121953054,2
ours,4,1.0,0.9252331432894798,0.9122537349786057,2,0.9252331432894798,0.9122537349786057,2
ours,4,2.0,0.6815010652141613,0.6815010652141613,1,0.6815010652141613,0.6815010652141613,1
ours,4,2.0,0.8822705552741563,0.7831962926813321,4,0.8800843333830468,0.7831962926813321,4
ours,4,2.0,0.9256182608473001,0.8788036162024953,4,0.6262599584792979,0.5732827209403487,3
ours,4,2.0,0.5732827209403487,0.5732827209403487,1,0.5732827209403487,0.5732827209403487,1
ours,4,2.0,0.9208374841165329,0.8024112913652661,6,0.7598958382836163,0.5732827209403487,4
ours,4,3.0,0.6855501183761301,0.6855501183761301,1,0.6855501183761301,0.6855501183761301,1
ours,4,3.0,0.9287242643515119,0.9287242643515119,2,0.9287242643515119,0.9287242643515119,2
ours,4,3.0,0.7748547485927546,0.6855501183761301,2,0.7748547485927546,0.6855501183761301,2
ours,4,3.0,0.8137465861606484,0.7978194989364035,3,0.8137465861606484,0.7978194989364035,3
ours,4,3.0,0.830868520326842,0.8268053113582206,2,0.830868520326842,0.8268053113582206,2
ours,4,4.0,0.5904917101234182,0.5904917101234182,1,0.5904917101234182,0.5904917101234182,1
ours,4,4.0,0.8943327091102757,0.87785370300636,4,0.6944531891556367,0.6676509130266425,3
ours,4,4.0,0.8659542307495716,0.7336366103154174,4,0.8659542307495716,0.7336366103154174,4
ours,4,4.0,0.8560769726108608,0.7583890262085924,4,0.7855077327207167,0.6676509130266425,4
ours,4,4.0,0.7467966260512224,0.7467966260512224,1,0.7467966260512224,0.7467966260512224,1
ours,4,5.0,0.8117194053470103,0.7562813008684531,2,0.8117194053470103,0.7562813008684531,2
ours,4,5.0,0.732378741719705,0.732378741719705,1,0.732378741719705,0.732378741719705,1
ours,4,5.0,0.7869839458932939,0.7458688711846735,2,0.7869839458932939,0.7458688711846735,2
ours,4,5.0,0.8968554757412106,0.8968554757412106,1,0.8968554757412106,0.8968554757412106,1
ours,4,5.0,0.732378741719705,0.732378741719705,1,0.732378741719705,0.732378741719705,1
ours,4,6.0,0.7714073542445377,0.7680502556843949,3,0.7655360713732545,0.7522808034684054,3
ours,4,6.0,0.7495552870992451,0.727836437464824,3,0.7495552870992451,0.727836437464824,3
ours,4,6.0,0.675786693311309,0.6237369491577941,2,0.675786693311309,0.6237369491577941,2
ours,4,6.0,0.812321935300471,0.7781215513648232,3,0.7737976256922369,0.727836437464824,3
ours,4,6.0,0.7247806566847278,0.7247806566847278,1,0.7247806566847278,0.7247806566847278,1
ours,4,7.0,0.779930012953502,0.7303524541762123,3,0.738564119587695,0.6921201955552765,3
ours,4,7.0,0.8141678563671233,0.7731762982666379,5,0.6956123105810996,0.5924965463104064,4
ours,4,7.0,0.7961034224717622,0.7961034224717622,1,0.7961034224717622,0.7961034224717622,1
ours,4,7.0,0.7961034224717622,0.7961034224717622,1,0.7961034224717622,0.7961034224717622,1
ours,4,7.0,0.7851614949713556,0.6390606245652606,3,0.5924965463104064,0.5924965463104064,2
ours,4,8.0,0.6550577170166104,0.6550577170166104,1,0.6550577170166104,0.6550577170166104,1
ours,4,8.0,0.7014000891042966,0.6332669895044769,2,0.5890943632782057,0.5890943632782057,2
ours,4,8.0,0.8006134465365046,0.6934129529783308,3,0.8006134465365046,0.6934129529783308,3
ours,4,8.0,0.8689828249079096,0.7695331887041162,3,0.7073223799044959,0.7073223799044959,2
ours,4,8.0,0.6362237515897458,0.6362237515897458,1,0.6362237515897458,0.6362237515897458,1
ours,4,9.0,0.7884192390426918,0.7884192390426918,1,0.7884192390426918,0.7884192390426918,1
ours,4,9.0,0.5328303443163,0.5328303443163,1,0.5328303443163,0.5328303443163,1
ours,4,9.0,0.5328303443163,0.5328303443163,1,0.5328303443163,0.5328303443163,1
ours,4,9.0,0.7197257136197521,0.6514581841703282,3,0.5679940663298111,0.4764562857841561,3
ours,4,9.0,0.7070173707986595,0.6603624883466575,3,0.6777537267884389,0.6514581841703282,3
ours,4,10.0,0.6513793678731233,0.639610703194309,2,0.6400642486580965,0.639610703194309,2
ours,4,10.0,0.6535881967668171,0.5806083948107337,2,0.6535881967668171,0.5806083948107337,2
ours,4,10.0,0.505490618487447,0.505490618487447,1,0.505490618487447,0.505490618487447,1
ours,4,10.0,0.76692624176038,0.645268929510384,3,0.7481828012328835,0.645268929510384,3
ours,4,10.0,0.8109353789409973,0.8109353789409973,1,0.8109353789409973,0.8109353789409973,1
ours,4,11.0,0.6485655063968319,0.46518730716357837,2,0.6485655063968319,0.46518730716357837,2
ours,4,11.0,0.4729639015953482,0.4729639015953482,1,0.4729639015953482,0.4729639015953482,1
ours,4,11.0,0.7269779144418971,0.6205806194920306,4,0.5994390790573819,0.4705281294373105,3
ours,4,11.0,0.5847572085567425,0.5489337976214543,2,0.4705281294373105,0.4705281294373105,2
ours,4,11.0,0.5467722605436893,0.4729639015953482,2,0.4705281294373105,0.4705281294373105,2
ours,4,12.0,0.65363698531275,0.5731379253268465,4,0.5991718494160245,0.48562957044819477,4
ours,4,12.0,0.579905506241593,0.48562957044819477,2,0.4859042426106777,0.48562957044819477,2
ours,4,12.0,0.7127141283838542,0.7127141283838542,1,0.7127141283838542,0.7127141283838542,1
ours,4,12.0,0.5405243537706945,0.5405243537706945,1,0.5405243537706945,0.5405243537706945,1
ours,4,12.0,0.7444188798323138,0.6741814420349913,4,0.48617891477316066,0.48617891477316066,2
ours,4,13.0,0.7450337652149348,0.6291281939727627,4,0.41479651018656183,0.3387988190333011,3
ours,4,13.0,0.8623730330909407,0.8623730330909407,1,0.8623730330909407,0.8623730330909407,1
ours,4,13.0,0.6593612625704524,0.6593612625704524,1,0.6593612625704524,0.6593612625704524,1
ours,4,13.0,0.3948507696411776,0.3948507696411776,1,0.3948507696411776,0.3948507696411776,1
ours,4,13.0,0.5803746679094215,0.5803746679094215,1,0.5803746679094215,0.5803746679094215,1
ours,4,14.0,0.570656094986099,0.516277500386579,2,0.570656094986099,0.516277500386579,2
ours,4,14.0,0.3919423021148032,0.3919423021148032,1,0.3919423021148032,0.3919423021148032,1
ours,4,14.0,0.5304636514399961,0.47961314535171784,2,0.5304636514399961,0.47961314535171784,2
ours,4,14.0,0.5813141575282742,0.5813141575282742,2,0.5813141575282742,0.5813141575282742,2
ours,4,14.0,0.5670324789099922,0.5670324789099922,1,0.5670324789099922,0.5670324789099922,1
ours,4,15.0,0.6127685317563962,0.5060001343362078,3,0.6127685317563962,0.5060001343362078,3
ours,4,15.0,0.6433525346693615,0.5464147664939223,3,0.5072649201256964,0.42999005676591473,3
ours,4,15.0,0.6618146468452595,0.6618146468452595,1,0.6618146468452595,0.6618146468452595,1
ours,4,15.0,0.4933368282188834,0.480673522101559,2,0.48351964927212177,0.480673522101559,2
ours,4,15.0,0.42999005676591473,0.42999005676591473,1,0.42999005676591473,0.42999005676591473,1
ours,4,16.0,0.4819453266899816,0.4819453266899816,1,0.4819453266899816,0.4819453266899816,1
ours,4,16.0,0.6589681670364209,0.547498960824642,3,0.4766162474166675,0.4766162474166675,2
ours,4,16.0,0.6511908579914253,0.6511908579914253,1,0.6511908579914253,0.6511908579914253,1
ours,4,16.0,0.6868969053680679,0.5621946886773375,4,0.5539381818040856,0.43650424877598426,3
ours,4,16.0,0.690847993394301,0.6824203517716236,4,0.5060353750682107,0.43650424877598426,4
ours,4,17.0,0.5304926030094151,0.4762121464335767,2,0.5304926030094151,0.4762121464335767,2
ours,4,17.0,0.5103026391549124,0.41465136051767426,2,0.5103026391549124,0.41465136051767426,2
ours,4,17.0,0.5186963813325542,0.5186963813325542,2,0.5186963813325542,0.5186963813325542,2
ours,4,17.0,0.6517521464563694,0.6517521464563694,1,0.6517521464563694,0.6517521464563694,1
ours,4,17.0,0.425692228733054,0.425692228733054,1,0.425692228733054,0.425692228733054,1
ours,4,18.0,0.7003892612080008,0.6269297459568179,3,0.7003892612080008,0.6269297459568179,3
ours,4,18.0,0.6269297459568179,0.6269297459568179,1,0.6269297459568179,0.6269297459568179,1
ours,4,18.0,0.6043009480932615,0.5816721502297051,2,0.48670417982603187,0.48670417982603187,2
ours,4,18.0,0.7472787914903736,0.6838775498906173,5,0.5350809562777039,0.4606826594712471,3
ours,4,18.0,0.6446089701872152,0.6446089701872152,1,0.6446089701872152,0.6446089701872152,1
ours,4,19.0,0.6467710359628565,0.6467710359628565,1,0.6467710359628565,0.6467710359628565,1
ours,4,19.0,0.4718676001370298,0.4718676001370298,1,0.4718676001370298,0.4718676001370298,1
ours,4,19.0,0.3911655928537492,0.3911655928537492,1,0.3911655928537492,0.3911655928537492,1
ours,4,19.0,0.6809848768932932,0.6809848768932932,2,0.6467710359628565,0.6467710359628565,2
ours,4,19.0,0.5368446437993267,0.5234079246941352,3,0.4890477083227316,0.4718676001370298,3
ours,4,20.0,0.48580067937519233,0.48580067937519233,1,0.48580067937519233,0.48580067937519233,1
ours,4,20.0,0.5159797192103583,0.5159797192103583,1,0.5159797192103583,0.5159797192103583,1
ours,4,20.0,0.41833092501731717,0.41833092501731717,1,0.41833092501731717,0.41833092501731717,1
ours,4,20.0,0.6474614511911192,0.540268179560803,2,0.6474614511911192,0.540268179560803,2
ours,4,20.0,0.41833092501731717,0.41833092501731717,1,0.41833092501731717,0.41833092501731717,1
ours,4,21.0,0.4909083579828606,0.4909083579828606,1,0.4909083579828606,0.4909083579828606,1
ours,4,21.0,0.5899539450480249,0.5014866030788832,3,0.44299358621016083,0.4276240144717105,3
ours,4,21.0,0.6195182853190324,0.4909083579828606,3,0.5415387493348711,0.4737327296870616,3
ours,4,21.0,0.5014866030788832,0.5014866030788832,2,0.5014866030788832,0.5014866030788832,2
ours,4,21.0,0.6904957093437465,0.6904957093437465,1,0.6904957093437465,0.6904957093437465,1
ours,4,22.0,0.7450918265714956,0.7390297833245948,2,0.7450918265714956,0.7390297833245948,2
ours,4,22.0,0.3841609892740956,0.3841609892740956,1,0.3841609892740956,0.3841609892740956,1
ours,4,22.0,0.38342592218066307,0.38342592218066307,1,0.38342592218066307,0.38342592218066307,1
ours,4,22.0,0.37656829355230237,0.37656829355230237,1,0.37656829355230237,0.37656829355230237,1
ours,4,22.0,0.7284973437879165,0.7284973437879165,1,0.7284973437879165,0.7284973437879165,1
ours,4,23.0,0.3225351154219569,0.3225351154219569,1,0.3225351154219569,0.3225351154219569,1
ours,4,23.0,0.3225351154219569,0.3225351154219569,1,0.3225351154219569,0.3225351154219569,1
ours,4,23.0,0.6800860188984603,0.4365885443554942,3,0.5194673313820509,0.3617990694215729,3
ours,4,23.0,0.38035522913956643,0.38035522913956643,1,0.38035522913956643,0.38035522913956643,1
ours,4,23.0,0.4055160046163052,0.3744434648771162,2,0.3779696875989417,0.3744434648771162,2
ours,4,24.0,0.4316894974130707,0.4316894974130707,2,0.4171634233823538,0.4171634233823538,2
ours,4,24.0,0.3353820330905899,0.3353820330905899,1,0.3353820330905899,0.3353820330905899,1
ours,4,24.0,0.6333765135707791,0.5425372564101066,3,0.6333765135707791,0.5425372564101066,3
ours,4,24.0,0.6012376267022123,0.577010214773614,2,0.6012376267022123,0.577010214773614,2
ours,4,24.0,0.5696098540889087,0.4171634233823538,2,0.5696098540889087,0.4171634233823538,2
ours,4,25.0,0.6003073557141247,0.6003073557141247,1,0.6003073557141247,0.6003073557141247,1
ours,4,25.0,0.6474989201622087,0.6003073557141247,3,0.3114671635100583,0.3114671635100583,2
ours,4,25.0,0.5453124796083721,0.4909542259283137,2,0.5453124796083721,0.4909542259283137,2
ours,4,25.0,0.6874824891023529,0.5878356564845992,3,0.3853850942031408,0.3853850942031408,2
ours,4,25.0,0.5996707332884307,0.5996707332884307,1,0.5996707332884307,0.5996707332884307,1
ours,4,26.0,0.8060300056221825,0.8060300056221825,1,0.8060300056221825,0.8060300056221825,1
ours,4,26.0,0.6241523738726118,0.6241523738726118,1,0.6241523738726118,0.6241523738726118,1
ours,4,26.0,0.6333729293277545,0.434907034077022,3,0.5654594581197744,0.434907034077022,3
ours,4,26.0,0.6299686726917724,0.4748990718507089,2,0.6299686726917724,0.4748990718507089,2
ours,4,26.0,0.34697576519983686,0.34697576519983686,1,0.34697576519983686,0.34697576519983686,1
ours,4,27.0,0.7200748458911025,0.676520166824933,3,0.7200748458911025,0.676520166824933,3
ours,4,27.0,0.42036648539730626,0.42036648539730626,1,0.42036648539730626,0.42036648539730626,1
ours,4,27.0,0.4503173287668708,0.4394714892151941,2,0.39023960104329913,0.39023960104329913,2
ours,4,27.0,0.6435192061849259,0.4468532477064029,3,0.5292211353700133,0.39023960104329913,3
ours,4,27.0,0.5253211610246705,0.39023960104329913,3,0.43833576384322576,0.39023960104329913,3
ours,4,28.0,0.6025312257029894,0.4342574963109973,2,0.6025312257029894,0.4342574963109973,2
ours,4,28.0,0.6025312257029894,0.4342574963109973,2,0.6025312257029894,0.4342574963109973,2
ours,4,28.0,0.37377782768274126,0.37377782768274126,1,0.37377782768274126,0.37377782768274126,1
ours,4,28.0,0.42694532127833773,0.28687568172321565,2,0.35385631407037443,0.28687568172321565,2
ours,4,28.0,0.37377782768274126,0.37377782768274126,1,0.37377782768274126,0.37377782768274126,1
ours,4,29.0,0.6492600720530034,0.42427712624091785,3,0.6492600720530034,0.42427712624091785,3
ours,4,29.0,0.6981874840597746,0.5714965601507797,5,0.5006741774727208,0.35429663640035514,4
ours,4,29.0,0.42852612122162803,0.42852612122162803,1,0.42852612122162803,0.42852612122162803,1
ours,4,29.0,0.6335766154439463,0.6224450181782812,3,0.5053994043511227,0.4468765974375435,3
ours,4,29.0,0.429493721136989,0.429493721136989,1,0.429493721136989,0.429493721136989,1
ours,4,30.0,0.4114851733786198,0.4114851733786198,1,0.4114851733786198,0.4114851733786198,1
ours,4,30.0,0.6363395386788975,0.5134276188349625,4,0.6363395386788975,0.5134276188349625,4
ours,4,30.0,0.4318552110993782,0.3502828033637939,2,0.4318552110993782,0.3502828033637939,2
ours,4,30.0,0.5134276188349625,0.5134276188349625,1,0.5134276188349625,0.5134276188349625,1
ours,4,30.0,0.4466082969362657,0.4466082969362657,1,0.4466082969362657,0.4466082969362657,1
ours,4,31.0,0.525110840312773,0.338698452473418,2,0.525110840312773,0.338698452473418,2
ours,4,31.0,0.34309391961670266,0.34309391961670266,1,0.34309391961670266,0.34309391961670266,1
ours,4,31.0,0.6478222466868565,0.3582715191502608,3,0.6401478058227517,0.3582715191502608,3
ours,4,31.0,0.6197791808357797,0.5043444361707363,3,0.5986060208318111,0.5421474171716527,3
ours,4,31.0,0.3582715191502608,0.3582715191502608,1,0.3582715191502608,0.3582715191502608,1
ours,4,32.0,0.34564413885329315,0.34564413885329315,1,0.34564413885329315,0.34564413885329315,1
ours,4,32.0,0.5051083980839917,0.5051083980839917,2,0.5051083980839917,0.5051083980839917,2
ours,4,32.0,0.35228167956591006,0.35228167956591006,1,0.35228167956591006,0.35228167956591006,1
ours,4,32.0,0.31426498296508865,0.31426498296508865,1,0.31426498296508865,0.31426498296508865,1
ours,4,32.0,0.4555253502384117,0.4555253502384117,1,0.4555253502384117,0.4555253502384117,1
ours,4,33.0,0.4545346582511083,0.4545346582511083,1,0.4545346582511083,0.4545346582511083,1
ours,4,33.0,0.35353658109301433,0.35353658109301433,1,0.35353658109301433,0.35353658109301433,1
ours,4,33.0,0.3983232889516515,0.3983232889516515,1,0.3983232889516515,0.3983232889516515,1
ours,4,33.0,0.42636628475469274,0.42636628475469274,1,0.42636628475469274,0.42636628475469274,1
ours,4,33.0,0.5439383447337443,0.5439383447337443,1,0.5439383447337443,0.5439383447337443,1
ours,4,34.0,0.3861622183808614,0.3861622183808614,1,0.3861622183808614,0.3861622183808614,1
ours,4,34.0,0.5561204074207037,0.5561204074207037,2,0.5561204074207037,0.5561204074207037,2
ours,4,34.0,0.42465389364562056,0.42465389364562056,1,0.42465389364562056,0.42465389364562056,1
ours,4,34.0,0.5323722132799573,0.45427100637686757,2,0.4688211659516297,0.45427100637686757,2
ours,4,34.0,0.6104734201830471,0.6104734201830471,2,0.6104734201830471,0.6104734201830471,2
ours,4,35.0,0.4775886028820426,0.43382527160292883,2,0.4775886028820426,0.43382527160292883,2
ours,4,35.0,0.3703975141037934,0.3703975141037934,1,0.3703975141037934,0.3703975141037934,1
ours,4,35.0,0.35057139201307597,0.35057139201307597,1,0.35057139201307597,0.35057139201307597,1
ours,4,35.0,0.5512862716170085,0.5512862716170085,1,0.5512862716170085,0.5512862716170085,1
ours,4,35.0,0.5092389342338126,0.43382527160292883,2,0.5092389342338126,0.43382527160292883,2
ours,4,36.0,0.5085361434829854,0.5085361434829854,1,0.5085361434829854,0.5085361434829854,1
ours,4,36.0,0.4563316417398833,0.4563316417398833,1,0.4563316417398833,0.4563316417398833,1
ours,4,36.0,0.6169659064226516,0.6169659064226516,1,0.6169659064226516,0.6169659064226516,1
ours,4,36.0,0.5387529755119205,0.5387529755119205,1,0.5387529755119205,0.5387529755119205,1
ours,4,36.0,0.7790610621063823,0.7790610621063823,1,0.7790610621063823,0.7790610621063823,1
ours,4,37.0,0.6396274100398489,0.5561510774770909,2,0.357260996363447,0.357260996363447,2
ours,4,37.0,0.6358315051338673,0.44117503866864216,3,0.6358315051338673,0.44117503866864216,3
ours,4,37.0,0.5341977415551076,0.5341977415551076,1,0.5341977415551076,0.5341977415551076,1
ours,4,37.0,0.5617288852252923,0.44117503866864216,3,0.5195878687592328,0.44117503866864216,3
ours,4,37.0,0.75039050492668,0.5217042030012137,5,0.6383676475819744,0.5217042030012137,4
ours,4,38.0,0.6934496518385178,0.6426561775020262,2,0.4989939823626949,0.4989939823626949,2
ours,4,38.0,0.4886198267032624,0.479851939534643,2,0.4886198267032624,0.479851939534643,2
ours,4,38.0,0.6796376182406894,0.637801209816974,3,0.4416298851420722,0.34354422280462127,3
ours,4,38.0,0.4622729899681861,0.4622729899681861,1,0.4622729899681861,0.4622729899681861,1
ours,4,38.0,0.8228614988854046,0.6426561775020262,4,0.6603270352526535,0.4989939823626949,4
ours,4,39.0,0.8834621495256656,0.8648155635674204,4,0.7926517814186036,0.7011107341640167,4
ours,4,39.0,0.6916636306932866,0.36396391896820335,3,0.6916636306932866,0.36396391896820335,3
ours,4,39.0,0.4085314516059361,0.38087605505255795,2,0.4085314516059361,0.38087605505255795,2
ours,4,39.0,0.6615676921879872,0.5428771011254431,3,0.5117949057563675,0.36396391896820335,3
ours,4,39.0,0.4361868481593143,0.4361868481593143,1,0.4361868481593143,0.4361868481593143,1
ours,4,40.0,0.8021074078350413,0.6343127870336698,3,0.732943314925059,0.6343127870336698,3
ours,4,40.0,0.6434980514622759,0.6077683954408706,2,0.39136849030538545,0.39136849030538545,2
ours,4,40.0,0.7262128301298304,0.6792277074836812,4,0.5780195265521942,0.48970112944106314,3
ours,4,40.0,0.49794985787482393,0.49794985787482393,1,0.49794985787482393,0.49794985787482393,1
ours,4,40.0,0.6981177469556954,0.6159776689789698,2,0.6472450542423749,0.6159776689789698,2
ours,4,41.0,0.7642143762324483,0.49730561843543564,3,0.7484094557148779,0.49730561843543564,3
ours,4,41.0,0.6907164223019779,0.6269476311350072,4,0.5916755438392197,0.4535402023383184,3
ours,4,41.0,0.6854012807548839,0.5793792416804596,2,0.4535402023383184,0.4535402023383184,2
ours,4,41.0,0.6798958252670478,0.5752438347810683,4,0.572781039094172,0.4251984452207468,3
ours,4,41.0,0.5335964133989548,0.44024519566290243,2,0.5044981073497526,0.44024519566290243,2
ours,4,42.0,0.8120420645686591,0.7810142489712943,3,0.801522601692445,0.7810142489712943,3
ours,4,42.0,0.3551691962885466,0.3551691962885466,1,0.3551691962885466,0.3551691962885466,1
ours,4,42.0,0.7903713337573951,0.6446506656420923,5,0.548084825474911,0.3551691962885466,4
ours,4,42.0,0.37254721426590054,0.37254721426590054,1,0.37254721426590054,0.37254721426590054,1
ours,4,42.0,0.6718025213468382,0.6543533615725865,3,0.37254721426590054,0.37254721426590054,2
ours,4,43.0,0.5665200962195364,0.4686689377618076,3,0.5665200962195364,0.4686689377618076,3
ours,4,43.0,0.6500433623490053,0.4291270116801993,3,0.49670944399787026,0.4291270116801993,3
ours,4,43.0,0.5937697394877978,0.4686689377618076,2,0.4850824995300805,0.4686689377618076,2
ours,4,43.0,0.4686689377618076,0.4686689377618076,2,0.46403469316510626,0.46403469316510626,2
ours,4,43.0,0.5059911403551041,0.5059911403551041,1,0.5059911403551041,0.5059911403551041,1
ours,4,44.0,0.4227104875550035,0.4227104875550035,1,0.4227104875550035,0.4227104875550035,1
ours,4,44.0,0.6304553397241022,0.5030629975307257,2,0.5832345475329067,0.5030629975307257,2
ours,4,44.0,0.36386922554823564,0.36386922554823564,1,0.36386922554823564,0.36386922554823564,1
ours,4,44.0,0.6425668078380591,0.5030629975307257,2,0.542334725922244,0.5030629975307257,2
ours,4,44.0,0.5599413584428158,0.5599413584428158,1,0.5599413584428158,0.5599413584428158,1
ours,4,45.0,0.6805153969216068,0.6805153969216068,1,0.6805153969216068,0.6805153969216068,1
ours,4,45.0,0.7467104738286967,0.7467104738286967,1,0.7467104738286967,0.7467104738286967,1
ours,4,45.0,0.6373288854229913,0.5941423739243759,2,0.3620328029555343,0.3620328029555343,2
ours,4,45.0,0.5597684245019936,0.46629739983864205,3,0.5597684245019936,0.46629739983864205,3
ours,4,45.0,0.4648782020692941,0.4648782020692941,1,0.4648782020692941,0.4648782020692941,1
ours,4,46.0,0.747099831990961,0.6344974526097309,3,0.4701874842125817,0.4701874842125817,2
ours,4,46.0,0.5939241891600348,0.5533509257103386,2,0.4701874842125817,0.4701874842125817,2
ours,4,46.0,0.6450448618901014,0.5434031593660107,3,0.49459270926372473,0.4701874842125817,3
ours,4,46.0,0.8495680696685897,0.8495680696685897,1,0.8495680696685897,0.8495680696685897,1
ours,4,46.0,0.5617083254787852,0.4889191983478396,2,0.5617083254787852,0.4889191983478396,2
ours,4,47.0,0.5884519375179955,0.5884519375179955,2,0.5884519375179955,0.5884519375179955,2
ours,4,47.0,0.5884519375179955,0.5884519375179955,1,0.5884519375179955,0.5884519375179955,1
ours,4,47.0,0.5785708114199958,0.5785708114199958,1,0.5785708114199958,0.5785708114199958,1
ours,4,47.0,0.6358371587730629,0.5785708114199958,4,0.4081479951519191,0.4044559031131474,3
ours,4,47.0,0.5274532076087284,0.418557825417905,2,0.5144886845510978,0.418557825417905,2
ours,4,48.0,0.6240182021608277,0.6240182021608277,1,0.6240182021608277,0.6240182021608277,1
ours,4,48.0,0.7281824906947246,0.6240182021608277,5,0.5497823722026753,0.4406336835597766,3
ours,4,48.0,0.6338377240860655,0.6240182021608277,3,0.5819131306759059,0.560860594933445,3
ours,4,48.0,0.7096344144755333,0.6035683685044034,2,0.6663824302831801,0.6035683685044034,2
ours,4,48.0,0.5194210411415465,0.5194210411415465,1,0.5194210411415465,0.5194210411415465,1
ours,4,49.0,0.6181979250103588,0.6174358177070887,3,0.39202936546671885,0.39202936546671885,2
ours,4,49.0,0.635015977286244,0.6174358177070887,4,0.5256834921711853,0.4031458539778927,3
ours,4,49.0,0.6181979250103588,0.6174358177070887,3,0.39202936546671885,0.39202936546671885,2
ours,4,49.0,0.5881887007266775,0.5135236038734476,3,0.5801725560847873,0.5135236038734476,3
ours,4,49.0,0.5732788089572657,0.4031458539778927,3,0.39202936546671885,0.39202936546671885,2
ours,4,50.0,0.41764937390848744,0.41764937390848744,2,0.41764937390848744,0.41764937390848744,2
ours,4,50.0,0.6480774642551014,0.42164001946736906,2,0.5888127639944647,0.42164001946736906,2
ours,4,50.0,0.45061922377366687,0.3858380286940528,2,0.40174370130127013,0.3858380286940528,2
ours,4,50.0,0.42164001946736906,0.42164001946736906,1,0.42164001946736906,0.42164001946736906,1
ours,4,50.0,0.6735702880790945,0.5129757078570056,2,0.5969257555563159,0.5129757078570056,2
ours,4,51.0,0.6265337716172439,0.594217981904279,3,0.32954696275713724,0.32954696275713724,2
ours,4,51.0,0.5884723555259651,0.5884723555259651,1,0.5884723555259651,0.5884723555259651,1
ours,4,51.0,0.3332266631896106,0.3332266631896106,1,0.3332266631896106,0.3332266631896106,1
ours,4,51.0,0.7384265287093933,0.7384265287093933,1,0.7384265287093933,0.7384265287093933,1
ours,4,51.0,0.3332266631896106,0.3332266631896106,1,0.3332266631896106,0.3332266631896106,1
ours,4,52.0,0.4948594672981065,0.3597757580018076,2,0.4948594672981065,0.3597757580018076,2
ours,4,52.0,0.5430522563584563,0.4394979192662434,3,0.5287458618686832,0.4394979192662434,3
ours,4,52.0,0.4874705173900764,0.468588638347056,2,0.46638304732545144,0.46638304732545144,2
ours,4,52.0,0.5023995921236472,0.5023995921236472,2,0.46638304732545144,0.46638304732545144,2
ours,4,52.0,0.5933031581674976,0.46638304732545144,3,0.5933031581674976,0.46638304732545144,3
ours,4,53.0,0.5470711931331416,0.4036774585755625,2,0.4299796093593357,0.4036774585755625,2
ours,4,53.0,0.603580764942999,0.603580764942999,2,0.603580764942999,0.603580764942999,2
ours,4,53.0,0.48079424894585254,0.48079424894585254,1,0.48079424894585254,0.48079424894585254,1
ours,4,53.0,0.7067693384359912,0.7067693384359912,1,0.7067693384359912,0.7067693384359912,1
ours,4,53.0,0.5545218058373531,0.5388087245983489,2,0.5545218058373531,0.5388087245983489,2
ours,4,54.0,0.7619254874419751,0.7619254874419751,1,0.7619254874419751,0.7619254874419751,1
ours,4,54.0,0.5793517621681519,0.4281767178365432,2,0.48533308043086115,0.4281767178365432,2
ours,4,54.0,0.7981401416224638,0.7981401416224638,1,0.7981401416224638,0.7981401416224638,1
ours,4,54.0,0.7591154676729172,0.7305268064997605,2,0.7591154676729172,0.7305268064997605,2
ours,4,54.0,0.7172602399011262,0.6451735070002468,4,0.6059232466053164,0.5531019047776605,3
ours,4,55.0,0.692226293172625,0.6826054202042806,3,0.4215136057929568,0.4215136057929568,2
ours,4,55.0,0.7381181834736719,0.6783217300957368,4,0.5293200363502366,0.4215136057929568,4
ours,4,55.0,0.38233681109134876,0.38233681109134876,1,0.38233681109134876,0.38233681109134876,1
ours,4,55.0,0.4839835542129103,0.4839835542129103,1,0.4839835542129103,0.4839835542129103,1
ours,4,55.0,0.4215136057929568,0.4215136057929568,1,0.4215136057929568,0.4215136057929568,1
ours,4,56.0,0.970875408920934,0.970875408920934,1,0.970875408920934,0.970875408920934,1
ours,4,56.0,0.9743902478961207,0.9743902478961207,2,0.9554398037136566,0.9554398037136566,2
ours,4,56.0,0.9661311974442983,0.9661311974442983,1,0.9661311974442983,0.9661311974442983,1
ours,4,56.0,0.9783343490051876,0.9768168589168271,3,0.9581013477191815,0.9487435921203587,3
ours,4,56.0,0.9747740625617928,0.9747740625617928,1,0.9747740625617928,0.9747740625617928,1
ours,4,57.0,0.9735752399499019,0.9735752399499019,1,0.9735752399499019,0.9735752399499019,1
ours,4,57.0,0.9747157908683075,0.9747157908683075,1,0.9747157908683075,0.9747157908683075,1
ours,4,57.0,0.9756572729421805,0.9747157908683075,2,0.9669775553999015,0.9669775553999015,2
ours,4,57.0,0.9761570411229337,0.9761570411229337,1,0.9761570411229337,0.9761570411229337,1
ours,4,57.0,0.974282328161418,0.9738677410057199,3,0.9678457485508675,0.9644107273921475,3
ours,4,58.0,0.9759632296501763,0.9727520541009198,3,0.9759632296501763,0.9727520541009198,3
ours,4,58.0,0.9782170036411856,0.9782170036411856,1,0.9782170036411856,0.9782170036411856,1
ours,4,58.0,0.9731775061242144,0.9731775061242144,2,0.9731775061242144,0.9731775061242144,2
ours,4,58.0,0.9780009415690585,0.9775688174248045,3,0.973711289115312,0.9736060539446401,3
ours,4,58.0,0.9695246169596767,0.9658220306532806,2,0.9669483358340492,0.9658220306532806,2
ours,4,59.0,0.9763816016298907,0.9696687440460047,4,0.9697671371453013,0.9676028945883602,4
ours,4,59.0,0.9797521118817021,0.9759231793782208,4,0.9708576775475586,0.9687102732381908,3
ours,4,59.0,0.9740414203090351,0.9722846891073205,2,0.9740414203090351,0.9722846891073205,2
ours,4,59.0,0.9806203510980432,0.9762723071728601,3,0.9712309512164139,0.9687102732381908,3
ours,4,59.0,0.9781315716139388,0.9749716226157065,3,0.9712309512164139,0.9687102732381908,3
ours,4,60.0,0.9763838958512411,0.9748127780967496,2,0.9740728206677037,0.9740728206677037,2
ours,4,60.0,0.9796097059780832,0.9796097059780832,2,0.9796097059780832,0.9796097059780832,2
ours,4,60.0,0.9748127780967496,0.9748127780967496,1,0.9748127780967496,0.9748127780967496,1
ours,4,60.0,0.9714095449415513,0.9494274893825635,5,0.969912302161781,0.9494274893825635,5
ours,4,60.0,0.9662879271785924,0.9494274893825635,3,0.9660026497506912,0.9494274893825635,3
ours,8,1.0,0.9414768473675195,0.9414768473675195,1,0.9414768473675195,0.9414768473675195,1
ours,8,1.0,0.748142874898513,0.748142874898513,1,0.748142874898513,0.748142874898513,1
ours,8,1.0,0.7523793716750495,0.7523793716750495,1,0.7523793716750495,0.7523793716750495,1
ours,8,1.0,0.7767109226952726,0.7767109226952726,1,0.7767109226952726,0.7767109226952726,1
ours,8,1.0,0.8542848014277888,0.7482864982382044,3,0.7601463980665077,0.7482864982382044,2
ours,8,2.0,0.7686075865848978,0.7547692748772812,3,0.6151921762675889,0.6151921762675889,2
ours,8,2.0,0.7402581233254728,0.7402581233254728,1,0.7402581233254728,0.7402581233254728,1
ours,8,2.0,0.854771446129805,0.7589379744024602,2,0.8038166519764012,0.7589379744024602,2
ours,8,2.0,0.8134658688539336,0.7560142729756418,4,0.6568808252868835,0.6151921762675889,3
ours,8,2.0,0.8486953295503421,0.8486953295503421,1,0.8486953295503421,0.8486953295503421,1
ours,8,3.0,0.9032166532418282,0.8802120713104387,3,0.8169745039007518,0.8169745039007518,2
ours,8,3.0,0.8929268321556321,0.8802120713104387,2,0.8929268321556321,0.8802120713104387,2
ours,8,3.0,0.8169745039007518,0.8169745039007518,1,0.8169745039007518,0.8169745039007518,1
ours,8,3.0,0.7332474235196383,0.7332474235196383,1,0.7332474235196383,0.7332474235196383,1
ours,8,3.0,0.803299215802628,0.803299215802628,1,0.803299215802628,0.803299215802628,1
ours,8,4.0,0.793445203931769,0.7647775348598707,2,0.793445203931769,0.7647775348598707,2
ours,8,4.0,0.6745321910061487,0.6096644129346765,2,0.6719403610895585,0.6096644129346765,2
ours,8,4.0,0.5687225681581188,0.5687225681581188,1,0.5687225681581188,0.5687225681581188,1
ours,8,4.0,0.7461312710606439,0.7342163092444403,3,0.7216190148922514,0.7146399895524238,3
ours,8,4.0,0.7408039747960379,0.7393999690776208,3,0.5687225681581188,0.5687225681581188,2
ours,8,5.0,0.5554715796870353,0.5554715796870353,1,0.5554715796870353,0.5554715796870353,1
ours,8,5.0,0.7497303386543909,0.6689926660363077,4,0.6198119970052803,0.5952216624897666,3
ours,8,5.0,0.706211470349592,0.5952216624897666,2,0.706211470349592,0.5952216624897666,2
ours,8,5.0,0.8817991545534616,0.8817991545534616,2,0.8817991545534616,0.8817991545534616,2
ours,8,5.0,0.6912158893600855,0.6687303232354153,2,0.6912158893600855,0.6687303232354153,2
ours,8,6.0,0.7969881031924307,0.7583950966096651,3,0.7642266467043894,0.7092529118776032,3
ours,8,6.0,0.7957195411535194,0.7545894104929307,3,0.7642266467043894,0.7092529118776032,3
ours,8,6.0,0.7359018379753581,0.7359018379753581,2,0.7359018379753581,0.7359018379753581,2
ours,8,6.0,0.6549225853087363,0.6549225853087363,2,0.506445498192065,0.506445498192065,2
ours,8,6.0,0.8091360049275774,0.7092529118776032,4,0.6094814964576114,0.6094814964576114,2
ours,8,7.0,0.7525002470976848,0.7525002470976848,2,0.7525002470976848,0.7525002470976848,2
ours,8,7.0,0.8824850526480281,0.8498652801536901,3,0.5625211556101296,0.5625211556101296,2
ours,8,7.0,0.8645158646291126,0.7525002470976848,5,0.5395516658852458,0.5395516658852458,2
ours,8,7.0,0.7525002470976848,0.7525002470976848,1,0.7525002470976848,0.7525002470976848,1
ours,8,7.0,0.7097175770993379,0.6711094954299582,3,0.7097175770993379,0.6711094954299582,3
ours,8,8.0,0.7449844716825115,0.681007001783884,3,0.681499263951994,0.681007001783884,3
ours,8,8.0,0.6645307891673473,0.6645307891673473,2,0.5424684590952175,0.5424684590952175,2
ours,8,8.0,0.6951600957595074,0.681007001783884,3,0.5424684590952175,0.5424684590952175,2
ours,8,8.0,0.6986034343137097,0.6645307891673473,2,0.6705257712792814,0.6645307891673473,2
ours,8,8.0,0.5424684590952175,0.5424684590952175,1,0.5424684590952175,0.5424684590952175,1
ours,8,9.0,0.7251230077427478,0.7251230077427478,1,0.7251230077427478,0.7251230077427478,1
ours,8,9.0,0.7761847288847485,0.7070417247499313,4,0.5995119736646343,0.5367064566255775,3
ours,8,9.0,0.7901955756984756,0.6909623061589738,4,0.4578148834023257,0.4578148834023257,2
ours,8,9.0,0.6470363871614138,0.4578148834023257,2,0.5914689455725368,0.4578148834023257,2
ours,8,9.0,0.44172076290985285,0.44172076290985285,1,0.44172076290985285,0.44172076290985285,1
ours,8,10.0,0.805475988722667,0.7829492000354374,5,0.4297611434866098,0.40654061941438235,3
ours,8,10.0,0.7744029760273234,0.6724796816067398,5,0.4297611434866098,0.40654061941438235,3
ours,8,10.0,0.604157944409055,0.40654061941438235,2,0.5297955865131161,0.40654061941438235,2
ours,8,10.0,0.7796371292461532,0.7763250584568692,2,0.7796371292461532,0.7763250584568692,2
ours,8,10.0,0.7578356123341571,0.6552278730796186,3,0.4762021916310648,0.4762021916310648,2
ours,8,11.0,0.7777213133397561,0.64460777591667,3,0.7142573218652285,0.64460777591667,3
ours,8,11.0,0.46875097873144855,0.46875097873144855,1,0.46875097873144855,0.46875097873144855,1
ours,8,11.0,0.7387924552902041,0.7387924552902041,2,0.7387924552902041,0.7387924552902041,2
ours,8,11.0,0.7069893541432417,0.6119272412519015,2,0.7069893541432417,0.6119272412519015,2
ours,8,11.0,0.4568566530168754,0.4568566530168754,1,0.4568566530168754,0.4568566530168754,1
ours,8,12.0,0.35636259114436075,0.35636259114436075,1,0.35636259114436075,0.35636259114436075,1
ours,8,12.0,0.7534943684631807,0.6800845556917998,3,0.561022390165011,0.561022390165011,2
ours,8,12.0,0.6338305187428626,0.4737427137826221,3,0.6338305187428626,0.4737427137826221,3
ours,8,12.0,0.4393426954034172,0.4393426954034172,1,0.4393426954034172,0.4393426954034172,1
ours,8,12.0,0.5108037967494305,0.5108037967494305,1,0.5108037967494305,0.5108037967494305,1
ours,8,13.0,0.5964919017773108,0.533393763942496,2,0.5394511146527379,0.533393763942496,2
ours,8,13.0,0.5461416681967196,0.5160377784717505,2,0.5307731219173651,0.5160377784717505,2
ours,8,13.0,0.5403645330918359,0.535220600820692,2,0.5403645330918359,0.535220600820692,2
ours,8,13.0,0.7856225630237889,0.7505216128423968,3,0.7856225630237889,0.7505216128423968,3
ours,8,13.0,0.7452211535391353,0.4676581044932947,4,0.5861764268825541,0.4676581044932947,3
ours,8,14.0,0.7011362567310894,0.6813152186427809,3,0.46817909227692533,0.46817909227692533,2
ours,8,14.0,0.5885055207870534,0.5885055207870534,1,0.5885055207870534,0.5885055207870534,1
ours,8,14.0,0.634393994115011,0.5280096553223151,2,0.49444085907256197,0.49444085907256197,2
ours,8,14.0,0.6500344022909342,0.5280096553223151,3,0.46817909227692533,0.46817909227692533,2
ours,8,14.0,0.7254047967219341,0.720562298453085,2,0.7254047967219341,0.720562298453085,2
ours,8,15.0,0.5289276675237956,0.5289276675237956,1,0.5289276675237956,0.5289276675237956,1
ours,8,15.0,0.3886952946368285,0.3886952946368285,1,0.3886952946368285,0.3886952946368285,1
ours,8,15.0,0.5926064364127082,0.5289276675237956,3,0.5125212217649165,0.3574970303942233,3
ours,8,15.0,0.6012336383535613,0.6012336383535613,1,0.6012336383535613,0.6012336383535613,1
ours,8,15.0,0.5724061757358048,0.5553922937772717,2,0.5724061757358048,0.5553922937772717,2
ours,8,16.0,0.34932584579483383,0.34932584579483383,1,0.34932584579483383,0.34932584579483383,1
ours,8,16.0,0.7043864116767748,0.608676528129652,4,0.5655761200772758,0.34932584579483383,4
ours,8,16.0,0.6897312947423777,0.608676528129652,4,0.48380030533434515,0.34932584579483383,3
ours,8,16.0,0.45749454810748313,0.45749454810748313,1,0.45749454810748313,0.45749454810748313,1
ours,8,16.0,0.7607144607197402,0.6971284419100516,2,0.7249388331617097,0.6971284419100516,2
ours,8,17.0,0.4060120547716204,0.4060120547716204,1,0.4060120547716204,0.4060120547716204,1
ours,8,17.0,0.5615162823846493,0.37411737211026497,2,0.5342920939345187,0.37411737211026497,2
ours,8,17.0,0.7003069066734104,0.7003069066734104,1,0.7003069066734104,0.7003069066734104,1
ours,8,17.0,0.4264207435467924,0.4264207435467924,1,0.4264207435467924,0.4264207435467924,1
ours,8,17.0,0.5062332910392056,0.5062332910392056,2,0.4060120547716204,0.4060120547716204,2
ours,8,18.0,0.6359362513723209,0.6359362513723209,2,0.6359362513723209,0.6359362513723209,2
ours,8,18.0,0.6046820256584118,0.4760193811424702,3,0.35892661219561883,0.35892661219561883,2
ours,8,18.0,0.5640731217521717,0.3985159754950396,2,0.5640731217521717,0.3985159754950396,2
ours,8,18.0,0.6148504299428886,0.5673853327053985,3,0.4582088002673621,0.4582088002673621,2
ours,8,18.0,0.5748357418252319,0.5615432116493515,2,0.5748357418252319,0.5615432116493515,2
ours,8,19.0,0.5184790710334509,0.5184790710334509,1,0.5184790710334509,0.5184790710334509,1
ours,8,19.0,0.4670205373879296,0.4670205373879296,1,0.4670205373879296,0.4670205373879296,1
ours,8,19.0,0.5546459905110375,0.5546459905110375,1,0.5546459905110375,0.5546459905110375,1
ours,8,19.0,0.647924707085765,0.647924707085765,1,0.647924707085765,0.647924707085765,1
ours,8,19.0,0.41355612324295365,0.41355612324295365,1,0.41355612324295365,0.41355612324295365,1
ours,8,20.0,0.6087509412868605,0.6087509412868605,1,0.6087509412868605,0.6087509412868605,1
ours,8,20.0,0.62353173839806,0.5167221817888134,3,0.5263476051567407,0.5167221817888134,3
ours,8,20.0,0.5439208325822229,0.5439208325822229,1,0.5439208325822229,0.5439208325822229,1
ours,8,20.0,0.6199846903457812,0.6092572924174005,2,0.6199846903457812,0.6092572924174005,2
ours,8,20.0,0.5439208325822229,0.5439208325822229,1,0.5439208325822229,0.5439208325822229,1
ours,8,21.0,0.5932564971820522,0.5475826506475767,2,0.5932564971820522,0.5475826506475767,2
ours,8,21.0,0.6759224839799635,0.643951655977409,2,0.6656825397014747,0.643951655977409,2
ours,8,21.0,0.5008556871629477,0.5008556871629477,1,0.5008556871629477,0.5008556871629477,1
ours,8,21.0,0.6238055010506504,0.6238055010506504,1,0.6238055010506504,0.6238055010506504,1
ours,8,21.0,0.5201099860875327,0.4014554444150411,2,0.5201099860875327,0.4014554444150411,2
ours,8,22.0,0.5846227289747433,0.5846227289747433,1,0.5846227289747433,0.5846227289747433,1
ours,8,22.0,0.6356931556734394,0.5148907174067773,4,0.43373868824506556,0.26089701377907104,4
ours,8,22.0,0.655203505510808,0.655203505510808,2,0.26089701377907104,0.26089701377907104,2
ours,8,22.0,0.6437496339009832,0.5856738704688087,2,0.6149782137891041,0.5856738704688087,2
ours,8,22.0,0.5769411137802001,0.5283415884650706,3,0.37953396998828764,0.26089701377907104,3
ours,8,23.0,0.535416603625485,0.535416603625485,1,0.535416603625485,0.535416603625485,1
ours,8,23.0,0.4801094450436165,0.4801094450436165,2,0.46288603856905863,0.46288603856905863,2
ours,8,23.0,0.43662758937775803,0.43662758937775803,1,0.43662758937775803,0.43662758937775803,1
ours,8,23.0,0.5293998334438631,0.5237813521332079,2,0.5293998334438631,0.5237813521332079,2
ours,8,23.0,0.535416603625485,0.535416603625485,2,0.46288603856905863,0.46288603856905863,2
ours,8,24.0,0.7454884473512665,0.6670611646494587,3,0.65384601739015,0.529597519707784,3
ours,8,24.0,0.5852017346073893,0.5059340550145789,3,0.5852017346073893,0.5059340550145789,3
ours,8,24.0,0.6639507935291846,0.529597519707784,4,0.630549439678076,0.5059340550145789,4
ours,8,24.0,0.529597519707784,0.529597519707784,2,0.5059340550145789,0.5059340550145789,2
ours,8,24.0,0.5294038782872882,0.5294038782872882,1,0.5294038782872882,0.5294038782872882,1
ours,8,25.0,0.580183955600151,0.580183955600151,1,0.580183955600151,0.580183955600151,1
ours,8,25.0,0.6363606184121747,0.580183955600151,3,0.3882686238181404,0.3882686238181404,2
ours,8,25.0,0.7545194282149755,0.580183955600151,3,0.7545194282149755,0.580183955600151,3
ours,8,25.0,0.7216056334564805,0.580183955600151,3,0.5165049193393831,0.46471236712418384,3
ours,8,25.0,0.5496222630666676,0.5496222630666676,1,0.5496222630666676,0.5496222630666676,1
ours,8,26.0,0.70459343966855,0.6768307090721195,3,0.47822406271301054,0.47822406271301054,2
ours,8,26.0,0.4053358209040392,0.4053358209040392,1,0.4053358209040392,0.4053358209040392,1
ours,8,26.0,0.6899978944501172,0.6768307090721195,3,0.5372356463393907,0.47822406271301054,3
ours,8,26.0,0.740600238246491,0.6768307090721195,3,0.5372356463393907,0.47822406271301054,3
ours,8,26.0,0.7163322652061128,0.7163322652061128,2,0.7163322652061128,0.7163322652061128,2
ours,8,27.0,0.498150977759779,0.498150977759779,1,0.498150977759779,0.498150977759779,1
ours,8,27.0,0.6773524041068626,0.5575019521583359,4,0.3896754271048841,0.3896754271048841,2
ours,8,27.0,0.5855402848049154,0.5855402848049154,2,0.498150977759779,0.498150977759779,2
ours,8,27.0,0.6647901249446828,0.5575019521583359,2,0.6647901249446828,0.5575019521583359,2
ours,8,27.0,0.686649094694046,0.5575019521583359,4,0.6349956513088302,0.498150977759779,4
ours,8,28.0,0.6813314399091224,0.6813314399091224,1,0.6813314399091224,0.6813314399091224,1
ours,8,28.0,0.5014133734359816,0.5014133734359816,2,0.36356327721340986,0.36356327721340986,2
ours,8,28.0,0.36356327721340986,0.36356327721340986,1,0.36356327721340986,0.36356327721340986,1
ours,8,28.0,0.5950332827676688,0.5950332827676688,2,0.5950332827676688,0.5950332827676688,2
ours,8,28.0,0.5238311780608113,0.47529974235357375,3,0.4655445982943909,0.36356327721340986,3
ours,8,29.0,0.44993909204744664,0.4151035989444395,2,0.374852965645448,0.374852965645448,2
ours,8,29.0,0.5086468736210099,0.5086468736210099,1,0.5086468736210099,0.5086468736210099,1
ours,8,29.0,0.4800650861688928,0.4151035989444395,2,0.4800650861688928,0.4151035989444395,2
ours,8,29.0,0.3996329297455199,0.3996329297455199,1,0.3996329297455199,0.3996329297455199,1
ours,8,29.0,0.4847745851504538,0.4847745851504538,2,0.374852965645448,0.374852965645448,2
ours,8,30.0,0.37612974319937886,0.37612974319937886,1,0.37612974319937886,0.37612974319937886,1
ours,8,30.0,0.4466302463355821,0.4466302463355821,2,0.3907833700081438,0.3907833700081438,2
ours,8,30.0,0.6847032961794547,0.5808841109212994,3,0.6847032961794547,0.5808841109212994,3
ours,8,30.0,0.6123300719226419,0.6123300719226419,1,0.6123300719226419,0.6123300719226419,1
ours,8,30.0,0.4440804822585312,0.42221529504680977,2,0.38265282133026857,0.38265282133026857,2
ours,8,31.0,0.7424966814386187,0.6731775866820093,2,0.7424966814386187,0.6731775866820093,2
ours,8,31.0,0.7141063409286478,0.6013525679401301,5,0.40955890533179495,0.4071980783925333,3
ours,8,31.0,0.6591634990224571,0.5789254205997804,3,0.6591634990224571,0.5789254205997804,3
ours,8,31.0,0.6252942408540899,0.6013525679401301,3,0.3625080910224965,0.3625080910224965,2
ours,8,31.0,0.6252942408540899,0.6013525679401301,3,0.3625080910224965,0.3625080910224965,2
ours,8,32.0,0.6343746473188312,0.40670254585944554,2,0.6343746473188312,0.40670254585944554,2
ours,8,32.0,0.664267262808367,0.664267262808367,1,0.664267262808367,0.664267262808367,1
ours,8,32.0,0.8057004476974589,0.6489298996986972,3,0.8057004476974589,0.6489298996986972,3
ours,8,32.0,0.6409367749952274,0.39895354472207434,3,0.5343548927759154,0.39895354472207434,3
ours,8,32.0,0.48744938054547987,0.40670254585944554,2,0.35530786925634106,0.35530786925634106,2
ours,8,33.0,0.6115354751866177,0.4233713724224688,2,0.6115354751866177,0.4233713724224688,2
ours,8,33.0,0.6936380715624543,0.5440661370800509,3,0.5442448920248714,0.5440661370800509,2
ours,8,33.0,0.646772820902706,0.646772820902706,1,0.646772820902706,0.646772820902706,1
ours,8,33.0,0.44303863547953215,0.44303863547953215,1,0.44303863547953215,0.44303863547953215,1
ours,8,33.0,0.5440661370800509,0.5440661370800509,1,0.5440661370800509,0.5440661370800509,1
ours,8,34.0,0.6262554898122948,0.47328423082048776,3,0.48899441275330174,0.3821210594758535,3
ours,8,34.0,0.6451385810395105,0.4941857407458785,4,0.46658960124453214,0.33723959858190256,4
ours,8,34.0,0.5617248268864836,0.4715266325956702,2,0.47290066157503696,0.4715266325956702,2
ours,8,34.0,0.47328423082048776,0.47328423082048776,2,0.47328423082048776,0.47328423082048776,2
ours,8,34.0,0.7649734714927839,0.7027411193081984,3,0.5462722989539803,0.3821210594758535,3
ours,8,35.0,0.6706466816992112,0.6706466816992112,1,0.6706466816992112,0.6706466816992112,1
ours,8,35.0,0.4622726052876106,0.34898680991959563,2,0.3540291211778124,0.34898680991959563,2
ours,8,35.0,0.41426165312339847,0.34898680991959563,2,0.41426165312339847,0.34898680991959563,2
ours,8,35.0,0.6464976847955285,0.5755584006556256,3,0.34898680991959563,0.34898680991959563,2
ours,8,35.0,0.5062310614156238,0.5062310614156238,1,0.5062310614156238,0.5062310614156238,1
ours,8,36.0,0.6326129409223562,0.6326129409223562,1,0.6326129409223562,0.6326129409223562,1
ours,8,36.0,0.6463160837344606,0.5661472487441175,2,0.5154559380677263,0.5154559380677263,2
ours,8,36.0,0.6019310222484756,0.5396540740103115,3,0.47145144619117435,0.4373501322816058,3
ours,8,36.0,0.6924104457985091,0.6583359728722145,2,0.5154559380677263,0.5154559380677263,2
ours,8,36.0,0.5824794666745747,0.5824794666745747,1,0.5824794666745747,0.5824794666745747,1
ours,8,37.0,0.6613158227973325,0.5033920199662603,3,0.5010247802466932,0.5010247802466932,2
ours,8,37.0,0.4958410748240675,0.4958410748240675,1,0.4958410748240675,0.4958410748240675,1
ours,8,37.0,0.6107026064968418,0.5010247802466932,3,0.5295373231272699,0.5010247802466932,3
ours,8,37.0,0.5444124052431569,0.5010247802466932,2,0.42362027200577856,0.42362027200577856,2
ours,8,37.0,0.488749110046369,0.488749110046369,1,0.488749110046369,0.488749110046369,1
ours,8,38.0,0.6630776352438765,0.4845468566087109,4,0.5848655840189207,0.4845468566087109,4
ours,8,38.0,0.8416084138790421,0.8037899952355039,2,0.7193460975109642,0.7193460975109642,2
ours,8,38.0,0.6383207679508822,0.5572954383908003,2,0.6041589818690487,0.5572954383908003,2
ours,8,38.0,0.6941510142866022,0.44054082417614815,5,0.6043492783714688,0.44054082417614815,4
ours,8,38.0,0.8037899952355039,0.8037899952355039,1,0.8037899952355039,0.8037899952355039,1
ours,8,39.0,0.7773447677105191,0.6485584271372111,2,0.6773033110604489,0.6485584271372111,2
ours,8,39.0,0.6164552317965547,0.5243182542829695,3,0.5294997335481724,0.46751396041265225,3
ours,8,39.0,0.4411438151553314,0.41477366989801057,2,0.42623936443339777,0.41477366989801057,2
ours,8,39.0,0.6796846808008904,0.6703975265951808,3,0.5245692046787028,0.46257459344944873,3
ours,8,39.0,0.6703975265951808,0.6703975265951808,2,0.46257459344944873,0.46257459344944873,2
ours,8,40.0,0.584160628071065,0.46892024710446845,2,0.584160628071065,0.46892024710446845,2
ours,8,40.0,0.6440028387728292,0.4422925473342427,3,0.403505123287653,0.403505123287653,2
ours,8,40.0,0.6711316129218307,0.5677619452673612,3,0.6711316129218307,0.5677619452673612,3
ours,8,40.0,0.9199980645032615,0.9199980645032615,1,0.9199980645032615,0.9199980645032615,1
ours,8,40.0,0.8096995367704615,0.6994010090376614,2,0.8096995367704615,0.6994010090376614,2
ours,8,41.0,0.6592003646966874,0.6241124124559161,2,0.5510349222747771,0.5510349222747771,2
ours,8,41.0,0.5510349222747771,0.5510349222747771,1,0.5510349222747771,0.5510349222747771,1
ours,8,41.0,0.5640254384363913,0.5169289805784806,3,0.5112845862664811,0.5055539211641862,3
ours,8,41.0,0.8089714652403146,0.8089714652403146,1,0.8089714652403146,0.8089714652403146,1
ours,8,41.0,0.6904268529127022,0.5510349222747771,3,0.6142764754657586,0.5169289805784806,3
ours,8,42.0,0.41463214825370276,0.41463214825370276,1,0.41463214825370276,0.41463214825370276,1
ours,8,42.0,0.6963310756842165,0.5288547137940991,2,0.6963310756842165,0.5288547137940991,2
ours,8,42.0,0.3539467734366961,0.3539467734366961,1,0.3539467734366961,0.3539467734366961,1
ours,8,42.0,0.7458145446099298,0.5288547137940991,3,0.6151720324466684,0.5288547137940991,2
ours,8,42.0,0.525385112670522,0.4068899044622687,2,0.525385112670522,0.4068899044622687,2
ours,8,43.0,0.6780673559886295,0.6780673559886295,1,0.6780673559886295,0.6780673559886295,1
ours,8,43.0,0.6635759683914697,0.6111256520024679,3,0.48695679934114927,0.4163924054584638,3
ours,8,43.0,0.7697197410429057,0.6280855871065203,2,0.7697197410429057,0.6280855871065203,2
ours,8,43.0,0.5964108426542114,0.5964108426542114,1,0.5964108426542114,0.5964108426542114,1
ours,8,43.0,0.6439351588849843,0.6111256520024679,3,0.48393266810055174,0.4163924054584638,3
ours,8,44.0,0.6486513823255473,0.5610652517259117,3,0.557062402493634,0.45172586164573114,3
ours,8,44.0,0.4665609674655731,0.4665609674655731,1,0.4665609674655731,0.4665609674655731,1
ours,8,44.0,0.6907269526161564,0.5906307968809009,2,0.6791831405351703,0.5906307968809009,2
ours,8,44.0,0.5818054024361762,0.4665609674655731,3,0.5818054024361762,0.4665609674655731,3
ours,8,44.0,0.5207855982726958,0.4665609674655731,3,0.5207855982726958,0.4665609674655731,3
ours,8,45.0,0.6291044415313659,0.5918998190765633,4,0.47143347530656254,0.4136526442708375,3
ours,8,45.0,0.630902289263068,0.5918998190765633,4,0.47488997447112863,0.4163850521684114,3
ours,8,45.0,0.49610299437639255,0.4276195258566745,3,0.47488997447112863,0.4163850521684114,3
ours,8,45.0,0.6071110849506774,0.5644333580244468,3,0.4136526442708375,0.4136526442708375,2
ours,8,45.0,0.42751423185391635,0.4274089378511582,2,0.42751423185391635,0.4274089378511582,2
ours,8,46.0,0.6986659923499534,0.5243427642670501,2,0.46022923428438833,0.46022923428438833,2
ours,8,46.0,0.7639779457753995,0.7639779457753995,1,0.7639779457753995,0.7639779457753995,1
ours,8,46.0,0.5437250577623535,0.5437250577623535,1,0.5437250577623535,0.5437250577623535,1
ours,8,46.0,0.6081333144168338,0.5811903260329057,3,0.4746287058979146,0.47065480985737773,3
ours,8,46.0,0.5243427642670501,0.5243427642670501,2,0.46022923428438833,0.46022923428438833,2
ours,8,47.0,0.6341084874470335,0.4724104489452443,3,0.43754502015404445,0.38244160717293574,3
ours,8,47.0,0.6722798690297805,0.6597101139732071,2,0.5477518461162618,0.5477518461162618,2
ours,8,47.0,0.6801355850370756,0.6801355850370756,2,0.5477518461162618,0.5477518461162618,2
ours,8,47.0,0.36360877243029555,0.36360877243029555,1,0.36360877243029555,0.36360877243029555,1
ours,8,47.0,0.36360877243029555,0.36360877243029555,1,0.36360877243029555,0.36360877243029555,1
ours,8,48.0,0.6820630162222578,0.5918062024287829,4,0.6638560126204324,0.6030335281222122,4
ours,8,48.0,0.6785339266207998,0.6030335281222122,5,0.5026117265314032,0.37541655686761144,4
ours,8,48.0,0.3934715169720624,0.3934715169720624,1,0.3934715169720624,0.3934715169720624,1
ours,8,48.0,0.6205110573269492,0.6205110573269492,1,0.6205110573269492,0.6205110573269492,1
ours,8,48.0,0.639401198277902,0.639401198277902,1,0.639401198277902,0.639401198277902,1
ours,8,49.0,0.6832642180122245,0.6403879378738409,3,0.47018960995481573,0.4472704561482401,3
ours,8,49.0,0.6403879378738409,0.6403879378738409,1,0.6403879378738409,0.6403879378738409,1
ours,8,49.0,0.6832356531533956,0.6805530891370374,2,0.6241685463754599,0.6241685463754599,2
ours,8,49.0,0.7872988598924726,0.7720298721700181,2,0.5730005925287273,0.5730005925287273,2
ours,8,49.0,0.675418971414508,0.5818211645400245,2,0.516027917567967,0.516027917567967,2
ours,8,50.0,0.5741426824685651,0.5741426824685651,2,0.5741426824685651,0.5741426824685651,2
ours,8,50.0,0.7420558276150178,0.7012986539439616,2,0.62674241564382,0.62674241564382,2
ours,8,50.0,0.6779458359864029,0.6491231327280254,2,0.6088907205648688,0.6088907205648688,2
ours,8,50.0,0.5886351319152081,0.5865442421373674,2,0.5886351319152081,0.5865442421373674,2
ours,8,50.0,0.5907260216930489,0.5907260216930489,1,0.5907260216930489,0.5907260216930489,1
ours,8,51.0,0.5454967695689759,0.483372295757145,2,0.49934720078767986,0.483372295757145,2
ours,8,51.0,0.8101906715394467,0.7210389605377088,5,0.5526442409683803,0.5153221058182147,4
ours,8,51.0,0.7202492610007353,0.7202492610007353,2,0.7202492610007353,0.7202492610007353,2
ours,8,51.0,0.5289354007424102,0.5273360368550926,2,0.5289354007424102,0.5273360368550926,2
ours,8,51.0,0.5305347646297278,0.5305347646297278,2,0.5305347646297278,0.5305347646297278,2
ours,8,52.0,0.7948537154186918,0.7948537154186918,2,0.5731462499434945,0.5731462499434945,2
ours,8,52.0,0.7182571985872072,0.7182571985872072,2,0.6835191096992519,0.6835191096992519,2
ours,8,52.0,0.6828617637725986,0.5112341729980486,5,0.511513875265202,0.4335945483347796,4
ours,8,52.0,0.7236998884239534,0.6835191096992519,3,0.7236998884239534,0.6835191096992519,3
ours,8,52.0,0.554160604310082,0.5351749586766695,2,0.554160604310082,0.5351749586766695,2
ours,8,53.0,0.600615975190284,0.5207437914215924,2,0.5701184909960908,0.5207437914215924,2
ours,8,53.0,0.5440478903602164,0.4737006678835748,2,0.4972222296525836,0.4737006678835748,2
ours,8,53.0,0.6594807066582145,0.6594807066582145,1,0.6594807066582145,0.6594807066582145,1
ours,8,53.0,0.6060573193752368,0.5611025762786888,3,0.5536602578045914,0.5207437914215924,3
ours,8,53.0,0.7558760301620499,0.6143951128368579,3,0.6576913984735624,0.5611025762786888,3
ours,8,54.0,0.8492777137218184,0.8206235000535366,2,0.8492777137218184,0.8206235000535366,2
ours,8,54.0,0.604699723099237,0.604699723099237,1,0.604699723099237,0.604699723099237,1
ours,8,54.0,0.6675789248002585,0.6064951654622364,3,0.5644458530488435,0.561735158306825,3
ours,8,54.0,0.8001481796246402,0.7176630618148834,3,0.6617995589675507,0.5537333747562759,3
ours,8,54.0,0.7032230150111731,0.644393666925851,5,0.5804319147428209,0.5537333747562759,4
ours,8,55.0,0.6723286683332221,0.6723286683332221,1,0.6723286683332221,0.6723286683332221,1
ours,8,55.0,0.6718714972304346,0.6175172914045699,2,0.6718714972304346,0.6175172914045699,2
ours,8,55.0,0.5858426080120727,0.5858426080120727,1,0.5858426080120727,0.5858426080120727,1
ours,8,55.0,0.6319458416664244,0.5700085281538644,3,0.5876742535942996,0.5700085281538644,3
ours,8,55.0,0.691364046645477,0.6765217382655836,4,0.5048239737547459,0.418975091499327,3
ours,8,56.0,0.9741241696523381,0.9724287761562435,3,0.9728953148163858,0.9724287761562435,3
ours,8,56.0,0.9708471849744142,0.9708316467332081,2,0.9708471849744142,0.9708316467332081,2
ours,8,56.0,0.9738283921366706,0.9738283921366706,1,0.9738283921366706,0.9738283921366706,1
ours,8,56.0,0.9678222178685761,0.9678222178685761,1,0.9678222178685761,0.9678222178685761,1
ours,8,56.0,0.9708627232156205,0.9708627232156205,1,0.9708627232156205,0.9708627232156205,1
ours,8,57.0,0.9754339361545952,0.9753904789458169,2,0.971428267178617,0.971428267178617,2
ours,8,57.0,0.9772511864550332,0.9772511864550332,1,0.9772511864550332,0.9772511864550332,1
ours,8,57.0,0.9712836899187766,0.9634858747025592,2,0.9694845629654474,0.9634858747025592,2
ours,8,57.0,0.9701382662079677,0.9668890297752655,3,0.9701382662079677,0.9668890297752655,3
ours,8,57.0,0.9754773933633734,0.9754773933633734,2,0.971428267178617,0.971428267178617,2
ours,8,58.0,0.976162899661379,0.9758227439488977,3,0.9709977349027344,0.9676501627601433,3
ours,8,58.0,0.9759916515561992,0.9676405080307561,3,0.9759916515561992,0.9676405080307561,3
ours,8,58.0,0.9746166152684675,0.971693089487233,2,0.9746166152684675,0.971693089487233,2
ours,8,58.0,0.9722954976161278,0.9652410049505882,3,0.9668471101569582,0.9652410049505882,3
ours,8,58.0,0.964179584588881,0.9560905238242368,2,0.964179584588881,0.9560905238242368,2
ours,8,59.0,0.9814563016139211,0.9797362348062444,4,0.9703606006682067,0.9692197971669992,3
ours,8,59.0,0.978774884897715,0.9773501290132675,5,0.9707899646407574,0.9649290983024849,4
ours,8,59.0,0.9814283532451435,0.9773501290132675,2,0.9726422076706218,0.9726422076706218,2
ours,8,59.0,0.9758256064109923,0.9712838058069447,2,0.9714453750963346,0.9712838058069447,2
ours,8,59.0,0.9756629551068111,0.9716069443857244,2,0.9712838058069447,0.9712838058069447,2
ours,8,60.0,0.9696279801144602,0.9696279801144602,1,0.9696279801144602,0.9696279801144602,1
ours,8,60.0,0.9768937229567428,0.9678739889424706,2,0.9710841760010713,0.9678739889424706,2
ours,8,60.0,0.9673765785867263,0.9673765785867263,1,0.9673765785867263,0.9673765785867263,1
ours,8,60.0,0.9749989696228785,0.9699340672208637,5,0.9715079282634248,0.9678739889424706,5
ours,8,60.0,0.9750964392862902,0.9742943630596721,3,0.9700471134476785,0.9678739889424706,3
ours,9,1.0,0.9349415030936913,0.9323404192362237,4,0.9349415030936913,0.9323404192362237,4
ours,9,1.0,0.9303530856992221,0.9248374797165193,2,0.9114223632814198,0.9114223632814198,2
ours,9,1.0,0.9349415030936913,0.9323404192362237,4,0.9349415030936913,0.9323404192362237,4
ours,9,1.0,0.9256065814015633,0.9136705758519676,2,0.9256065814015633,0.9136705758519676,2
ours,9,1.0,0.9273065612676518,0.9273065612676518,1,0.9273065612676518,0.9273065612676518,1
ours,9,2.0,0.9005967166770168,0.9005967166770168,1,0.9005967166770168,0.9005967166770168,1
ours,9,2.0,0.8198436341210513,0.8198436341210513,1,0.8198436341210513,0.8198436341210513,1
ours,9,2.0,0.912512282888841,0.9005967166770168,4,0.8442254984856632,0.8160398893899863,3
ours,9,2.0,0.8848574074652904,0.8496305779077711,2,0.8765916735936313,0.8496305779077711,2
ours,9,2.0,0.8480745137541326,0.8198436341210513,3,0.8465824347416415,0.8198436341210513,3
ours,9,3.0,0.9231227193031408,0.9076881773524663,6,0.9231227193031408,0.9076881773524663,6
ours,9,3.0,0.8750887970309164,0.8750887970309164,1,0.8750887970309164,0.8750887970309164,1
ours,9,3.0,0.9305372659410694,0.9076881773524663,6,0.9305372659410694,0.9076881773524663,6
ours,9,3.0,0.7942049315630667,0.7942049315630667,1,0.7942049315630667,0.7942049315630667,1
ours,9,3.0,0.9235580983444948,0.9076881773524663,6,0.9235580983444948,0.9076881773524663,6
ours,9,4.0,0.9185679712348267,0.9006688707693679,3,0.9185679712348267,0.9006688707693679,3
ours,9,4.0,0.8380601331242439,0.8380601331242439,1,0.8380601331242439,0.8380601331242439,1
ours,9,4.0,0.8777046577815919,0.8777046577815919,1,0.8777046577815919,0.8777046577815919,1
ours,9,4.0,0.9006688707693679,0.9006688707693679,1,0.9006688707693679,0.9006688707693679,1
ours,9,4.0,0.8782523450361831,0.8380601331242439,4,0.8751252006191798,0.8380601331242439,4
ours,9,5.0,0.8751919189860815,0.8751919189860815,1,0.8751919189860815,0.8751919189860815,1
ours,9,5.0,0.7982186273504234,0.7982186273504234,2,0.7982186273504234,0.7982186273504234,2
ours,9,5.0,0.8851334556696051,0.8851334556696051,1,0.8851334556696051,0.8851334556696051,1
ours,9,5.0,0.8728153777349817,0.8020414338456758,4,0.8728153777349817,0.8020414338456758,4
ours,9,5.0,0.8540455900105158,0.8540455900105158,2,0.8540455900105158,0.8540455900105158,2
ours,9,6.0,0.7573457203311146,0.7573457203311146,1,0.7573457203311146,0.7573457203311146,1
ours,9,6.0,0.8000245562951926,0.7772487307965911,3,0.7138080148084699,0.6479239185665069,3
ours,9,6.0,0.7689670153323056,0.7573457203311146,2,0.7689670153323056,0.7573457203311146,2
ours,9,6.0,0.818283603901101,0.7805883103334966,2,0.8161329318969252,0.7805883103334966,2
ours,9,6.0,0.8857405853264934,0.8805307495608186,2,0.8857405853264934,0.8805307495608186,2
ours,9,7.0,0.5513570747564794,0.5513570747564794,1,0.5513570747564794,0.5513570747564794,1
ours,9,7.0,0.648103623512425,0.648103623512425,1,0.648103623512425,0.648103623512425,1
ours,9,7.0,0.7413821234505665,0.7413821234505665,1,0.7413821234505665,0.7413821234505665,1
ours,9,7.0,0.8421735235181187,0.8095518362927869,4,0.7464567332274429,0.7332188326631011,3
ours,9,7.0,0.873603947708272,0.873603947708272,1,0.873603947708272,0.873603947708272,1
ours,9,8.0,0.8176617088117236,0.6812640467961406,5,0.625197714007691,0.6223386021187258,4
ours,9,8.0,0.7774333358657641,0.7774333358657641,1,0.7774333358657641,0.7774333358657641,1
ours,9,8.0,0.6576505895719553,0.5378678432781465,2,0.6576505895719553,0.5378678432781465,2
ours,9,8.0,0.8097267856722592,0.7774333358657641,4,0.625197714007691,0.6223386021187258,4
ours,9,8.0,0.8168516151460539,0.6789181238806281,4,0.6223386021187258,0.6223386021187258,2
ours,9,9.0,0.7374660725041058,0.7374660725041058,2,0.7374660725041058,0.7374660725041058,2
ours,9,9.0,0.8162620573741315,0.8162620573741315,1,0.8162620573741315,0.8162620573741315,1
ours,9,9.0,0.8131429909197664,0.7823506813072687,5,0.5876323296981139,0.5748390845039613,3
ours,9,9.0,0.7640334555026548,0.7374660725041058,4,0.6385837470964134,0.5479824490898653,3
ours,9,9.0,0.8012993153929638,0.7605679654754967,5,0.5876323296981137,0.5748390845039613,3
ours,9,10.0,0.6313682555570841,0.5394376556762748,4,0.6077560817006684,0.5394376556762748,4
ours,9,10.0,0.5394376556762748,0.5394376556762748,1,0.5394376556762748,0.5394376556762748,1
ours,9,10.0,0.6810510298448996,0.6081952848761938,3,0.5776728713254164,0.5456790630971052,3
ours,9,10.0,0.6828928558818061,0.6828928558818061,1,0.6828928558818061,0.6828928558818061,1
ours,9,10.0,0.6053102399743651,0.6053102399743651,1,0.6053102399743651,0.6053102399743651,1
ours,9,11.0,0.6107022620377103,0.6107022620377103,1,0.6107022620377103,0.6107022620377103,1
ours,9,11.0,0.7406622605645343,0.7406622605645343,1,0.7406622605645343,0.7406622605645343,1
ours,9,11.0,0.525596962001737,0.525596962001737,1,0.525596962001737,0.525596962001737,1
ours,9,11.0,0.6530217578495434,0.6000077741261862,2,0.6530217578495434,0.6000077741261862,2
ours,9,11.0,0.7464655895805233,0.7060357415729007,4,0.5572986969791077,0.4756630927339176,3
ours,9,12.0,0.41236586340832826,0.41236586340832826,1,0.41236586340832826,0.41236586340832826,1
ours,9,12.0,0.6322039427212645,0.5578140130386637,2,0.6322039427212645,0.5578140130386637,2
ours,9,12.0,0.6849044780781712,0.6124739512327131,3,0.41236586340832826,0.41236586340832826,2
ours,9,12.0,0.6095803761313119,0.6095803761313119,1,0.6095803761313119,0.6095803761313119,1
ours,9,12.0,0.619853736176895,0.41732172552888414,3,0.41236586340832826,0.41236586340832826,2
ours,9,13.0,0.5132249322249831,0.34812347283082434,2,0.4272358417888379,0.34812347283082434,2
ours,9,13.0,0.488311690486972,0.488311690486972,1,0.488311690486972,0.488311690486972,1
ours,9,13.0,0.7413646217185996,0.7413646217185996,1,0.7413646217185996,0.7413646217185996,1
ours,9,13.0,0.5916755120807392,0.47318646064313996,3,0.49432386390693184,0.488311690486972,3
ours,9,13.0,0.6290977894902043,0.47318646064313996,4,0.5092962161966642,0.39326201343569667,3
ours,9,14.0,0.6106336572036368,0.4506983928563074,3,0.3442860624590578,0.3442860624590578,2
ours,9,14.0,0.6649771867592559,0.5677288778150453,4,0.39893711261610454,0.39893711261610454,2
ours,9,14.0,0.42702949096501264,0.42702949096501264,2,0.42702949096501264,0.42702949096501264,2
ours,9,14.0,0.6683729112303844,0.5813117756995596,4,0.5286000141878803,0.4475993765931696,3
ours,9,14.0,0.3442860624590578,0.3442860624590578,1,0.3442860624590578,0.3442860624590578,1
ours,9,15.0,0.691110089009442,0.6739577433561335,4,0.49607886418391384,0.3862173207823274,3
ours,9,15.0,0.7158019509870867,0.7158019509870867,1,0.7158019509870867,0.7158019509870867,1
ours,9,15.0,0.6208972283643542,0.508811905061193,3,0.4960788641839138,0.3862173207823274,3
ours,9,15.0,0.48778431918790965,0.42614251662728053,2,0.3862173207823274,0.3862173207823274,2
ours,9,15.0,0.3653546425841624,0.3653546425841624,1,0.3653546425841624,0.3653546425841624,1
ours,9,16.0,0.42006712125732526,0.42006712125732526,1,0.42006712125732526,0.42006712125732526,1
ours,9,16.0,0.42006712125732526,0.42006712125732526,1,0.42006712125732526,0.42006712125732526,1
ours,9,16.0,0.5603119756936243,0.5179719900114517,2,0.5603119756936243,0.5179719900114517,2
ours,9,16.0,0.5605918883455349,0.4290127931058022,3,0.5535951717811746,0.4290127931058022,3
ours,9,16.0,0.5490334501299756,0.5179719900114517,2,0.5490334501299756,0.5179719900114517,2
ours,9,17.0,0.6963074150942518,0.6963074150942518,2,0.6963074150942518,0.6963074150942518,2
ours,9,17.0,0.5226111412561456,0.4931297278009432,2,0.5153697328043777,0.4931297278009432,2
ours,9,17.0,0.7088208108262308,0.6348385921203767,2,0.6655730036073142,0.6348385921203767,2
ours,9,17.0,0.47759670196393234,0.38727769169008763,2,0.4491910539494298,0.38727769169008763,2
ours,9,17.0,0.38727769169008763,0.38727769169008763,1,0.38727769169008763,0.38727769169008763,1
ours,9,18.0,0.45544042972153137,0.4543148798215597,3,0.4377727143950724,0.42950163168182875,3
ours,9,18.0,0.42950163168182875,0.42950163168182875,1,0.42950163168182875,0.42950163168182875,1
ours,9,18.0,0.39299144424549803,0.39299144424549803,2,0.39299144424549803,0.39299144424549803,2
ours,9,18.0,0.4631421021505175,0.4560032046715172,3,0.41493372289916897,0.3836906357944945,3
ours,9,18.0,0.47871353916673876,0.4543148798215597,2,0.47871353916673876,0.4543148798215597,2
ours,9,19.0,0.4710166199654171,0.45030048352241736,2,0.3944730783059309,0.3944730783059309,2
ours,9,19.0,0.4454786029752251,0.4406567224280329,2,0.3944730783059309,0.3944730783059309,2
ours,9,19.0,0.5901479600522815,0.5901479600522815,1,0.5901479600522815,0.5901479600522815,1
ours,9,19.0,0.5081638980811308,0.5081638980811308,2,0.3944730783059309,0.3944730783059309,2
ours,9,19.0,0.4944573495855764,0.4944573495855764,1,0.4944573495855764,0.4944573495855764,1
ours,9,20.0,0.7255852759594186,0.6273570503793325,2,0.7193772804463148,0.6273570503793325,2
ours,9,20.0,0.5861970228190632,0.4898767007230731,4,0.4840966042818228,0.47831650784057245,4
ours,9,20.0,0.5353357010599589,0.47831650784057245,2,0.4201278998523449,0.4201278998523449,2
ours,9,20.0,0.788607672482433,0.788607672482433,1,0.788607672482433,0.788607672482433,1
ours,9,20.0,0.5123400156903228,0.5123400156903228,1,0.5123400156903228,0.5123400156903228,1
ours,9,21.0,0.9020411987687225,0.9020411987687225,1,0.9020411987687225,0.9020411987687225,1
ours,9,21.0,0.6848274800748411,0.6111923804951913,4,0.6328843880244246,0.5145371213899985,4
ours,9,21.0,0.4261792282831618,0.4261792282831618,1,0.4261792282831618,0.4261792282831618,1
ours,9,21.0,0.6640119704125407,0.6256542304864717,4,0.5545422175520752,0.5189862110848771,3
ours,9,21.0,0.7275708020089539,0.7275708020089539,1,0.7275708020089539,0.7275708020089539,1
ours,9,22.0,0.574696550320196,0.574696550320196,1,0.574696550320196,0.574696550320196,1
ours,9,22.0,0.3732870517271666,0.3732870517271666,1,0.3732870517271666,0.3732870517271666,1
ours,9,22.0,0.406234580513152,0.406234580513152,1,0.406234580513152,0.406234580513152,1
ours,9,22.0,0.6761276334624997,0.646743396129808,5,0.5816333415927165,0.45365542986145824,4
ours,9,22.0,0.6253800902711951,0.6253800902711951,1,0.6253800902711951,0.6253800902711951,1
ours,9,23.0,0.6442355134995188,0.49924368187112,2,0.6442355134995188,0.49924368187112,2
ours,9,23.0,0.733229493210267,0.6772316412926163,2,0.733229493210267,0.6772316412926163,2
ours,9,23.0,0.6137602429856754,0.6137602429856754,1,0.6137602429856754,0.6137602429856754,1
ours,9,23.0,0.6368885136660003,0.6167169498526923,3,0.6368885136660003,0.6167169498526923,3
ours,9,23.0,0.664135455611118,0.5961871090938698,3,0.6020448203911384,0.5961871090938698,3
ours,9,24.0,0.5906831621390594,0.5906831621390594,1,0.5906831621390594,0.5906831621390594,1
ours,9,24.0,0.6550533369971865,0.5649145482873892,5,0.5714019072128249,0.4691382906067234,5
ours,9,24.0,0.39561851861005026,0.39561851861005026,1,0.39561851861005026,0.39561851861005026,1
ours,9,24.0,0.622090059183097,0.5254817286328326,3,0.503846875403473,0.45316059671452547,3
ours,9,24.0,0.584325183027574,0.45316059671452547,2,0.5291900147479467,0.45316059671452547,2
ours,9,25.0,0.6928299837162498,0.6434941513718944,3,0.6928299837162498,0.6434941513718944,3
ours,9,25.0,0.683122200640746,0.5627876736759796,2,0.683122200640746,0.5627876736759796,2
ours,9,25.0,0.6501681427971405,0.6501681427971405,1,0.6501681427971405,0.6501681427971405,1
ours,9,25.0,0.7174978998884276,0.7174978998884276,1,0.7174978998884276,0.7174978998884276,1
ours,9,25.0,0.7727410399504809,0.7174978998884276,3,0.6306470280856484,0.6306470280856484,2
ours,9,26.0,0.7260279782098752,0.7044687358670988,3,0.6988073690132611,0.6638719308736803,3
ours,9,26.0,0.7162750880830515,0.6638719308736803,2,0.7162750880830515,0.6638719308736803,2
ours,9,26.0,0.6141269428924663,0.523316932314828,2,0.6138928340909634,0.523316932314828,2
ours,9,26.0,0.8907946314082326,0.8537090940769845,3,0.8907946314082326,0.8537090940769845,3
ours,9,26.0,0.9196991875920272,0.9142866800882479,2,0.9196991875920272,0.9142866800882479,2
ours,9,27.0,0.731147851641714,0.48027258673710405,4,0.5451100478296763,0.48027258673710405,3
ours,9,27.0,0.713922370246421,0.713922370246421,1,0.713922370246421,0.713922370246421,1
ours,9,27.0,0.7039141096094198,0.6924867303890647,2,0.7039141096094198,0.6924867303890647,2
ours,9,27.0,0.8101199275836611,0.6712184249370583,5,0.645901324544184,0.5775287783759623,4
ours,9,27.0,0.9075294301377719,0.9075294301377719,1,0.9075294301377719,0.9075294301377719,1
ours,9,28.0,0.6900170270420579,0.46766629320915454,3,0.6818025724548175,0.46766629320915454,3
ours,9,28.0,0.7765557561120983,0.7272824804192759,3,0.7659009749948723,0.7199615008293192,3
ours,9,28.0,0.7750008653570776,0.7009461422580235,3,0.7750008653570776,0.7009461422580235,3
ours,9,28.0,0.6900170270420577,0.46766629320915454,3,0.6818025724548176,0.46766629320915454,3
ours,9,28.0,0.7180920229946116,0.716222545159904,2,0.7180920229946116,0.716222545159904,2
ours,9,29.0,0.856583345542081,0.856583345542081,1,0.856583345542081,0.856583345542081,1
ours,9,29.0,0.6802392658345167,0.6483397940089148,2,0.6802392658345167,0.6483397940089148,2
ours,9,29.0,0.5432003058516708,0.5432003058516708,1,0.5432003058516708,0.5432003058516708,1
ours,9,29.0,0.6026499184526977,0.6026499184526977,1,0.6026499184526977,0.6026499184526977,1
ours,9,29.0,0.5842292226001943,0.5842292226001943,1,0.5842292226001943,0.5842292226001943,1
ours,9,30.0,0.5573269757234642,0.5573269757234642,1,0.5573269757234642,0.5573269757234642,1
ours,9,30.0,0.7591870117983226,0.6940278861260404,3,0.5096697179283626,0.3954893237874382,3
ours,9,30.0,0.7738413807070452,0.7537158977503551,2,0.7380305062102115,0.7380305062102115,2
ours,9,30.0,0.7727209717465602,0.7727209717465602,1,0.7727209717465602,0.7727209717465602,1
ours,9,30.0,0.6469770890935195,0.3954893237874382,3,0.5708078347415395,0.3954893237874382,3
ours,9,31.0,0.5927737572533914,0.5107206052722129,4,0.4824490651827631,0.4683132951380382,3
ours,9,31.0,0.6413991552778633,0.6060799634620376,3,0.49006026758872306,0.4320504196520657,3
ours,9,31.0,0.5107206052722129,0.5107206052722129,2,0.5107206052722129,0.5107206052722129,2
ours,9,31.0,0.7434953752675775,0.7434953752675775,1,0.7434953752675775,0.7434953752675775,1
ours,9,31.0,0.724172265737654,0.724172265737654,1,0.724172265737654,0.724172265737654,1
ours,9,32.0,0.6414643876894333,0.5620863834805484,2,0.6414643876894333,0.5620863834805484,2
ours,9,32.0,0.6547235122633854,0.5697739578351629,2,0.592318714327704,0.5697739578351629,2
ours,9,32.0,0.614863470820245,0.614863470820245,1,0.614863470820245,0.614863470820245,1
ours,9,32.0,0.6317848587142001,0.6196829533148234,2,0.5620863834805484,0.5620863834805484,2
ours,9,32.0,0.5620863834805484,0.5620863834805484,1,0.5620863834805484,0.5620863834805484,1
ours,9,33.0,0.5163280770826908,0.4944151529292543,2,0.513854620984598,0.4944151529292543,2
ours,9,33.0,0.5864394438854627,0.5794686980379667,2,0.5332940890399417,0.5332940890399417,2
ours,9,33.0,0.6471809368790851,0.5794686980379667,3,0.4663831522352536,0.4663831522352536,2
ours,9,33.0,0.612694311751168,0.5624074576359976,2,0.3979549870749044,0.3979549870749044,2
ours,9,33.0,0.5238859040478958,0.45436161836283295,2,0.4938278537013873,0.45436161836283295,2
ours,9,34.0,0.7145853630259273,0.7145853630259273,1,0.7145853630259273,0.7145853630259273,1
ours,9,34.0,0.5256570266304058,0.5256570266304058,1,0.5256570266304058,0.5256570266304058,1
ours,9,34.0,0.6728219947484418,0.584231155916953,4,0.625984887120541,0.5220102712749403,4
ours,9,34.0,0.6714672684339765,0.6714672684339765,2,0.6714672684339765,0.6714672684339765,2
ours,9,34.0,0.5393913550956575,0.5393913550956575,1,0.5393913550956575,0.5393913550956575,1
ours,9,35.0,0.5562633927144018,0.5562633927144018,1,0.5562633927144018,0.5562633927144018,1
ours,9,35.0,0.5617646721199332,0.5280805189989741,2,0.5617646721199332,0.5280805189989741,2
ours,9,35.0,0.5710362958225905,0.5710362958225905,1,0.5710362958225905,0.5710362958225905,1
ours,9,35.0,0.7371058998882082,0.699355931164694,3,0.5581393575308243,0.43096479035672597,3
ours,9,35.0,0.5959410888719683,0.5320865972805936,3,0.4174896855995943,0.4174896855995943,2
ours,9,36.0,0.42182677602878293,0.42182677602878293,1,0.42182677602878293,0.42182677602878293,1
ours,9,36.0,0.5252553942849539,0.5252553942849539,1,0.5252553942849539,0.5252553942849539,1
ours,9,36.0,0.7048548031630275,0.7048548031630275,1,0.7048548031630275,0.7048548031630275,1
ours,9,36.0,0.55634746570456,0.5117904286597077,2,0.5253386568751879,0.5117904286597077,2
ours,9,36.0,0.5117904286597077,0.5117904286597077,1,0.5117904286597077,0.5117904286597077,1
ours,9,37.0,0.5728399734258696,0.44860590535843237,2,0.5728399734258696,0.44860590535843237,2
ours,9,37.0,0.30435766222279026,0.30435766222279026,1,0.30435766222279026,0.30435766222279026,1
ours,9,37.0,0.45952334506665904,0.30435766222279026,2,0.45908483438438924,0.30435766222279026,2
ours,9,37.0,0.30435766222279026,0.30435766222279026,1,0.30435766222279026,0.30435766222279026,1
ours,9,37.0,0.4519256900589187,0.4229108932720329,2,0.4387051910903057,0.4229108932720329,2
ours,9,38.0,0.7447316183671546,0.544768930095222,5,0.5334456658589684,0.5013800428442503,3
ours,9,38.0,0.590774218688854,0.5839715254893036,2,0.590774218688854,0.5839715254893036,2
ours,9,38.0,0.5591175383771567,0.5591175383771567,2,0.4300845789931087,0.4300845789931087,2
ours,9,38.0,0.5549835483686437,0.5130118783655426,3,0.5549835483686437,0.5130118783655426,3
ours,9,38.0,0.5015064260756479,0.5015064260756479,1,0.5015064260756479,0.5015064260756479,1
ours,9,39.0,0.5442976146241789,0.42679029755723796,3,0.49695856070057526,0.3650745576196677,3
ours,9,39.0,0.4925918519410116,0.4925918519410116,1,0.4925918519410116,0.4925918519410116,1
ours,9,39.0,0.4076578077956423,0.4076578077956423,1,0.4076578077956423,0.4076578077956423,1
ours,9,39.0,0.8260480214991333,0.6410588509050721,3,0.7008927088837311,0.6410588509050721,2
ours,9,39.0,0.4076578077956423,0.4076578077956423,1,0.4076578077956423,0.4076578077956423,1
ours,9,40.0,0.5812762584922214,0.5457634630607926,4,0.48992229991127023,0.4139150282474273,4
ours,9,40.0,0.7495407575793438,0.4474731846423281,4,0.5092980980601924,0.4474731846423281,2
ours,9,40.0,0.7495407575793438,0.4474731846423281,4,0.5092980980601924,0.4474731846423281,2
ours,9,40.0,0.5571129783804455,0.43776082729403565,3,0.47130857886142935,0.4139150282474273,3
ours,9,40.0,0.499924619769868,0.499924619769868,1,0.499924619769868,0.499924619769868,1
ours,9,41.0,0.5278150182318863,0.42157028277396125,3,0.45974123897243363,0.42157028277396125,3
ours,9,41.0,0.42157028277396125,0.42157028277396125,1,0.42157028277396125,0.42157028277396125,1
ours,9,41.0,0.5939707310994018,0.5939707310994018,1,0.5939707310994018,0.5939707310994018,1
ours,9,41.0,0.5296053516297331,0.5296053516297331,1,0.5296053516297331,0.5296053516297331,1
ours,9,41.0,0.640386404957048,0.5955192443081126,3,0.5558951823489565,0.5360831513693785,3
ours,9,42.0,0.5948709807547841,0.4962870484670969,4,0.5948709807547841,0.4962870484670969,4
ours,9,42.0,0.5916748948102872,0.5132448231047502,3,0.4960033861974174,0.4170405342439024,3
ours,9,42.0,0.6539290901044472,0.6539290901044472,2,0.6539290901044472,0.6539290901044472,2
ours,9,42.0,0.6050524403886168,0.507299140956956,3,0.6050524403886168,0.507299140956956,3
ours,9,42.0,0.6365319934909257,0.609889067036279,3,0.5701522596568754,0.5502838559671738,3
ours,9,43.0,0.676132819496458,0.676132819496458,1,0.676132819496458,0.676132819496458,1
ours,9,43.0,0.840058286391739,0.840058286391739,1,0.840058286391739,0.840058286391739,1
ours,9,43.0,0.654179027220389,0.5612393976347141,3,0.654179027220389,0.5612393976347141,3
ours,9,43.0,0.6051272869390911,0.5520237102547261,3,0.43844243743036754,0.39152698547738596,3
ours,9,43.0,0.5612393976347141,0.5612393976347141,2,0.5612393976347141,0.5612393976347141,2
ours,9,44.0,0.623468182693423,0.4851941561907962,2,0.623468182693423,0.4851941561907962,2
ours,9,44.0,0.6984127277059712,0.6224982844125394,4,0.4988047531015214,0.4206505177655466,3
ours,9,44.0,0.5938566783692835,0.5938566783692835,1,0.5938566783692835,0.5938566783692835,1
ours,9,44.0,0.7591862758926858,0.5665904766532084,3,0.6966916316817692,0.5665904766532084,3
ours,9,44.0,0.8609844336751213,0.8609844336751213,1,0.8609844336751213,0.8609844336751213,1
ours,9,45.0,0.7539457155447151,0.7539457155447151,2,0.7539457155447151,0.7539457155447151,2
ours,9,45.0,0.7091832114776861,0.6023007199871974,4,0.522236290315047,0.5074989476845331,3
ours,9,45.0,0.6760368903588844,0.6368413247589668,3,0.6350722752487625,0.6341877504936605,3
ours,9,45.0,0.846788046589527,0.7539457155447151,5,0.6023007199871974,0.6023007199871974,2
ours,9,45.0,0.5748285353127998,0.5748285353127998,1,0.5748285353127998,0.5748285353127998,1
ours,9,46.0,0.48949329760168164,0.44180626327844275,2,0.48949329760168164,0.44180626327844275,2
ours,9,46.0,0.801189863847116,0.7690199799419253,4,0.6480069197623651,0.6252004121589717,3
ours,9,46.0,0.7978241400124411,0.6936199349691521,4,0.611249400684474,0.6055321699508208,3
ours,9,46.0,0.7433598987786569,0.6055321699508208,5,0.6401778720209983,0.6055321699508208,4
ours,9,46.0,0.644981322800122,0.644981322800122,1,0.644981322800122,0.644981322800122,1
ours,9,47.0,0.49219549759842496,0.49219549759842496,1,0.49219549759842496,0.49219549759842496,1
ours,9,47.0,0.700172349697623,0.6185895490928317,3,0.5613832179727232,0.49219549759842496,3
ours,9,47.0,0.6208645161802047,0.6208645161802047,2,0.6185895490928317,0.6185895490928317,2
ours,9,47.0,0.6952908120327012,0.6185895490928317,3,0.6495384436878996,0.6185895490928317,3
ours,9,47.0,0.7126803326203192,0.6643636378480748,3,0.6963390616106387,0.6643636378480748,3
ours,9,48.0,0.7404623873590614,0.7404623873590614,1,0.7404623873590614,0.7404623873590614,1
ours,9,48.0,0.5830598675342873,0.5830598675342873,1,0.5830598675342873,0.5830598675342873,1
ours,9,48.0,0.8094567026111822,0.7446637173846727,4,0.6707876888991108,0.6081657445085379,3
ours,9,48.0,0.8114146605231929,0.8114146605231929,1,0.8114146605231929,0.8114146605231929,1
ours,9,48.0,0.7198994078671512,0.7198994078671512,1,0.7198994078671512,0.7198994078671512,1
ours,9,49.0,0.832434587215692,0.7776887750199684,4,0.6516751071401313,0.5886682732002129,3
ours,9,49.0,0.5917206878774044,0.5708960787127152,2,0.5917206878774044,0.5708960787127152,2
ours,9,49.0,0.6709498210625975,0.5886682732002129,2,0.6709498210625975,0.5886682732002129,2
ours,9,49.0,0.8038248256965328,0.7051176155712994,4,0.7413651487198557,0.7051176155712994,3
ours,9,49.0,0.6380068471420073,0.5708960787127152,2,0.6380068471420073,0.5708960787127152,2
ours,9,50.0,0.7631923936631372,0.7271367266576869,2,0.7631923936631372,0.7271367266576869,2
ours,9,50.0,0.8004612465221209,0.7271367266576869,6,0.6869868313339397,0.6725658822178554,4
ours,9,50.0,0.7838279526928569,0.7838279526928569,1,0.7838279526928569,0.7838279526928569,1
ours,9,50.0,0.6974680718493832,0.6725658822178554,3,0.6906838118372636,0.6725658822178554,3
ours,9,50.0,0.6725658822178554,0.6725658822178554,2,0.6725658822178554,0.6725658822178554,2
ours,9,51.0,0.6427656717592368,0.6314216192183617,3,0.6427656717592368,0.6314216192183617,3
ours,9,51.0,0.704809526397064,0.704809526397064,2,0.5170405464386965,0.5170405464386965,2
ours,9,51.0,0.6304199836582134,0.6304199836582134,1,0.6304199836582134,0.6304199836582134,1
ours,9,51.0,0.5170405464386965,0.5170405464386965,1,0.5170405464386965,0.5170405464386965,1
ours,9,51.0,0.6487061522162646,0.6314216192183617,3,0.6307538621782628,0.6304199836582134,3
ours,9,52.0,0.7140299959165526,0.7140299959165526,1,0.7140299959165526,0.7140299959165526,1
ours,9,52.0,0.7908981767707031,0.7908981767707031,1,0.7908981767707031,0.7908981767707031,1
ours,9,52.0,0.7417369814371157,0.7251545080272331,2,0.7417369814371157,0.7251545080272331,2
ours,9,52.0,0.7750310147068672,0.6921863781995925,4,0.6755969206567202,0.5956294037693926,4
ours,9,52.0,0.7374857419348514,0.7270688854787781,3,0.6568191037203178,0.6060689281569775,3
ours,9,53.0,0.676787357885467,0.676787357885467,1,0.676787357885467,0.676787357885467,1
ours,9,53.0,0.7679725427722142,0.7095938096983879,3,0.6478515152580625,0.6351516777856391,3
ours,9,53.0,0.676787357885467,0.676787357885467,2,0.676787357885467,0.676787357885467,2
ours,9,53.0,0.5232258752807042,0.5232258752807042,1,0.5232258752807042,0.5232258752807042,1
ours,9,53.0,0.7646050527837647,0.6351516777856391,4,0.6460621316611816,0.6351516777856391,4
ours,9,54.0,0.6366312536503198,0.6366312536503198,1,0.6366312536503198,0.6366312536503198,1
ours,9,54.0,0.6340598294107409,0.5952687938878299,2,0.633720882307226,0.5952687938878299,2
ours,9,54.0,0.7024987759212417,0.6898337973399755,3,0.7024987759212417,0.6898337973399755,3
ours,9,54.0,0.672172970726622,0.672172970726622,1,0.672172970726622,0.672172970726622,1
ours,9,54.0,0.7298330657871841,0.5952687938878299,4,0.6228437670628232,0.5952687938878299,3
ours,9,55.0,0.6520887911631268,0.5949756314266496,2,0.6520887911631268,0.5949756314266496,2
ours,9,55.0,0.7092019508996039,0.7092019508996039,1,0.7092019508996039,0.7092019508996039,1
ours,9,55.0,0.6630806414419668,0.5718818078610847,2,0.6630806414419668,0.5718818078610847,2
ours,9,55.0,0.6742519579703413,0.6742519579703413,1,0.6742519579703413,0.6742519579703413,1
ours,9,55.0,0.7460471182657589,0.7092019508996039,4,0.5675323997591865,0.527361631779966,3
ours,9,56.0,0.9664400675999113,0.9664400675999113,1,0.9664400675999113,0.9664400675999113,1
ours,9,56.0,0.9798767833239361,0.9776476164587059,2,0.9745251895086392,0.9745251895086392,2
ours,9,56.0,0.9659951010119256,0.9659951010119256,1,0.9659951010119256,0.9659951010119256,1
ours,9,56.0,0.9795943492886912,0.9794411531965449,2,0.9745251895086392,0.9745251895086392,2
ours,9,56.0,0.9784741533862211,0.9784741533862211,1,0.9784741533862211,0.9784741533862211,1
ours,9,57.0,0.9813722547263448,0.9807001553413893,2,0.9813722547263448,0.9807001553413893,2
ours,9,57.0,0.9709148437314153,0.9709148437314153,1,0.9709148437314153,0.9709148437314153,1
ours,9,57.0,0.9720413905577668,0.9634676115020921,2,0.971627990836548,0.9634676115020921,2
ours,9,57.0,0.9774584094833655,0.9706558631750428,3,0.9774584094833655,0.9706558631750428,3
ours,9,57.0,0.9812685037259617,0.9808805785332922,3,0.9709148437314153,0.9709148437314153,2
ours,9,58.0,0.9782796586205086,0.9680667812983964,3,0.9757340815561713,0.9680667812983964,3
ours,9,58.0,0.9719711164418545,0.9680667812983964,2,0.9716989802788432,0.9680667812983964,2
ours,9,58.0,0.9839878094455402,0.9816065947039107,3,0.9788881106787746,0.9775288686662066,3
ours,9,58.0,0.9851784168163551,0.9851655998592189,2,0.9775288686662066,0.9775288686662066,2
ours,9,58.0,0.9745541861279858,0.9737771929966818,2,0.9745541861279858,0.9737771929966818,2
ours,9,59.0,0.9473315331209334,0.9473315331209334,1,0.9473315331209334,0.9473315331209334,1
ours,9,59.0,0.9749613570456647,0.9749613570456647,2,0.9748315344665909,0.9748315344665909,2
ours,9,59.0,0.9760195172526398,0.9749613570456647,2,0.9760195172526398,0.9749613570456647,2
ours,9,59.0,0.9660290264806604,0.9612396871295724,2,0.9660290264806604,0.9612396871295724,2
ours,9,59.0,0.9730542971048117,0.9712770597430327,2,0.9730542971048117,0.9712770597430327,2
ours,9,60.0,0.9755212390283258,0.9716505983533675,2,0.9755212390283258,0.9716505983533675,2
ours,9,60.0,0.9696308226068574,0.9627436065821988,2,0.9696308226068574,0.9627436065821988,2
ours,9,60.0,0.9809953982456097,0.9787472908422166,2,0.9341731647043949,0.9341731647043949,2
ours,9,60.0,0.9681477607862662,0.9681477607862662,1,0.9681477607862662,0.9681477607862662,1
ours,9,60.0,0.9748027787603838,0.9716505983533675,4,0.9543421267324282,0.9341731647043949,4
ours,21,1.0,0.9095703583837329,0.8921314585216487,3,0.9095703583837329,0.8921314585216487,3
ours,21,1.0,0.8633447215302384,0.8307584936092848,2,0.7996350451118464,0.7996350451118464,2
ours,21,1.0,0.9054024125944882,0.8307584936092848,4,0.9005155679296708,0.8307584936092848,4
ours,21,1.0,0.8988581397387594,0.8959309494511921,2,0.7996350451118464,0.7996350451118464,2
ours,21,1.0,0.9562539675770516,0.9562539675770516,1,0.9562539675770516,0.9562539675770516,1
ours,21,2.0,0.7863515387797347,0.7863515387797347,1,0.7863515387797347,0.7863515387797347,1
ours,21,2.0,0.9295156830818524,0.9266736924609307,3,0.9295156830818524,0.9266736924609307,3
ours,21,2.0,0.9416314117944589,0.9416314117944589,1,0.9416314117944589,0.9416314117944589,1
ours,21,2.0,0.9164367444238096,0.9016859057266698,2,0.844244427952239,0.844244427952239,2
ours,21,2.0,0.9115197981914297,0.9016859057266698,3,0.8633915872103826,0.844244427952239,3
ours,21,3.0,0.9243333300290125,0.8872913077838092,3,0.9243333300290125,0.8872913077838092,3
ours,21,3.0,0.8698529177266132,0.8237500010546545,2,0.8698529177266132,0.8237500010546545,2
ours,21,3.0,0.8418332335484158,0.8113032703459736,2,0.8418332335484158,0.8113032703459736,2
ours,21,3.0,0.867401245371851,0.7873691843828537,3,0.867401245371851,0.7873691843828537,3
ours,21,3.0,0.8544029182096247,0.7914738507598258,4,0.8544029182096247,0.7914738507598258,4
ours,21,4.0,0.7346888038911586,0.6497267030474564,3,0.7346888038911586,0.6497267030474564,3
ours,21,4.0,0.8651395356918684,0.8457187852851882,3,0.8651395356918684,0.8457187852851882,3
ours,21,4.0,0.913991546078105,0.9060010760922396,4,0.83793287531872,0.8006080563657344,3
ours,21,4.0,0.6497267030474564,0.6497267030474564,1,0.6497267030474564,0.6497267030474564,1
ours,21,4.0,0.7098537485135958,0.6497267030474564,2,0.7098537485135958,0.6497267030474564,2
ours,21,5.0,0.7706613878163573,0.7706613878163573,2,0.7706613878163573,0.7706613878163573,2
ours,21,5.0,0.808651911399735,0.7492828345820475,3,0.7751948323992148,0.7492828345820475,3
ours,21,5.0,0.9200766823650988,0.9086070108273204,5,0.8637975380956087,0.8164742458202054,5
ours,21,5.0,0.8660512737437862,0.7706613878163573,5,0.8111840225595772,0.7598274167953915,4
ours,21,5.0,0.8279537634829917,0.8279537634829917,1,0.8279537634829917,0.8279537634829917,1
ours,21,6.0,0.8748768972103843,0.8594487435651136,3,0.8748768972103843,0.8594487435651136,3
ours,21,6.0,0.8610090440471848,0.8328610505221655,4,0.8254359392997319,0.7553420202807593,4
ours,21,6.0,0.871841825929729,0.8328610505221655,4,0.7525103707655615,0.7291478956026266,3
ours,21,6.0,0.892367221932037,0.8568956605594819,5,0.8684176152370864,0.8013977917970708,5
ours,21,6.0,0.8712991827964964,0.8328610505221655,5,0.7647322260234388,0.7291478956026266,4
ours,21,7.0,0.8435856185256106,0.8099498816610746,5,0.7387819046746781,0.6992180212810613,3
ours,21,7.0,0.7420201157895351,0.5087916041659113,3,0.7420201157895351,0.5087916041659113,3
ours,21,7.0,0.8982142565714912,0.8586343716013471,2,0.8441248816803473,0.8441248816803473,2
ours,21,7.0,0.9307714601201856,0.9307714601201856,1,0.9307714601201856,0.9307714601201856,1
ours,21,7.0,0.8436802789050183,0.8436802789050183,1,0.8436802789050183,0.8436802789050183,1
ours,21,8.0,0.8001160560058406,0.8001160560058406,1,0.8001160560058406,0.8001160560058406,1
ours,21,8.0,0.8718928646730043,0.8364495375756846,3,0.8402095196763119,0.8364495375756846,3
ours,21,8.0,0.798366990519354,0.7621858179167229,2,0.7756957903842769,0.7621858179167229,2
ours,21,8.0,0.784190860391716,0.733833557661447,2,0.7724003135908796,0.733833557661447,2
ours,21,8.0,0.8124265935743956,0.7389539390637823,3,0.7773707713689865,0.7389539390637823,3
ours,21,9.0,0.8861043016924319,0.8788231600897431,2,0.8861043016924319,0.8788231600897431,2
ours,21,9.0,0.7364253652235979,0.7364253652235979,1,0.7364253652235979,0.7364253652235979,1
ours,21,9.0,0.8598542347759729,0.8595384503289201,4,0.8398639482028877,0.8195578771827497,4
ours,21,9.0,0.7625334304146333,0.736354060608587,2,0.6869657751053503,0.6869657751053503,2
ours,21,9.0,0.7053048648430257,0.7053048648430257,2,0.6622321105400342,0.6622321105400342,2
ours,21,10.0,0.7521294708854143,0.691715165639245,2,0.7521294708854143,0.691715165639245,2
ours,21,10.0,0.8519698696530295,0.8278624216303914,2,0.8519698696530295,0.8278624216303914,2
ours,21,10.0,0.7496429931212413,0.6762864163262672,3,0.7496429931212413,0.6762864163262672,3
ours,21,10.0,0.6131367235362589,0.6131367235362589,1,0.6131367235362589,0.6131367235362589,1
ours,21,10.0,0.8275486932149952,0.7935227802427998,3,0.7153652042984447,0.6762864163262672,3
ours,21,11.0,0.6400902730269604,0.6400902730269604,2,0.5613820896694097,0.5613820896694097,2
ours,21,11.0,0.765985844225131,0.765985844225131,2,0.765985844225131,0.765985844225131,2
ours,21,11.0,0.5613820896694097,0.5613820896694097,1,0.5613820896694097,0.5613820896694097,1
ours,21,11.0,0.8355825023770883,0.779688393653251,4,0.8355825023770883,0.779688393653251,4
ours,21,11.0,0.7157180951876221,0.7157180951876221,1,0.7157180951876221,0.7157180951876221,1
ours,21,12.0,0.6900445402063439,0.6474216102232437,3,0.5938852474448408,0.5462853711355957,3
ours,21,12.0,0.759365884817565,0.7252925421003558,3,0.6056294877496621,0.6056294877496621,2
ours,21,12.0,0.7875142196477891,0.6474216102232437,3,0.735529039513927,0.6474216102232437,3
ours,21,12.0,0.7252925421003558,0.7252925421003558,2,0.689085000063331,0.689085000063331,2
ours,21,12.0,0.807514641325061,0.7300463578682157,3,0.7314439205029778,0.6995370314576255,3
ours,21,13.0,0.6924898394606696,0.6924898394606696,2,0.6924898394606696,0.6924898394606696,2
ours,21,13.0,0.6437935995240304,0.6012896660544158,2,0.6437935995240304,0.6012896660544158,2
ours,21,13.0,0.7304521611594231,0.651995666789729,3,0.5136721750898234,0.5136721750898234,2
ours,21,13.0,0.8277121908016266,0.8024377683164841,3,0.6339749864256882,0.60284327576734,3
ours,21,13.0,0.6893936862271572,0.6862975329936449,2,0.6893936862271572,0.6862975329936449,2
ours,21,14.0,0.4698418068112433,0.4698418068112433,1,0.4698418068112433,0.4698418068112433,1
ours,21,14.0,0.6730265599320313,0.6730265599320313,1,0.6730265599320313,0.6730265599320313,1
ours,21,14.0,0.7670248445426364,0.6914837225704074,5,0.592409826176803,0.4717658207242985,3
ours,21,14.0,0.6555450261701152,0.5848295758351848,2,0.6555450261701152,0.5848295758351848,2
ours,21,14.0,0.4083353443604256,0.4083353443604256,1,0.4083353443604256,0.4083353443604256,1
ours,21,15.0,0.774073056556826,0.7578871431032328,3,0.774073056556826,0.7578871431032328,3
ours,21,15.0,0.6772249529085477,0.6772249529085477,1,0.6772249529085477,0.6772249529085477,1
ours,21,15.0,0.6437278280412144,0.6102307031738812,2,0.6437278280412144,0.6102307031738812,2
ours,21,15.0,0.7145328695700208,0.6438266012712596,2,0.6657857804133971,0.6438266012712596,2
ours,21,15.0,0.6270286522225703,0.6102307031738812,2,0.6270286522225703,0.6102307031738812,2
ours,21,16.0,0.6116144260411479,0.5970787292587705,2,0.6116144260411479,0.5970787292587705,2
ours,21,16.0,0.49162838993677965,0.3861780506147888,2,0.49162838993677965,0.3861780506147888,2
ours,21,16.0,0.5786500070846354,0.490663704038514,2,0.5584069134310197,0.490663704038514,2
ours,21,16.0,0.7128130806383312,0.5796237790755394,4,0.45913333446360083,0.44336814967614424,3
ours,21,16.0,0.6733930040776342,0.656498827379522,3,0.490663704038514,0.490663704038514,2
ours,21,17.0,0.8224226673939534,0.7438640279380111,4,0.5404249752017761,0.46240788441102953,4
ours,21,17.0,0.7386109922056725,0.5915459216823091,4,0.609238437136385,0.46240788441102953,3
ours,21,17.0,0.6405462559318167,0.46240788441102953,3,0.5826140726112755,0.46240788441102953,3
ours,21,17.0,0.4791971883121937,0.4791971883121937,1,0.4791971883121937,0.4791971883121937,1
ours,21,17.0,0.6360434852309906,0.5915459216823091,2,0.46240788441102953,0.46240788441102953,2
ours,21,18.0,0.6615539816222425,0.6440788662932633,3,0.6615539816222425,0.6440788662932633,3
ours,21,18.0,0.70343898869569,0.4344477521849345,3,0.561038714550463,0.4344477521849345,2
ours,21,18.0,0.6787641968757232,0.6787641968757232,1,0.6787641968757232,0.6787641968757232,1
ours,21,18.0,0.6611396379573208,0.6428358352984982,3,0.6611396379573208,0.6428358352984982,3
ours,21,18.0,0.6919900933989823,0.6346062420015292,3,0.6512578640141543,0.6346062420015292,3
ours,21,19.0,0.6775416149891741,0.6078460606959668,3,0.49767668763077466,0.49767668763077466,2
ours,21,19.0,0.6875542554708979,0.6875542554708979,1,0.6875542554708979,0.6875542554708979,1
ours,21,19.0,0.6184998907117236,0.5717959387790279,3,0.6000670519281142,0.5717959387790279,3
ours,21,19.0,0.48695533927293744,0.48695533927293744,1,0.48695533927293744,0.48695533927293744,1
ours,21,19.0,0.6566092782262867,0.6566092782262867,2,0.6566092782262867,0.6566092782262867,2
ours,21,20.0,0.6105585858878247,0.5027623918825559,2,0.6105585858878247,0.5027623918825559,2
ours,21,20.0,0.5450168197881977,0.5450168197881977,1,0.5450168197881977,0.5450168197881977,1
ours,21,20.0,0.47501669276513314,0.47501669276513314,1,0.47501669276513314,0.47501669276513314,1
ours,21,20.0,0.5364351691747185,0.5364351691747185,1,0.5364351691747185,0.5364351691747185,1
ours,21,20.0,0.6831885971433783,0.5450168197881977,3,0.6655433176894706,0.5450168197881977,3
ours,21,21.0,0.7180804484149081,0.5837994344713882,4,0.7149935657988401,0.5837994344713882,4
ours,21,21.0,0.6648516316441073,0.6648516316441073,2,0.4844107665732921,0.4844107665732921,2
ours,21,21.0,0.686079509364229,0.6648516316441073,3,0.6778478223880474,0.652504101179835,3
ours,21,21.0,0.7878618477112234,0.7466741818284482,2,0.7878618477112234,0.7466741818284482,2
ours,21,21.0,0.8267376632986883,0.8267376632986883,1,0.8267376632986883,0.8267376632986883,1
ours,21,22.0,0.6426613982433106,0.6426613982433106,1,0.6426613982433106,0.6426613982433106,1
ours,21,22.0,0.6077119735949823,0.5700866106051036,2,0.6077119735949823,0.5700866106051036,2
ours,21,22.0,0.7185644524649425,0.6757023507441295,4,0.4680646266147182,0.4170536346195255,3
ours,21,22.0,0.5696636417287073,0.5696636417287073,1,0.5696636417287073,0.5696636417287073,1
ours,21,22.0,0.7614265541857553,0.7614265541857553,1,0.7614265541857553,0.7614265541857553,1
ours,21,23.0,0.7020418433117621,0.7020418433117621,1,0.7020418433117621,0.7020418433117621,1
ours,21,23.0,0.7090111151953487,0.5627861939245185,3,0.5574659645296599,0.5548058498322307,3
ours,21,23.0,0.5819464560303007,0.5548058498322307,2,0.5819464560303007,0.5548058498322307,2
ours,21,23.0,0.7020418433117621,0.7020418433117621,1,0.7020418433117621,0.7020418433117621,1
ours,21,23.0,0.6638216265492116,0.6090870622283706,2,0.6638216265492116,0.6090870622283706,2
ours,21,24.0,0.7818315934856491,0.7818315934856491,2,0.7818315934856491,0.7818315934856491,2
ours,21,24.0,0.644118299646289,0.644118299646289,2,0.644118299646289,0.644118299646289,2
ours,21,24.0,0.7818315934856491,0.7818315934856491,2,0.7818315934856491,0.7818315934856491,2
ours,21,24.0,0.925752989179915,0.925752989179915,1,0.925752989179915,0.925752989179915,1
ours,21,24.0,0.7818315934856491,0.7818315934856491,2,0.7818315934856491,0.7818315934856491,2
ours,21,25.0,0.780534075411657,0.7527897489886224,2,0.780534075411657,0.7527897489886224,2
ours,21,25.0,0.6775567700108062,0.6775567700108062,1,0.6775567700108062,0.6775567700108062,1
ours,21,25.0,0.6122269328089598,0.6122269328089598,1,0.6122269328089598,0.6122269328089598,1
ours,21,25.0,0.6122269328089598,0.6122269328089598,2,0.6122269328089598,0.6122269328089598,2
ours,21,25.0,0.8192385038010064,0.8055902732308206,2,0.43421402745852045,0.43421402745852045,2
ours,21,26.0,0.6747685599121132,0.6653815310653867,4,0.6005801097305532,0.44800021577083404,4
ours,21,26.0,0.7304169184041227,0.6152629417519615,7,0.5507916461628681,0.44800021577083404,4
ours,21,26.0,0.8147064381884448,0.6998127376289365,7,0.7023019299111593,0.6535830765549023,5
ours,21,26.0,0.6701057826300879,0.6152629417519615,5,0.5507916461628681,0.44800021577083404,4
ours,21,26.0,0.6467454591353909,0.6152629417519615,4,0.5297681101966311,0.44800021577083404,4
ours,21,27.0,0.7683880613302874,0.7658627366409494,3,0.7683880613302874,0.7658627366409494,3
ours,21,27.0,0.782723297178713,0.7658627366409494,4,0.7575753166521206,0.7417119225952777,4
ours,21,27.0,0.7696507236749565,0.7658627366409494,2,0.7696507236749565,0.7658627366409494,2
ours,21,27.0,0.6550373814946849,0.5996247039215528,3,0.6525649849343453,0.5996247039215528,3
ours,21,27.0,0.7555736263908621,0.6712012453879834,5,0.6234835510770297,0.5996247039215528,3
ours,21,28.0,0.8569922802294956,0.8149742599478752,4,0.5867008957426902,0.5182279054063835,4
ours,21,28.0,0.5829495893435737,0.5628373171807017,3,0.5829495893435737,0.5628373171807017,3
ours,21,28.0,0.5930057254250097,0.5930057254250097,1,0.5930057254250097,0.5930057254250097,1
ours,21,28.0,0.6433519232554844,0.5930057254250097,4,0.5556168154156966,0.5182279054063835,4
ours,21,28.0,0.720709506644176,0.690527798134355,2,0.7200775702787974,0.690527798134355,2
ours,21,29.0,0.6149418645309813,0.6149418645309813,1,0.6149418645309813,0.6149418645309813,1
ours,21,29.0,0.7343385495049964,0.5803658478093054,4,0.6430115245621396,0.5803658478093054,4
ours,21,29.0,0.8082825784262233,0.753761214983976,7,0.6430115245621396,0.5803658478093054,4
ours,21,29.0,0.803574739722225,0.753761214983976,3,0.7775135784255521,0.753761214983976,3
ours,21,29.0,0.5803658478093054,0.5803658478093054,2,0.5803658478093054,0.5803658478093054,2
ours,21,30.0,0.7652706697356391,0.7652706697356391,2,0.7652706697356391,0.7652706697356391,2
ours,21,30.0,0.7692824557042234,0.7378032462690371,2,0.7692824557042234,0.7378032462690371,2
ours,21,30.0,0.8219139477683214,0.8007616651394096,2,0.8219139477683214,0.8007616651394096,2
ours,21,30.0,0.568373258004716,0.568373258004716,1,0.568373258004716,0.568373258004716,1
ours,21,30.0,0.765174866782631,0.765174866782631,1,0.765174866782631,0.765174866782631,1
ours,21,31.0,0.8244648372047854,0.8124376038448242,2,0.8244648372047854,0.8124376038448242,2
ours,21,31.0,0.8859779639513208,0.8859779639513208,1,0.8859779639513208,0.8859779639513208,1
ours,21,31.0,0.8025975394956557,0.767685091934465,4,0.5999426195404861,0.5150534668513966,3
ours,21,31.0,0.8837866685202377,0.8837866685202377,1,0.8837866685202377,0.8837866685202377,1
ours,21,31.0,0.7719251723292595,0.6728849232834493,2,0.7202850076089571,0.6728849232834493,2
ours,21,32.0,0.7680896506037974,0.7309203827328506,2,0.7680896506037974,0.7309203827328506,2
ours,21,32.0,0.7835097741288952,0.7442072669415636,4,0.7768663320245388,0.7309203827328506,4
ours,21,32.0,0.7191204614991079,0.6821562557146135,3,0.7191204614991079,0.6821562557146135,3
ours,21,32.0,0.7442072669415636,0.7442072669415636,1,0.7442072669415636,0.7442072669415636,1
ours,21,32.0,0.7309203827328506,0.7309203827328506,1,0.7309203827328506,0.7309203827328506,1
ours,21,33.0,0.7820205892509258,0.7612426410573117,2,0.7627432653273006,0.7612426410573117,2
ours,21,33.0,0.8070398648770354,0.8003881008985536,4,0.7702412103077048,0.7400943197168559,4
ours,21,33.0,0.7545914736684769,0.7545914736684769,1,0.7545914736684769,0.7545914736684769,1
ours,21,33.0,0.7642438895972896,0.7642438895972896,1,0.7642438895972896,0.7642438895972896,1
ours,21,33.0,0.8422652006213445,0.8422652006213445,1,0.8422652006213445,0.8422652006213445,1
ours,21,34.0,0.8052773334338068,0.7878436955537478,5,0.7113343228899964,0.6582725416263591,4
ours,21,34.0,0.6937701292412404,0.6582725416263591,2,0.6937701292412404,0.6582725416263591,2
ours,21,34.0,0.6693145582206592,0.6693145582206592,1,0.6693145582206592,0.6693145582206592,1
ours,21,34.0,0.7878436955537478,0.7878436955537478,1,0.7878436955537478,0.7878436955537478,1
ours,21,34.0,0.7419177579370364,0.7419177579370364,2,0.7419177579370364,0.7419177579370364,2
ours,21,35.0,0.7299833928599887,0.7299833928599887,1,0.7299833928599887,0.7299833928599887,1
ours,21,35.0,0.7007317779479985,0.6714801630360081,2,0.7007317779479985,0.6714801630360081,2
ours,21,35.0,0.7539051843485755,0.687395627266092,3,0.7539051843485755,0.687395627266092,3
ours,21,35.0,0.7729951301855957,0.7729951301855957,1,0.7729951301855957,0.7729951301855957,1
ours,21,35.0,0.6989160748017323,0.6989160748017323,1,0.6989160748017323,0.6989160748017323,1
ours,21,36.0,0.7419295831093276,0.7149121285873599,2,0.7419295831093276,0.7149121285873599,2
ours,21,36.0,0.8158185704970765,0.7689470376312952,4,0.7588403003482828,0.7329761632251575,3
ours,21,36.0,0.7815565754793172,0.7329761632251575,2,0.7815565754793172,0.7329761632251575,2
ours,21,36.0,0.6453326406880731,0.6453326406880731,1,0.6453326406880731,0.6453326406880731,1
ours,21,36.0,0.7341662177938983,0.7341662177938983,1,0.7341662177938983,0.7341662177938983,1
ours,21,37.0,0.7485208322370053,0.7462363972618079,3,0.7290384699310817,0.7187261800343203,3
ours,21,37.0,0.8161230230909434,0.8125618522210469,3,0.7535659082997923,0.7187261800343203,3
ours,21,37.0,0.7187261800343203,0.7187261800343203,1,0.7187261800343203,0.7187261800343203,1
ours,21,37.0,0.7804125092106311,0.7187261800343203,3,0.7804125092106311,0.7187261800343203,3
ours,21,37.0,0.7706293172234183,0.7496630497246041,3,0.7290384699310816,0.7187261800343203,3
ours,21,38.0,0.7384407569117806,0.6976174061191306,2,0.7384407569117806,0.6976174061191306,2
ours,21,38.0,0.7895038308963578,0.7792641077044307,3,0.7110531091967215,0.6769476099428668,3
ours,21,38.0,0.6769476099428668,0.6769476099428668,2,0.6769476099428668,0.6769476099428668,2
ours,21,38.0,0.7824092322560655,0.7675345791729952,3,0.6769476099428668,0.6769476099428668,2
ours,21,38.0,0.7881027135577076,0.7664857842923327,4,0.7881027135577076,0.7664857842923327,4
ours,21,39.0,0.8253878550951056,0.7870569322116228,4,0.7002676551958548,0.630869536775548,3
ours,21,39.0,0.8052957901059381,0.7481803408527562,4,0.7816130381357014,0.7481803408527562,4
ours,21,39.0,0.7811628402766466,0.7811628402766466,1,0.7811628402766466,0.7811628402766466,1
ours,21,39.0,0.823937583160106,0.7811628402766466,4,0.7064373568218687,0.630869536775548,3
ours,21,39.0,0.7535909405411969,0.7535909405411969,1,0.7535909405411969,0.7535909405411969,1
ours,21,40.0,0.7559639985626814,0.6363945215631883,4,0.7503338243878532,0.6363945215631883,4
ours,21,40.0,0.7705889608655673,0.6091523481390558,3,0.7282161707166442,0.6091523481390558,3
ours,21,40.0,0.7908884737744161,0.7903627080142592,2,0.7908884737744161,0.7903627080142592,2
ours,21,40.0,0.8378913723875763,0.8378913723875763,1,0.8378913723875763,0.8378913723875763,1
ours,21,40.0,0.7636385525954705,0.7636385525954705,1,0.7636385525954705,0.7636385525954705,1
ours,21,41.0,0.8479020084214353,0.8479020084214353,1,0.8479020084214353,0.8479020084214353,1
ours,21,41.0,0.8525492588545304,0.8479020084214353,3,0.8525492588545304,0.8479020084214353,3
ours,21,41.0,0.7739383729080616,0.7739383729080616,1,0.7739383729080616,0.7739383729080616,1
ours,21,41.0,0.7386278497326872,0.7386278497326872,2,0.7386278497326872,0.7386278497326872,2
ours,21,41.0,0.7696255389563049,0.7386278497326872,4,0.6429390017502409,0.5479920113379757,3
ours,21,42.0,0.7292793304895799,0.6937478818199917,2,0.7292793304895799,0.6937478818199917,2
ours,21,42.0,0.8352930993411611,0.8038541434444293,5,0.7603702840234944,0.6988494957010497,4
ours,21,42.0,0.800336626530877,0.7648107791591681,5,0.7511758506322166,0.6988494957010497,5
ours,21,42.0,0.8527094820082951,0.8418739110005695,3,0.8527094820082951,0.8418739110005695,3
ours,21,42.0,0.7784883816066037,0.6988494957010497,2,0.7784883816066037,0.6988494957010497,2
ours,21,43.0,0.6795054043125726,0.6506494278118444,3,0.6120095796171615,0.59268965551982,3
ours,21,43.0,0.6853484968226505,0.6853484968226505,1,0.6853484968226505,0.6853484968226505,1
ours,21,43.0,0.8273045445659404,0.8194723113815383,4,0.6706468738543547,0.6632960623702069,3
ours,21,43.0,0.6830743687034498,0.6830743687034498,1,0.6830743687034498,0.6830743687034498,1
ours,21,43.0,0.8335077042725398,0.8194723113815383,4,0.6706468738543547,0.6632960623702069,3
ours,21,44.0,0.7572308808955595,0.7289552275533387,4,0.6491415336554055,0.556441431045354,4
ours,21,44.0,0.7485236547065881,0.7289552275533387,3,0.7261493270911533,0.7247463768600608,3
ours,21,44.0,0.7778943990225876,0.7247463768600608,3,0.752790579715724,0.7247463768600608,3
ours,21,44.0,0.7572308808955593,0.7289552275533387,4,0.6442283605946167,0.556441431045354,4
ours,21,44.0,0.6860551470369544,0.6002549860041856,3,0.6860551470369544,0.6002549860041856,3
ours,21,45.0,0.5376317156018686,0.5376317156018686,1,0.5376317156018686,0.5376317156018686,1
ours,21,45.0,0.8449196083521592,0.8239934625053792,3,0.8449196083521592,0.8239934625053792,3
ours,21,45.0,0.6975103013594557,0.6975103013594557,1,0.6975103013594557,0.6975103013594557,1
ours,21,45.0,0.8329429554132797,0.8329429554132797,1,0.8329429554132797,0.8329429554132797,1
ours,21,45.0,0.6939313623521624,0.6939313623521624,2,0.6939313623521624,0.6939313623521624,2
ours,21,46.0,0.7531575810201,0.6977669498008506,3,0.56939171560976,0.4221181516853406,3
ours,21,46.0,0.8154255281113985,0.8154255281113985,1,0.8154255281113985,0.8154255281113985,1
ours,21,46.0,0.7738064171723427,0.7212625994209643,2,0.4221181516853406,0.4221181516853406,2
ours,21,46.0,0.6844000558856769,0.536798192546267,2,0.4221181516853406,0.4221181516853406,2
ours,21,46.0,0.6270600354552137,0.4221181516853406,2,0.6270600354552137,0.4221181516853406,2
ours,21,47.0,0.8112840808774594,0.7823685139517871,5,0.5905006123191128,0.5199559854714852,4
ours,21,47.0,0.7524107768358886,0.7296847236938608,2,0.7524107768358886,0.7296847236938608,2
ours,21,47.0,0.7340433496474349,0.7296847236938608,3,0.7340433496474349,0.7296847236938608,3
ours,21,47.0,0.8042035043884811,0.7751368299779164,3,0.5980219487594739,0.5199559854714852,3
ours,21,47.0,0.5199559854714852,0.5199559854714852,1,0.5199559854714852,0.5199559854714852,1
ours,21,48.0,0.8323276785853334,0.822878960697722,4,0.678227655522171,0.6503739205555378,3
ours,21,48.0,0.7823749071029823,0.6503739205555378,3,0.48668502269781655,0.48668502269781655,2
ours,21,48.0,0.6634430633691465,0.6634430633691465,1,0.6634430633691465,0.6634430633691465,1
ours,21,48.0,0.6386367803059645,0.6386367803059645,2,0.6386367803059645,0.6386367803059645,2
ours,21,48.0,0.7414252299840598,0.6863034148475873,3,0.48668502269781655,0.48668502269781655,2
ours,21,49.0,0.8823407244106887,0.8823407244106887,1,0.8823407244106887,0.8823407244106887,1
ours,21,49.0,0.8270668234193221,0.748700454142134,5,0.584070194416654,0.5681096483905095,3
ours,21,49.0,0.73469883349424,0.6068816629698763,2,0.5681096483905095,0.5681096483905095,2
ours,21,49.0,0.7071664729172124,0.7071664729172124,2,0.5681096483905095,0.5681096483905095,2
ours,21,49.0,0.6166992634844448,0.5978680092549779,2,0.5681096483905095,0.5681096483905095,2
ours,21,50.0,0.48939104387332355,0.48939104387332355,1,0.48939104387332355,0.48939104387332355,1
ours,21,50.0,0.7638193262565809,0.7638193262565809,1,0.7638193262565809,0.7638193262565809,1
ours,21,50.0,0.675673244828551,0.6365030202395638,3,0.5384283693287369,0.48939104387332355,3
ours,21,50.0,0.7287139129528787,0.6616295181766108,4,0.5189544286004624,0.48939104387332355,3
ours,21,50.0,0.6375250597667068,0.5994203714410792,3,0.46979593499335404,0.46979593499335404,2
ours,21,51.0,0.7431322917224608,0.6674874034744143,4,0.5757051252417812,0.5298139861254647,3
ours,21,51.0,0.5959848334571256,0.4779559886090815,2,0.54228767219003,0.4779559886090815,2
ours,21,51.0,0.5802080608714648,0.5802080608714648,2,0.5802080608714648,0.5802080608714648,2
ours,21,51.0,0.46381267788336134,0.46381267788336134,1,0.46381267788336134,0.46381267788336134,1
ours,21,51.0,0.7027850894613415,0.6674874034744143,2,0.6066193557709785,0.6066193557709785,2
ours,21,52.0,0.7924429873027795,0.7752797568336214,3,0.5426497577747499,0.45341754783349253,3
ours,21,52.0,0.7480177745708749,0.5594902675728167,3,0.5690731342364395,0.5594902675728167,3
ours,21,52.0,0.7958758752999394,0.7263502121825184,4,0.5281901863737948,0.45341754783349253,3
ours,21,52.0,0.7846635209360522,0.7519413577334391,3,0.5426497577747499,0.45341754783349253,3
ours,21,52.0,0.5923552586808334,0.45341754783349253,3,0.5596962698526909,0.45341754783349253,3
ours,21,53.0,0.6510114191236085,0.6061949599112226,2,0.5103509405308575,0.5103509405308575,2
ours,21,53.0,0.5178465892908704,0.5178465892908704,1,0.5178465892908704,0.5178465892908704,1
ours,21,53.0,0.6674631608435811,0.6495945241899184,3,0.6674631608435811,0.6495945241899184,3
ours,21,53.0,0.7165565568265958,0.6326449812185206,3,0.6898978074240557,0.6326449812185206,3
ours,21,53.0,0.7585123446306333,0.7585123446306333,1,0.7585123446306333,0.7585123446306333,1
ours,21,54.0,0.6901840827910805,0.6228759347105819,3,0.6597440107494399,0.6228759347105819,3
ours,21,54.0,0.6632202801761137,0.5860529827511185,3,0.5859701868877457,0.5816155649761691,3
ours,21,54.0,0.6991064506134649,0.6496430381777355,3,0.6686663785718244,0.6496430381777355,3
ours,21,54.0,0.6321155157599936,0.5860529827511185,2,0.5816155649761691,0.5816155649761691,2
ours,21,54.0,0.6474356404535114,0.5946794307108989,3,0.5859701868877457,0.5816155649761691,3
ours,21,55.0,0.5649955981334699,0.5649955981334699,2,0.4165755432871916,0.4165755432871916,2
ours,21,55.0,0.5950492022304471,0.46088655265182465,3,0.37105742381001705,0.37105742381001705,2
ours,21,55.0,0.5525271760951178,0.5198122482386204,2,0.37105742381001705,0.37105742381001705,2
ours,21,55.0,0.6921972409834038,0.6921972409834038,1,0.6921972409834038,0.6921972409834038,1
ours,21,55.0,0.6197442397225278,0.5198122482386204,3,0.5579752019183655,0.5098854862644749,3
ours,21,56.0,0.9694007421682939,0.9694007421682939,1,0.9694007421682939,0.9694007421682939,1
ours,21,56.0,0.9675637738883854,0.9675637738883854,1,0.9675637738883854,0.9675637738883854,1
ours,21,56.0,0.9651275110145557,0.9407068694134451,3,0.9593195404501053,0.9407068694134451,3
ours,21,56.0,0.9568248799560994,0.9568248799560994,1,0.9568248799560994,0.9568248799560994,1
ours,21,56.0,0.9768935477228592,0.9685526309164096,3,0.9730093497936947,0.9685526309164096,3
ours,21,57.0,0.9769177281802237,0.9769177281802237,1,0.9769177281802237,0.9769177281802237,1
ours,21,57.0,0.9552461205362028,0.9552461205362028,1,0.9552461205362028,0.9552461205362028,1
ours,21,57.0,0.9769177281802237,0.9769177281802237,2,0.9595107228831863,0.9595107228831863,2
ours,21,57.0,0.9617826695495185,0.9617826695495185,1,0.9617826695495185,0.9617826695495185,1
ours,21,57.0,0.9684178656244602,0.9593995289382143,2,0.9684178656244602,0.9593995289382143,2
ours,21,58.0,0.9680399996878404,0.9649952257237456,2,0.9582193589902952,0.9582193589902952,2
ours,21,58.0,0.9645823447642126,0.9601823249980244,2,0.9645823447642126,0.9601823249980244,2
ours,21,58.0,0.9750347515301193,0.9632849115905816,3,0.9653805791322526,0.9582193589902952,3
ours,21,58.0,0.9747539976486812,0.9710847736519351,2,0.9747539976486812,0.9710847736519351,2
ours,21,58.0,0.9803405306763165,0.9784232216454274,3,0.9803405306763165,0.9784232216454274,3
ours,21,59.0,0.9736595380116781,0.9716996269011062,2,0.9721283280008871,0.9716996269011062,2
ours,21,59.0,0.9803001181666801,0.9785281652937051,5,0.9666743850532935,0.9625253068442112,5
ours,21,59.0,0.9663646266750923,0.9663646266750923,1,0.9663646266750923,0.9663646266750923,1
ours,21,59.0,0.9444212020692528,0.9444212020692528,1,0.9444212020692528,0.9444212020692528,1
ours,21,59.0,0.9625253068442112,0.9625253068442112,1,0.9625253068442112,0.9625253068442112,1
ours,21,60.0,0.9735874457699909,0.9612980818627926,3,0.9712527775679735,0.9612980818627926,3
ours,21,60.0,0.9688193420800519,0.9686258592551984,2,0.9688193420800519,0.9686258592551984,2
ours,21,60.0,0.9449792713503209,0.9449792713503209,1,0.9449792713503209,0.9449792713503209,1
ours,21,60.0,0.9763472954972873,0.9763472954972873,1,0.9763472954972873,0.9763472954972873,1
ours,21,60.0,0.9761590267840287,0.9690128249049056,3,0.9743562497039848,0.9690128249049056,3
ours,24,1.0,0.9209971502396067,0.9209971502396067,2,0.9209971502396067,0.9209971502396067,2
ours,24,1.0,0.8690187623998648,0.8690187623998648,1,0.8690187623998648,0.8690187623998648,1
ours,24,1.0,0.888291872036644,0.8133894518916494,4,0.888291872036644,0.8133894518916494,4
ours,24,1.0,0.923205044153305,0.8640554254555314,7,0.8903118310850314,0.8640554254555314,6
ours,24,1.0,0.9027269811582346,0.8760142478191418,2,0.8985056990293743,0.8760142478191418,2
ours,24,2.0,0.8832818853458777,0.8308497422830925,2,0.8832818853458777,0.8308497422830925,2
ours,24,2.0,0.8926787785389962,0.8757235416070466,4,0.8926787785389962,0.8757235416070466,4
ours,24,2.0,0.8858675048978149,0.8858675048978149,2,0.8858675048978149,0.8858675048978149,2
ours,24,2.0,0.9232565627533087,0.9232565627533087,1,0.9232565627533087,0.9232565627533087,1
ours,24,2.0,0.9039450596785653,0.8757235416070466,3,0.8361406732019072,0.8361406732019072,2
ours,24,3.0,0.8170504309594763,0.7977232054632633,3,0.8145133548215634,0.7977232054632633,3
ours,24,3.0,0.9018633452768119,0.9018633452768119,1,0.9018633452768119,0.9018633452768119,1
ours,24,3.0,0.8321956226628345,0.8269838188780891,3,0.8321956226628345,0.8269838188780891,3
ours,24,3.0,0.7555104601703435,0.7132977148774237,2,0.7555104601703435,0.7132977148774237,2
ours,24,3.0,0.9155006584186685,0.8981064467121042,2,0.9155006584186685,0.8981064467121042,2
ours,24,4.0,0.8656351296258142,0.8471498148762453,4,0.819689779726845,0.8171144094330787,4
ours,24,4.0,0.6777312835217919,0.6777312835217919,1,0.6777312835217919,0.6777312835217919,1
ours,24,4.0,0.7929305172578917,0.6777312835217919,4,0.7824917671981731,0.6777312835217919,4
ours,24,4.0,0.8444958833320643,0.8180069664047436,3,0.8307922380916622,0.811651446597752,3
ours,24,4.0,0.8587222750736324,0.811651446597752,2,0.8587222750736324,0.811651446597752,2
ours,24,5.0,0.773483210473264,0.773483210473264,1,0.773483210473264,0.773483210473264,1
ours,24,5.0,0.8245701991055889,0.7684020810706094,2,0.8245701991055889,0.7684020810706094,2
ours,24,5.0,0.8928130007166163,0.8928130007166163,2,0.8928130007166163,0.8928130007166163,2
ours,24,5.0,0.8436633018934079,0.7945136030701995,2,0.803927542663329,0.7945136030701995,2
ours,24,5.0,0.8623516931839039,0.7945136030701995,4,0.8154407281565473,0.7945136030701995,4
ours,24,6.0,0.8016162233481079,0.7709788773655354,5,0.7238241872580239,0.688352330500988,4
ours,24,6.0,0.7345371453600317,0.7345371453600317,1,0.7345371453600317,0.7345371453600317,1
ours,24,6.0,0.732690922502677,0.732690922502677,1,0.732690922502677,0.732690922502677,1
ours,24,6.0,0.7713060531846834,0.6510143949955033,3,0.7561249720622524,0.6510143949955033,3
ours,24,6.0,0.8027245858590645,0.7709788773655354,4,0.7037472687873358,0.688352330500988,3
ours,24,7.0,0.8356517232043679,0.7909445958680978,4,0.7519867952271612,0.6382172640771205,4
ours,24,7.0,0.8331753864568108,0.8331753864568108,1,0.8331753864568108,0.8331753864568108,1
ours,24,7.0,0.6382172640771205,0.6382172640771205,1,0.6382172640771205,0.6382172640771205,1
ours,24,7.0,0.7865620596357134,0.7865620596357134,1,0.7865620596357134,0.7865620596357134,1
ours,24,7.0,0.8263976432991343,0.8263976432991343,1,0.8263976432991343,0.8263976432991343,1
ours,24,8.0,0.6443929874053518,0.6443929874053518,1,0.6443929874053518,0.6443929874053518,1
ours,24,8.0,0.737885235499933,0.737885235499933,1,0.737885235499933,0.737885235499933,1
ours,24,8.0,0.7486485052685486,0.6833680764962744,2,0.7486485052685486,0.6833680764962744,2
ours,24,8.0,0.6443929874053518,0.6443929874053518,1,0.6443929874053518,0.6443929874053518,1
ours,24,8.0,0.6967216164143202,0.6967216164143202,1,0.6967216164143202,0.6967216164143202,1
ours,24,9.0,0.617949649196388,0.5978957748438829,2,0.617949649196388,0.5978957748438829,2
ours,24,9.0,0.5485699736716583,0.5485699736716583,1,0.5485699736716583,0.5485699736716583,1
ours,24,9.0,0.6970632568740991,0.6970632568740991,1,0.6970632568740991,0.6970632568740991,1
ours,24,9.0,0.6111539173030575,0.6111539173030575,1,0.6111539173030575,0.6111539173030575,1
ours,24,9.0,0.7896981392551684,0.7214097816520546,4,0.6230114659105485,0.6111539173030575,3
ours,24,10.0,0.48980675894991,0.48980675894991,1,0.48980675894991,0.48980675894991,1
ours,24,10.0,0.562827826066555,0.562827826066555,2,0.5580096893627405,0.5580096893627405,2
ours,24,10.0,0.6368013703543556,0.5341134662385633,2,0.5698565037184177,0.5341134662385633,2
ours,24,10.0,0.6217149755344193,0.562827826066555,3,0.5923392336941492,0.5580096893627405,3
ours,24,10.0,0.562827826066555,0.562827826066555,2,0.5580096893627405,0.5580096893627405,2
ours,24,11.0,0.5614734092372269,0.5614734092372269,1,0.5614734092372269,0.5614734092372269,1
ours,24,11.0,0.7760871316622235,0.6861151811444257,4,0.4765332223586661,0.46372436145184426,3
ours,24,11.0,0.4860984543898901,0.4860984543898901,1,0.4860984543898901,0.4860984543898901,1
ours,24,11.0,0.6601693239551298,0.47552163348871246,2,0.48092305239001787,0.47552163348871246,2
ours,24,11.0,0.711775120422641,0.4863244712913233,3,0.4934610050979866,0.4863244712913233,2
ours,24,12.0,0.36522951374686885,0.36522951374686885,1,0.36522951374686885,0.36522951374686885,1
ours,24,12.0,0.6721966582471935,0.441646456751134,3,0.5829525286311167,0.441646456751134,3
ours,24,12.0,0.5704979316279575,0.4234063124384694,2,0.4325263845948017,0.4234063124384694,2
ours,24,12.0,0.461227641540801,0.461227641540801,1,0.461227641540801,0.461227641540801,1
ours,24,12.0,0.6164546915858101,0.6164546915858101,1,0.6164546915858101,0.6164546915858101,1
ours,24,13.0,0.5100231703324107,0.5100231703324107,2,0.4199245268199576,0.4199245268199576,2
ours,24,13.0,0.6114126434397977,0.5100231703324107,3,0.4199245268199576,0.4199245268199576,2
ours,24,13.0,0.39313078369399745,0.39313078369399745,1,0.39313078369399745,0.39313078369399745,1
ours,24,13.0,0.5447877193158105,0.4572810842017784,3,0.4204556591762396,0.4199245268199576,3
ours,24,13.0,0.4199245268199576,0.4199245268199576,1,0.4199245268199576,0.4199245268199576,1
ours,24,14.0,0.4319507508293541,0.4319507508293541,1,0.4319507508293541,0.4319507508293541,1
ours,24,14.0,0.524917404495628,0.3519127566991096,2,0.3583802452336365,0.3519127566991096,2
ours,24,14.0,0.4801594870794643,0.3519127566991096,2,0.3583802452336365,0.3519127566991096,2
ours,24,14.0,0.3519127566991096,0.3519127566991096,1,0.3519127566991096,0.3519127566991096,1
ours,24,14.0,0.6014105956964922,0.40145670695455427,2,0.6014105956964922,0.40145670695455427,2
ours,24,15.0,0.6175105468818741,0.4805577893747224,2,0.6175105468818741,0.4805577893747224,2
ours,24,15.0,0.40645445380440925,0.40645445380440925,1,0.40645445380440925,0.40645445380440925,1
ours,24,15.0,0.5647423453308209,0.36944608627312925,2,0.43134608019834375,0.36944608627312925,2
ours,24,15.0,0.5639628999166009,0.36944608627312925,2,0.5639628999166009,0.36944608627312925,2
ours,24,15.0,0.4667420540148932,0.4667420540148932,1,0.4667420540148932,0.4667420540148932,1
ours,24,16.0,0.5581418276887011,0.40775907079432316,2,0.5581418276887011,0.40775907079432316,2
ours,24,16.0,0.5562310409722776,0.5562310409722776,1,0.5562310409722776,0.5562310409722776,1
ours,24,16.0,0.546129540712331,0.383734496841583,2,0.4659035285068519,0.383734496841583,2
ours,24,16.0,0.6024823797481309,0.6024823797481309,2,0.6024823797481309,0.6024823797481309,2
ours,24,16.0,0.472725663391369,0.472725663391369,1,0.472725663391369,0.472725663391369,1
ours,24,17.0,0.5958930601347873,0.5597007233699622,3,0.2618575162648351,0.2618575162648351,2
ours,24,17.0,0.4224033163126064,0.4224033163126064,1,0.4224033163126064,0.4224033163126064,1
ours,24,17.0,0.5406876704334028,0.5406876704334028,2,0.3867388351911766,0.3867388351911766,2
ours,24,17.0,0.5284700257501131,0.41758912225314326,2,0.4370362510359255,0.41758912225314326,2
ours,24,17.0,0.2618575162648351,0.2618575162648351,1,0.2618575162648351,0.2618575162648351,1
ours,24,18.0,0.5792183523288045,0.5240050427439445,3,0.4363045929288087,0.35736524655963353,3
ours,24,18.0,0.6059367564942674,0.5222285414900105,2,0.36597892834464174,0.36597892834464174,2
ours,24,18.0,0.6472850116485852,0.6420463745654628,3,0.2771757497080063,0.2771757497080063,2
ours,24,18.0,0.34076426745089616,0.34076426745089616,1,0.34076426745089616,0.34076426745089616,1
ours,24,18.0,0.6420463745654628,0.6420463745654628,1,0.6420463745654628,0.6420463745654628,1
ours,24,19.0,0.41836116522882727,0.41836116522882727,1,0.41836116522882727,0.41836116522882727,1
ours,24,19.0,0.41836116522882727,0.41836116522882727,1,0.41836116522882727,0.41836116522882727,1
ours,24,19.0,0.39001868319733657,0.39001868319733657,1,0.39001868319733657,0.39001868319733657,1
ours,24,19.0,0.3231367749781626,0.3231367749781626,1,0.3231367749781626,0.3231367749781626,1
ours,24,19.0,0.3771667519592279,0.3771667519592279,1,0.3771667519592279,0.3771667519592279,1
ours,24,20.0,0.48516701574091947,0.4824672049352303,2,0.4186279774633421,0.4186279774633421,2
ours,24,20.0,0.5161983399968157,0.449467974083831,3,0.45501711691470215,0.449467974083831,3
ours,24,20.0,0.694589140828886,0.5164036989403116,2,0.694589140828886,0.5164036989403116,2
ours,24,20.0,0.5889487632799695,0.33306823727559487,2,0.5889487632799695,0.33306823727559487,2
ours,24,20.0,0.5044552638931978,0.5044552638931978,1,0.5044552638931978,0.5044552638931978,1
ours,24,21.0,0.49354386422018603,0.4332987287494068,2,0.4602095217082721,0.4332987287494068,2
ours,24,21.0,0.6367723272473559,0.5329434527758363,2,0.6367723272473559,0.5329434527758363,2
ours,24,21.0,0.563733444256053,0.39681013135831844,3,0.36476051973470724,0.36476051973470724,2
ours,24,21.0,0.6517662516098685,0.5453764769002567,4,0.49517356364828724,0.4332987287494068,4
ours,24,21.0,0.319320007139515,0.319320007139515,1,0.319320007139515,0.319320007139515,1
ours,24,22.0,0.4941474227985416,0.4941474227985416,1,0.4941474227985416,0.4941474227985416,1
ours,24,22.0,0.49426634497645416,0.49408523961697237,3,0.46563161184032364,0.36386696034460475,3
ours,24,22.0,0.5167801812421304,0.5079440408587709,3,0.40252967903908216,0.33656828755419843,3
ours,24,22.0,0.619837669618028,0.49408523961697237,5,0.4436913551028266,0.36386696034460475,4
ours,24,22.0,0.4422691301484273,0.3904530206798822,2,0.44139599680018105,0.3904530206798822,2
ours,24,23.0,0.5540265626895496,0.3499803266295778,2,0.5117852779989147,0.3499803266295778,2
ours,24,23.0,0.7405964811300508,0.7405964811300508,1,0.7405964811300508,0.7405964811300508,1
ours,24,23.0,0.6001251515076613,0.48128368388733334,4,0.4222467339914109,0.35349802676971076,3
ours,24,23.0,0.5419635158672935,0.4103368023663354,2,0.5419635158672935,0.4103368023663354,2
ours,24,23.0,0.5419635158672935,0.4103368023663354,2,0.5419635158672935,0.4103368023663354,2
ours,24,24.0,0.4970779084342336,0.4056687712062996,3,0.4970779084342336,0.4056687712062996,3
ours,24,24.0,0.4089896875158543,0.4089896875158543,1,0.4089896875158543,0.4089896875158543,1
ours,24,24.0,0.4026820077138359,0.3670708025421596,2,0.4026820077138359,0.3670708025421596,2
ours,24,24.0,0.36776913489795393,0.36776913489795393,1,0.36776913489795393,0.36776913489795393,1
ours,24,24.0,0.5386612401827974,0.3990450078491339,3,0.5386612401827974,0.3990450078491339,3
ours,24,25.0,0.4117683820733382,0.40993198763172867,2,0.3464163598407898,0.3464163598407898,2
ours,24,25.0,0.369773608295431,0.34848835386573573,3,0.35774965173061934,0.3464163598407898,3
ours,24,25.0,0.41661619056798316,0.34848835386573573,2,0.41661619056798316,0.34848835386573573,2
ours,24,25.0,0.5542004232607756,0.4847440272702306,2,0.5542004232607756,0.4847440272702306,2
ours,24,25.0,0.26942107186025943,0.26942107186025943,1,0.26942107186025943,0.26942107186025943,1
ours,24,26.0,0.8326412901245595,0.8168005917246584,2,0.8326412901245595,0.8168005917246584,2
ours,24,26.0,0.38270817403454216,0.38270817403454216,1,0.38270817403454216,0.38270817403454216,1
ours,24,26.0,0.31764665013941307,0.31764665013941307,1,0.31764665013941307,0.31764665013941307,1
ours,24,26.0,0.41874830199086754,0.41874830199086754,1,0.41874830199086754,0.41874830199086754,1
ours,24,26.0,0.41611688618766307,0.3802181520440784,2,0.4119573350884952,0.3802181520440784,2
ours,24,27.0,0.3903804756682348,0.3797925052304447,2,0.3903804756682348,0.3797925052304447,2
ours,24,27.0,0.3653955599397227,0.3653955599397227,2,0.35372960952624144,0.35372960952624144,2
ours,24,27.0,0.3822556129293987,0.3822556129293987,1,0.3822556129293987,0.3822556129293987,1
ours,24,27.0,0.5897215926756796,0.5897215926756796,2,0.5897215926756796,0.5897215926756796,2
ours,24,27.0,0.593189789479128,0.33960067359910395,3,0.29988283866172805,0.29988283866172805,2
ours,24,28.0,0.3784995855768878,0.3784995855768878,1,0.3784995855768878,0.3784995855768878,1
ours,24,28.0,0.4541322973914155,0.42108834552541596,3,0.42245305938537947,0.3983524524158616,3
ours,24,28.0,0.5750494134742834,0.49741850459225645,4,0.48108895401300106,0.3983524524158616,3
ours,24,28.0,0.41831421648931333,0.41831421648931333,1,0.41831421648931333,0.41831421648931333,1
ours,24,28.0,0.43194451177164855,0.35452498866611526,3,0.40784390480213073,0.35452498866611526,3
ours,24,29.0,0.3724951953597019,0.3724951953597019,1,0.3724951953597019,0.3724951953597019,1
ours,24,29.0,0.38056525703785216,0.38056525703785216,1,0.38056525703785216,0.38056525703785216,1
ours,24,29.0,0.5752200472049199,0.5053549980085553,3,0.38056525703785216,0.38056525703785216,2
ours,24,29.0,0.4328362956419469,0.4328362956419469,2,0.4328362956419469,0.4328362956419469,2
ours,24,29.0,0.4200380860587698,0.3293244734472738,2,0.4200380860587698,0.3293244734472738,2
ours,24,30.0,0.5272573921601862,0.4565912330488785,4,0.3886959184431964,0.3547482611403554,3
ours,24,30.0,0.5100962696315469,0.5100962696315469,2,0.3547482611403554,0.3547482611403554,2
ours,24,30.0,0.5036512573203238,0.4565912330488785,3,0.5036512573203238,0.4565912330488785,3
ours,24,30.0,0.6259683348703902,0.5100962696315469,4,0.38950212655597555,0.3743164444335463,3
ours,24,30.0,0.5984542643433423,0.5980757966797735,2,0.4463901853083668,0.4463901853083668,2
ours,24,31.0,0.468920705219275,0.468920705219275,1,0.468920705219275,0.468920705219275,1
ours,24,31.0,0.3792521774506815,0.3792521774506815,1,0.3792521774506815,0.3792521774506815,1
ours,24,31.0,0.5783644092736181,0.5783644092736181,1,0.5783644092736181,0.5783644092736181,1
ours,24,31.0,0.39860868363172025,0.3792521774506815,2,0.39860868363172025,0.3792521774506815,2
ours,24,31.0,0.7319134842734112,0.4489122727081011,4,0.5239013938962217,0.417965189812759,3
ours,24,32.0,0.5931298315607583,0.5631753462324371,2,0.4307435893020164,0.4307435893020164,2
ours,24,32.0,0.4714207371357213,0.35240355175828053,2,0.39157357053014846,0.35240355175828053,2
ours,24,32.0,0.44240568812225045,0.42991803251556915,2,0.44240568812225045,0.42991803251556915,2
ours,24,32.0,0.47203279003640475,0.3314079007625812,2,0.47203279003640475,0.3314079007625812,2
ours,24,32.0,0.6275631182397354,0.6275631182397354,1,0.6275631182397354,0.6275631182397354,1
ours,24,33.0,0.43987623876567583,0.43987623876567583,1,0.43987623876567583,0.43987623876567583,1
ours,24,33.0,0.6967340021759441,0.4261958275783042,3,0.4384413849036003,0.4261958275783042,2
ours,24,33.0,0.6538709172907138,0.4726953510568763,4,0.5030979789854477,0.4506869422288964,4
ours,24,33.0,0.6638188250601134,0.6225003657939259,2,0.6638188250601134,0.6225003657939259,2
ours,24,33.0,0.5101664464076527,0.4726953510568763,2,0.48060650837347424,0.4726953510568763,2
ours,24,34.0,0.47975667348063333,0.47975667348063333,1,0.47975667348063333,0.47975667348063333,1
ours,24,34.0,0.7228006580828467,0.6298563128676642,3,0.4629825998072634,0.4629825998072634,2
ours,24,34.0,0.7032079287221589,0.7032079287221589,1,0.7032079287221589,0.7032079287221589,1
ours,24,34.0,0.578357164742096,0.5526075906793119,3,0.5592314018517509,0.5239189463437943,3
ours,24,34.0,0.5174670763906287,0.5081955062782094,3,0.40221197635059075,0.3492202113867815,3
ours,24,35.0,0.5409471353007901,0.5409471353007901,1,0.5409471353007901,0.5409471353007901,1
ours,24,35.0,0.49707535621012855,0.44010899959537886,2,0.4597217830498172,0.44010899959537886,2
ours,24,35.0,0.7269633972160634,0.7269633972160634,1,0.7269633972160634,0.7269633972160634,1
ours,24,35.0,0.6964247355535261,0.6109690081249854,4,0.40189317537237,0.40189317537237,2
ours,24,35.0,0.40189317537237,0.40189317537237,2,0.40189317537237,0.40189317537237,2
ours,24,36.0,0.47982212228303517,0.4420118926492098,2,0.47982212228303517,0.4420118926492098,2
ours,24,36.0,0.6953600777879471,0.6322397588719535,2,0.6953600777879471,0.6322397588719535,2
ours,24,36.0,0.4420118926492098,0.4420118926492098,2,0.4377012322165028,0.4377012322165028,2
ours,24,36.0,0.5500192048325844,0.4420118926492098,2,0.4377012322165028,0.4377012322165028,2
ours,24,36.0,0.7133340580505175,0.6370018563102344,3,0.4377012322165028,0.4377012322165028,2
ours,24,37.0,0.7466537717767093,0.7466537717767093,1,0.7466537717767093,0.7466537717767093,1
ours,24,37.0,0.6729705437747019,0.6667854114916639,2,0.6729705437747019,0.6667854114916639,2
ours,24,37.0,0.5066383801120707,0.46401820424051654,2,0.48040346056718164,0.46401820424051654,2
ours,24,37.0,0.6137404241734868,0.474430254618078,2,0.48560948575596236,0.474430254618078,2
ours,24,37.0,0.4746498131398384,0.46401820424051654,2,0.4746498131398384,0.46401820424051654,2
ours,24,38.0,0.6511677695156318,0.6316674438980971,3,0.5613715617235644,0.526223620636298,3
ours,24,38.0,0.5739225063109781,0.5303808619949878,2,0.526223620636298,0.526223620636298,2
ours,24,38.0,0.6436133610029685,0.568439496311722,3,0.5402955791947727,0.526223620636298,3
ours,24,38.0,0.6564541313035817,0.6114256082343789,2,0.6564541313035817,0.6114256082343789,2
ours,24,38.0,0.8188477687887082,0.7584827972561183,2,0.6320994738025026,0.6320994738025026,2
ours,24,39.0,0.6615812216080882,0.6615812216080882,1,0.6615812216080882,0.6615812216080882,1
ours,24,39.0,0.44993425556579425,0.44993425556579425,1,0.44993425556579425,0.44993425556579425,1
ours,24,39.0,0.5599421974742564,0.5599421974742564,1,0.5599421974742564,0.5599421974742564,1
ours,24,39.0,0.517490958316237,0.5048156394173972,2,0.517490958316237,0.5048156394173972,2
ours,24,39.0,0.6213777673667402,0.6213777673667402,1,0.6213777673667402,0.6213777673667402,1
ours,24,40.0,0.651150606012343,0.6146015700437083,3,0.6153025949024195,0.6146015700437083,3
ours,24,40.0,0.6450043631256107,0.5782264675782298,3,0.5985835387301393,0.5782264675782298,3
ours,24,40.0,0.66092587242415,0.66092587242415,1,0.66092587242415,0.66092587242415,1
ours,24,40.0,0.6205512363820536,0.6205512363820536,1,0.6205512363820536,0.6205512363820536,1
ours,24,40.0,0.5988073290867623,0.5694094741556595,2,0.5988073290867623,0.5694094741556595,2
ours,24,41.0,0.759272201779578,0.701692322351325,4,0.6926593205465041,0.6417511102624524,4
ours,24,41.0,0.5702217655147416,0.5702217655147416,1,0.5702217655147416,0.5702217655147416,1
ours,24,41.0,0.7193671544518532,0.6434032681864397,4,0.6416629316698965,0.6303032622987774,4
ours,24,41.0,0.6772292518781985,0.6434032681864397,3,0.5724933140146069,0.5492338032928868,3
ours,24,41.0,0.6865921650968312,0.6865921650968312,1,0.6865921650968312,0.6865921650968312,1
ours,24,42.0,0.6965548508344684,0.6965548508344684,1,0.6965548508344684,0.6965548508344684,1
ours,24,42.0,0.593583058370949,0.47745475635446755,2,0.593583058370949,0.47745475635446755,2
ours,24,42.0,0.6843069030150974,0.6589024456427645,2,0.6843069030150974,0.6589024456427645,2
ours,24,42.0,0.7653669404746297,0.7481147675885695,2,0.7653669404746297,0.7481147675885695,2
ours,24,42.0,0.762580106816519,0.7481147675885695,4,0.5379373194505664,0.47745475635446755,3
ours,24,43.0,0.6087812874698432,0.6087812874698432,1,0.6087812874698432,0.6087812874698432,1
ours,24,43.0,0.6155324096586787,0.6155324096586787,1,0.6155324096586787,0.6155324096586787,1
ours,24,43.0,0.6855037187885878,0.6497814496012372,3,0.5981583970300678,0.5723468707444832,3
ours,24,43.0,0.5591886956062309,0.5028449815537829,2,0.537743863571307,0.5028449815537829,2
ours,24,43.0,0.7180787901584239,0.6497814496012372,4,0.6373689713610822,0.5723468707444832,4
ours,24,44.0,0.7181792401746423,0.7181792401746423,1,0.7181792401746423,0.7181792401746423,1
ours,24,44.0,0.7980306413428888,0.7418301557362461,3,0.7377112004225301,0.7122259869325535,3
ours,24,44.0,0.7425824401201556,0.665518379609267,5,0.6317210538403774,0.5153027451226386,4
ours,24,44.0,0.5619658347623644,0.5619658347623644,1,0.5619658347623644,0.5619658347623644,1
ours,24,44.0,0.787980519225957,0.787980519225957,1,0.787980519225957,0.787980519225957,1
ours,24,45.0,0.41709813885742264,0.41709813885742264,1,0.41709813885742264,0.41709813885742264,1
ours,24,45.0,0.6260420938068414,0.6260420938068414,1,0.6260420938068414,0.6260420938068414,1
ours,24,45.0,0.6789966140067485,0.5454668133716891,4,0.5737098151263452,0.5302511989795566,3
ours,24,45.0,0.8346939516520445,0.8346939516520445,1,0.8346939516520445,0.8346939516520445,1
ours,24,45.0,0.41709813885742264,0.41709813885742264,1,0.41709813885742264,0.41709813885742264,1
ours,24,46.0,0.6534996967136497,0.572905339924075,5,0.43529345297409505,0.42926598324828835,3
ours,24,46.0,0.576916961723579,0.5324802140754679,2,0.576916961723579,0.5324802140754679,2
ours,24,46.0,0.6600579636288438,0.572905339924075,4,0.5573296576675408,0.42926598324828835,4
ours,24,46.0,0.561028978371049,0.5168031706931581,2,0.561028978371049,0.5168031706931581,2
ours,24,46.0,0.645132112270355,0.645132112270355,1,0.645132112270355,0.645132112270355,1
ours,24,47.0,0.6043071611623623,0.6043071611623623,1,0.6043071611623623,0.6043071611623623,1
ours,24,47.0,0.7672309457305486,0.697748515852778,3,0.662450477990425,0.6163390259697308,3
ours,24,47.0,0.7095449988461338,0.6413812308058828,4,0.5819085372130706,0.4783108704253689,4
ours,24,47.0,0.6817394650684644,0.6817394650684644,1,0.6817394650684644,0.6817394650684644,1
ours,24,47.0,0.8281259718226557,0.8281259718226557,1,0.8281259718226557,0.8281259718226557,1
ours,24,48.0,0.7845898553017032,0.7465381078165411,2,0.7845898553017032,0.7465381078165411,2
ours,24,48.0,0.736168876789636,0.6449979813503269,3,0.6129407233791464,0.6129407233791464,2
ours,24,48.0,0.4542187565636082,0.4542187565636082,1,0.4542187565636082,0.4542187565636082,1
ours,24,48.0,0.7591224830445396,0.6827304287630511,2,0.7591224830445396,0.6827304287630511,2
ours,24,48.0,0.7329234087994931,0.7193087097824451,4,0.4847178977557188,0.44701025188168586,3
ours,24,49.0,0.7958557466696631,0.7958557466696631,2,0.7958557466696631,0.7958557466696631,2
ours,24,49.0,0.6559507173120976,0.6359086115902195,4,0.6186230293423851,0.6013374470945508,4
ours,24,49.0,0.7516796069044865,0.6633273273741335,3,0.7516796069044865,0.6633273273741335,3
ours,24,49.0,0.7958557466696631,0.7958557466696631,2,0.7958557466696631,0.7958557466696631,2
ours,24,49.0,0.6435320891807574,0.6258236822947192,2,0.6013374470945508,0.6013374470945508,2
ours,24,50.0,0.7540060420199542,0.7412184125185144,3,0.6526426311192987,0.6083547404196908,3
ours,24,50.0,0.6307713910853159,0.5329007185505605,3,0.6194623377132568,0.5329007185505605,3
ours,24,50.0,0.6746233804626028,0.5840627302407748,2,0.5962087353302328,0.5840627302407748,2
ours,24,50.0,0.7619298114076379,0.7556156828569176,4,0.6600564156279944,0.6083547404196908,3
ours,24,50.0,0.798344931795194,0.7412184125185144,4,0.7352905586736354,0.7323266317511957,3
ours,24,51.0,0.7068550851427637,0.6571404590488144,4,0.6516716526706325,0.6462028462924507,4
ours,24,51.0,0.7066202929326151,0.7066202929326151,1,0.7066202929326151,0.7066202929326151,1
ours,24,51.0,0.7105966556924961,0.6462028462924507,2,0.687480194104344,0.6462028462924507,2
ours,24,51.0,0.6901270149713481,0.6571404590488144,3,0.6901270149713481,0.6571404590488144,3
ours,24,51.0,0.7020098823544676,0.7020098823544676,1,0.7020098823544676,0.7020098823544676,1
ours,24,52.0,0.7238362189164179,0.7184625863711469,3,0.6944981251325534,0.6825158945132566,3
ours,24,52.0,0.6873955986089575,0.638271586940993,3,0.6873955986089575,0.638271586940993,3
ours,24,52.0,0.6959823922362004,0.6735021981012539,2,0.4589338783581266,0.4589338783581266,2
ours,24,52.0,0.6825158945132566,0.6825158945132566,2,0.6825158945132566,0.6825158945132566,2
ours,24,52.0,0.7184625863711469,0.7184625863711469,2,0.4589338783581266,0.4589338783581266,2
ours,24,53.0,0.5213498675497115,0.5213498675497115,1,0.5213498675497115,0.5213498675497115,1
ours,24,53.0,0.7497584243993131,0.5701380642702154,3,0.7497584243993131,0.5701380642702154,3
ours,24,53.0,0.8578697816642721,0.8578697816642721,1,0.8578697816642721,0.8578697816642721,1
ours,24,53.0,0.6943281279033668,0.6943281279033668,1,0.6943281279033668,0.6943281279033668,1
ours,24,53.0,0.7274933070103058,0.6620067154294593,2,0.7274933070103058,0.6620067154294593,2
ours,24,54.0,0.6986147679944664,0.5295034825709967,7,0.6871449386758277,0.5295034825709967,7
ours,24,54.0,0.6108716696450722,0.6108716696450722,1,0.6108716696450722,0.6108716696450722,1
ours,24,54.0,0.7573719744826937,0.7573719744826937,1,0.7573719744826937,0.7573719744826937,1
ours,24,54.0,0.6426596870163281,0.5279473995499627,2,0.6426596870163281,0.5279473995499627,2
ours,24,54.0,0.6971224904566033,0.5279473995499627,4,0.6706715893127833,0.5279473995499627,4
ours,24,55.0,0.7656888799260084,0.7656888799260084,2,0.7656888799260084,0.7656888799260084,2
ours,24,55.0,0.7669238940799198,0.739643012421092,4,0.7030937435664558,0.6553871407420194,4
ours,24,55.0,0.7920131354645079,0.6608292709294837,4,0.7228328045232658,0.6608292709294837,3
ours,24,55.0,0.65407100631208,0.65407100631208,2,0.65407100631208,0.65407100631208,2
ours,24,55.0,0.7851843514589628,0.739643012421092,6,0.7221718777036612,0.65407100631208,5
ours,24,56.0,0.9792590300766246,0.9749549841985078,4,0.9792590300766246,0.9749549841985078,4
ours,24,56.0,0.9737197792053965,0.9737197792053965,1,0.9737197792053965,0.9737197792053965,1
ours,24,56.0,0.9749549841985078,0.9749549841985078,1,0.9749549841985078,0.9749549841985078,1
ours,24,56.0,0.9678706418253681,0.9678706418253681,1,0.9678706418253681,0.9678706418253681,1
ours,24,56.0,0.9836675985250862,0.9836675985250862,1,0.9836675985250862,0.9836675985250862,1
ours,24,57.0,0.9793422537824801,0.9793422537824801,1,0.9793422537824801,0.9793422537824801,1
ours,24,57.0,0.9658214509096302,0.9658214509096302,2,0.9658214509096302,0.9658214509096302,2
ours,24,57.0,0.9745739007214268,0.9745739007214268,1,0.9745739007214268,0.9745739007214268,1
ours,24,57.0,0.9694165528326963,0.9658214509096302,4,0.9690064435542481,0.9658214509096302,4
ours,24,57.0,0.975853166946121,0.9698089716763053,2,0.975853166946121,0.9698089716763053,2
ours,24,58.0,0.9737351041812953,0.9737351041812953,1,0.9737351041812953,0.9737351041812953,1
ours,24,58.0,0.9790077776826008,0.972087334976356,3,0.978385213156597,0.972087334976356,3
ours,24,58.0,0.978264233766413,0.9755076186860222,3,0.9763677632493044,0.9755076186860222,3
ours,24,58.0,0.9750651735699554,0.972087334976356,4,0.9750651735699554,0.972087334976356,4
ours,24,58.0,0.976470538448503,0.9755076186860222,3,0.9727518467821622,0.9713739608302322,3
ours,24,59.0,0.9764120088511715,0.9740481315699383,3,0.9760593517285961,0.9740481315699383,3
ours,24,59.0,0.975225447418678,0.975225447418678,1,0.975225447418678,0.975225447418678,1
ours,24,59.0,0.9745303548678423,0.9741828085924247,3,0.9745303548678423,0.9741828085924247,3
ours,24,59.0,0.9761032975312424,0.9761032975312424,2,0.9605585177085367,0.9605585177085367,2
ours,24,59.0,0.971847675363092,0.9605585177085367,4,0.9715831825211605,0.9605585177085367,4
ours,24,60.0,0.983272785397629,0.9817662846539947,2,0.983272785397629,0.9817662846539947,2
ours,24,60.0,0.9819857911958608,0.9819857911958608,1,0.9819857911958608,0.9819857911958608,1
ours,24,60.0,0.9719456639759434,0.9719456639759434,1,0.9719456639759434,0.9719456639759434,1
ours,24,60.0,0.9675689767705973,0.9631317487631909,3,0.9675689767705973,0.9631317487631909,3
ours,24,60.0,0.9825734621508925,0.9825734621508925,1,0.9825734621508925,0.9825734621508925,1
