method,run_id,time,ml_avg_reliability,ml_min_reliability,ml_hops,base_avg_reliability,base_min_reliability,base_hops
paper_baseline,1,1.0,0.381939111584532,0.381939111584532,1,0.381939111584532,0.381939111584532,1
paper_baseline,1,1.0,0.42333279652916533,0.38351226503662894,3,0.42333279652916533,0.38351226503662894,3
paper_baseline,1,1.0,0.4038427868041927,0.4038427868041927,1,0.4038427868041927,0.4038427868041927,1
paper_baseline,1,1.0,0.3970615671297966,0.395479857348886,2,0.3970615671297966,0.395479857348886,2
paper_baseline,1,1.0,0.3943307292256285,0.3849691577255224,2,0.3943307292256285,0.3849691577255224,2
paper_baseline,1,2.0,0.4573903496841221,0.38500548921402356,6,0.4573903496841221,0.38500548921402356,6
paper_baseline,1,2.0,0.42396192646752695,0.36700476363734014,2,0.42396192646752695,0.36700476363734014,2
paper_baseline,1,2.0,0.4655070713384649,0.36700476363734014,5,0.4655070713384649,0.36700476363734014,5
paper_baseline,1,2.0,0.38500548921402356,0.38500548921402356,1,0.38500548921402356,0.38500548921402356,1
paper_baseline,1,2.0,0.4270034221091676,0.36100806717007716,3,0.4270034221091676,0.36100806717007716,3
paper_baseline,1,3.0,0.4377631955182347,0.3853724372478845,4,0.4377631955182347,0.3853724372478845,4
paper_baseline,1,3.0,0.38595823423349424,0.3718861887162822,3,0.38595823423349424,0.3718861887162822,3
paper_baseline,1,3.0,0.436012926059695,0.37925316149767874,4,0.436012926059695,0.37925316149767874,4
paper_baseline,1,3.0,0.4199692606750454,0.3739534504119939,2,0.4199692606750454,0.3739534504119939,2
paper_baseline,1,3.0,0.3803214230991391,0.3718861887162822,5,0.3803214230991391,0.3718861887162822,5
paper_baseline,1,4.0,0.3762616451635154,0.36468165454651724,4,0.3762616451635154,0.36468165454651724,4
paper_baseline,1,4.0,0.3863697366072393,0.3839819943249162,2,0.3863697366072393,0.3839819943249162,2
paper_baseline,1,4.0,0.3920082519867795,0.38937195493421095,3,0.3920082519867795,0.38937195493421095,3
paper_baseline,1,4.0,0.37969019244631497,0.37969019244631497,1,0.37969019244631497,0.37969019244631497,1
paper_baseline,1,4.0,0.37323221244548305,0.36468165454651724,5,0.37323221244548305,0.36468165454651724,5
paper_baseline,1,5.0,0.39954092644302486,0.3707272142330975,5,0.39954092644302486,0.3707272142330975,5
paper_baseline,1,5.0,0.3815856430594483,0.37692325999813603,2,0.3815856430594483,0.37692325999813603,2
paper_baseline,1,5.0,0.37260060268147444,0.3643572512122344,4,0.37260060268147444,0.3643572512122344,4
paper_baseline,1,5.0,0.4049112459832534,0.3804542067914609,3,0.4049112459832534,0.3804542067914609,3
paper_baseline,1,5.0,0.405349016601384,0.405349016601384,1,0.405349016601384,0.405349016601384,1
paper_baseline,1,6.0,0.38730284466316117,0.36402510769127083,3,0.38730284466316117,0.36402510769127083,3
paper_baseline,1,6.0,0.43068579104655963,0.3923517161889427,3,0.43068579104655963,0.3923517161889427,3
paper_baseline,1,6.0,0.42131920648352844,0.35893975238774223,2,0.42131920648352844,0.35893975238774223,2
paper_baseline,1,6.0,0.39210634700573244,0.387055638252108,3,0.39210634700573244,0.387055638252108,3
paper_baseline,1,6.0,0.3767606915342975,0.37315779081382006,4,0.3767606915342975,0.37315779081382006,4
paper_baseline,1,7.0,0.38584264042515204,0.38584264042515204,1,0.38584264042515204,0.38584264042515204,1
paper_baseline,1,7.0,0.37265067695040854,0.37265067695040854,2,0.37265067695040854,0.37265067695040854,2
paper_baseline,1,7.0,0.45614056159887734,0.3765355661577977,2,0.45614056159887734,0.3765355661577977,2
paper_baseline,1,7.0,0.3965604082805856,0.3965604082805856,2,0.3965604082805856,0.3965604082805856,2
paper_baseline,1,7.0,0.4193242322654697,0.39968704371731156,3,0.4193242322654697,0.39968704371731156,3
paper_baseline,1,8.0,0.3830612280359039,0.378041795954989,2,0.3830612280359039,0.378041795954989,2
paper_baseline,1,8.0,0.3830612280359039,0.378041795954989,2,0.3830612280359039,0.378041795954989,2
paper_baseline,1,8.0,0.38550868032976354,0.3752152061496046,2,0.38550868032976354,0.3752152061496046,2
paper_baseline,1,8.0,0.46786603273016014,0.46786603273016014,1,0.46786603273016014,0.46786603273016014,1
paper_baseline,1,8.0,0.4385721321532764,0.37444497859338166,4,0.4385721321532764,0.37444497859338166,4
paper_baseline,1,9.0,0.39566860370562695,0.33963425248488954,4,0.39566860370562695,0.33963425248488954,4
paper_baseline,1,9.0,0.42893035476735974,0.38616599067281177,3,0.42893035476735974,0.38616599067281177,3
paper_baseline,1,9.0,0.46323098175163757,0.3946774053419926,2,0.46323098175163757,0.3946774053419926,2
paper_baseline,1,9.0,0.44855796286452154,0.38924737478668403,2,0.44855796286452154,0.38924737478668403,2
paper_baseline,1,9.0,0.5354706925909597,0.5317845581612826,2,0.5354706925909597,0.5317845581612826,2
paper_baseline,1,10.0,0.3803742775167587,0.3803742775167587,1,0.3803742775167587,0.3803742775167587,1
paper_baseline,1,10.0,0.37099946345236545,0.35579813171902175,2,0.37099946345236545,0.35579813171902175,2
paper_baseline,1,10.0,0.375489061325973,0.3666228091190984,3,0.375489061325973,0.3666228091190984,3
paper_baseline,1,10.0,0.3963161147443873,0.35579813171902175,4,0.3963161147443873,0.35579813171902175,4
paper_baseline,1,10.0,0.44816700262198234,0.37285623945926105,2,0.44816700262198234,0.37285623945926105,2
paper_baseline,1,11.0,0.3963813521526933,0.3963813521526933,1,0.3963813521526933,0.3963813521526933,1
paper_baseline,1,11.0,0.4639406151097084,0.39766901382123543,2,0.4639406151097084,0.39766901382123543,2
paper_baseline,1,11.0,0.43336474385587476,0.43336474385587476,1,0.43336474385587476,0.43336474385587476,1
paper_baseline,1,11.0,0.40130790199344035,0.40130790199344035,1,0.40130790199344035,0.40130790199344035,1
paper_baseline,1,11.0,0.4622525435798526,0.39429287076152386,2,0.4622525435798526,0.39429287076152386,2
paper_baseline,1,12.0,0.4496578658644716,0.3679115238742635,3,0.4496578658644716,0.3679115238742635,3
paper_baseline,1,12.0,0.4244029845402342,0.38448489584183476,3,0.4244029845402342,0.38448489584183476,3
paper_baseline,1,12.0,0.3679115238742635,0.3679115238742635,1,0.3679115238742635,0.3679115238742635,1
paper_baseline,1,12.0,0.4679972982032043,0.38854054304517904,6,0.4679972982032043,0.38854054304517904,6
paper_baseline,1,12.0,0.3747325063444081,0.36985631159569476,3,0.3747325063444081,0.36985631159569476,3
paper_baseline,1,13.0,0.4807968709889675,0.41082311883187417,4,0.4807968709889675,0.41082311883187417,4
paper_baseline,1,13.0,0.41330092634764815,0.41330092634764815,1,0.41330092634764815,0.41330092634764815,1
paper_baseline,1,13.0,0.4112917950335382,0.4112917950335382,1,0.4112917950335382,0.4112917950335382,1
paper_baseline,1,13.0,0.46297700471597275,0.41082311883187417,3,0.46297700471597275,0.41082311883187417,3
paper_baseline,1,13.0,0.3896693992509396,0.3896693992509396,1,0.3896693992509396,0.3896693992509396,1
paper_baseline,1,14.0,0.5252305624074495,0.43110698886202936,3,0.5252305624074495,0.43110698886202936,3
paper_baseline,1,14.0,0.4654689792329478,0.4361407028057316,2,0.4654689792329478,0.4361407028057316,2
paper_baseline,1,14.0,0.3644065883205322,0.3644065883205322,1,0.3644065883205322,0.3644065883205322,1
paper_baseline,1,14.0,0.47310612292512977,0.3644065883205322,4,0.47310612292512977,0.3644065883205322,4
paper_baseline,1,14.0,0.48264097480597334,0.407898434007537,2,0.48264097480597334,0.407898434007537,2
paper_baseline,1,15.0,0.5646528822549634,0.5280098091106007,3,0.5646528822549634,0.5280098091106007,3
paper_baseline,1,15.0,0.3969870349240383,0.3969870349240383,1,0.3969870349240383,0.3969870349240383,1
paper_baseline,1,15.0,0.51524224482329,0.42285142158795985,3,0.51524224482329,0.42285142158795985,3
paper_baseline,1,15.0,0.464730202181626,0.3910852742158585,3,0.464730202181626,0.3910852742158585,3
paper_baseline,1,15.0,0.5249803663083712,0.3968910460783318,3,0.5249803663083712,0.3968910460783318,3
paper_baseline,1,16.0,0.36186736830318084,0.34298190955144303,3,0.36186736830318084,0.34298190955144303,3
paper_baseline,1,16.0,0.4188476816588111,0.375452413911485,4,0.4188476816588111,0.375452413911485,4
paper_baseline,1,16.0,0.4791180112454695,0.3667125847537278,2,0.4791180112454695,0.3667125847537278,2
paper_baseline,1,16.0,0.38672238899018996,0.3494354349958587,2,0.38672238899018996,0.3494354349958587,2
paper_baseline,1,16.0,0.4188389789069198,0.3459595646329282,2,0.4188389789069198,0.3459595646329282,2
paper_baseline,1,17.0,0.45298760807776367,0.3805813670012147,3,0.45298760807776367,0.3805813670012147,3
paper_baseline,1,17.0,0.47996726454976685,0.41571955039519704,2,0.47996726454976685,0.41571955039519704,2
paper_baseline,1,17.0,0.36489811650192006,0.36489811650192006,1,0.36489811650192006,0.36489811650192006,1
paper_baseline,1,17.0,0.42825363999927385,0.36489811650192006,4,0.42825363999927385,0.36489811650192006,4
paper_baseline,1,17.0,0.40816949873976477,0.3510874646360348,3,0.40816949873976477,0.3510874646360348,3
paper_baseline,1,18.0,0.6154725479338157,0.6130472515742088,2,0.6154725479338157,0.6130472515742088,2
paper_baseline,1,18.0,0.4592531702004418,0.3509733100460778,3,0.4592531702004418,0.3509733100460778,3
paper_baseline,1,18.0,0.4086795610103102,0.4086795610103102,1,0.4086795610103102,0.4086795610103102,1
paper_baseline,1,18.0,0.48434005175474604,0.48434005175474604,1,0.48434005175474604,0.48434005175474604,1
paper_baseline,1,18.0,0.40889028364361657,0.40889028364361657,1,0.40889028364361657,0.40889028364361657,1
paper_baseline,1,19.0,0.578807323092811,0.578807323092811,1,0.578807323092811,0.578807323092811,1
paper_baseline,1,19.0,0.5072810667029232,0.4020148390436078,3,0.5072810667029232,0.4020148390436078,3
paper_baseline,1,19.0,0.39731507140717115,0.39731507140717115,1,0.39731507140717115,0.39731507140717115,1
paper_baseline,1,19.0,0.4948190227867303,0.392935600067187,2,0.4948190227867303,0.392935600067187,2
paper_baseline,1,19.0,0.3472638650701172,0.3472638650701172,2,0.3472638650701172,0.3472638650701172,2
paper_baseline,1,20.0,0.49396612855929317,0.38897699479617254,2,0.49396612855929317,0.38897699479617254,2
paper_baseline,1,20.0,0.38897699479617254,0.38897699479617254,1,0.38897699479617254,0.38897699479617254,1
paper_baseline,1,20.0,0.46607923132218687,0.3447678918100927,3,0.46607923132218687,0.3447678918100927,3
paper_baseline,1,20.0,0.4752338162937632,0.38573727910849887,3,0.4752338162937632,0.38573727910849887,3
paper_baseline,1,20.0,0.46607923132218687,0.3447678918100927,3,0.46607923132218687,0.3447678918100927,3
paper_baseline,1,21.0,0.4325261847226502,0.34619571930818527,2,0.4325261847226502,0.34619571930818527,2
paper_baseline,1,21.0,0.4136537235512094,0.38551671011526556,3,0.4136537235512094,0.38551671011526556,3
paper_baseline,1,21.0,0.38551671011526556,0.38551671011526556,1,0.38551671011526556,0.38551671011526556,1
paper_baseline,1,21.0,0.35466587930890137,0.3505409653329149,2,0.35466587930890137,0.3505409653329149,2
paper_baseline,1,21.0,0.41073188887597506,0.356669508245405,3,0.41073188887597506,0.356669508245405,3
paper_baseline,1,22.0,0.3856173851964455,0.3856173851964455,1,0.3856173851964455,0.3856173851964455,1
paper_baseline,1,22.0,0.5093374236185375,0.4933694223918209,2,0.5093374236185375,0.4933694223918209,2
paper_baseline,1,22.0,0.55673184647557,0.55673184647557,1,0.55673184647557,0.55673184647557,1
paper_baseline,1,22.0,0.4748827154315493,0.3625376228359728,3,0.4748827154315493,0.3625376228359728,3
paper_baseline,1,22.0,0.4276865511717314,0.34220910193299314,2,0.4276865511717314,0.34220910193299314,2
paper_baseline,1,23.0,0.3719105676716097,0.36184158523235566,2,0.3719105676716097,0.36184158523235566,2
paper_baseline,1,23.0,0.611962417309398,0.611962417309398,1,0.611962417309398,0.611962417309398,1
paper_baseline,1,23.0,0.3887169554350295,0.3819795501108637,2,0.3887169554350295,0.3819795501108637,2
paper_baseline,1,23.0,0.5037829304818672,0.37910736165469394,3,0.5037829304818672,0.37910736165469394,3
paper_baseline,1,23.0,0.39545436075919527,0.39545436075919527,1,0.39545436075919527,0.39545436075919527,1
paper_baseline,1,24.0,0.4619527364711087,0.4365798559102785,2,0.4619527364711087,0.4365798559102785,2
paper_baseline,1,24.0,0.4287100947380686,0.3700945724441983,2,0.4287100947380686,0.3700945724441983,2
paper_baseline,1,24.0,0.4491033215960252,0.3781305185029953,3,0.4491033215960252,0.3781305185029953,3
paper_baseline,1,24.0,0.48206550083384775,0.3870712239341315,2,0.48206550083384775,0.3870712239341315,2
paper_baseline,1,24.0,0.49217701617188664,0.3834816728702244,4,0.49217701617188664,0.3834816728702244,4
paper_baseline,1,25.0,0.47443600389952617,0.4027471028270637,2,0.47443600389952617,0.4027471028270637,2
paper_baseline,1,25.0,0.4027471028270637,0.4027471028270637,1,0.4027471028270637,0.4027471028270637,1
paper_baseline,1,25.0,0.503323998436244,0.36722122559274295,3,0.503323998436244,0.36722122559274295,3
paper_baseline,1,25.0,0.37154467272437197,0.37154467272437197,1,0.37154467272437197,0.37154467272437197,1
paper_baseline,1,25.0,0.5741250428479521,0.5741250428479521,1,0.5741250428479521,0.5741250428479521,1
paper_baseline,1,26.0,0.36173833008894896,0.36173833008894896,1,0.36173833008894896,0.36173833008894896,1
paper_baseline,1,26.0,0.37950279568171297,0.37950279568171297,1,0.37950279568171297,0.37950279568171297,1
paper_baseline,1,26.0,0.6289412017497464,0.6289412017497464,1,0.6289412017497464,0.6289412017497464,1
paper_baseline,1,26.0,0.4022493614345989,0.4022493614345989,1,0.4022493614345989,0.4022493614345989,1
paper_baseline,1,26.0,0.37407439741067056,0.36921429733584876,2,0.37407439741067056,0.36921429733584876,2
paper_baseline,1,27.0,0.49522466477849547,0.3787242487411666,2,0.49522466477849547,0.3787242487411666,2
paper_baseline,1,27.0,0.5000336931165512,0.5000336931165512,1,0.5000336931165512,0.5000336931165512,1
paper_baseline,1,27.0,0.44696643254855745,0.3364407146456442,3,0.44696643254855745,0.3364407146456442,3
paper_baseline,1,27.0,0.47800108602552005,0.3836165732666589,4,0.47800108602552005,0.3836165732666589,4
paper_baseline,1,27.0,0.36839059053060996,0.36812071953196623,3,0.36839059053060996,0.36812071953196623,3
paper_baseline,1,28.0,0.503196532765966,0.3948455832757207,2,0.503196532765966,0.3948455832757207,2
paper_baseline,1,28.0,0.5616634218127006,0.5616634218127006,1,0.5616634218127006,0.5616634218127006,1
paper_baseline,1,28.0,0.5254246823252905,0.41907084061060074,2,0.5254246823252905,0.41907084061060074,2
paper_baseline,1,28.0,0.4049483171412489,0.4049483171412489,1,0.4049483171412489,0.4049483171412489,1
paper_baseline,1,28.0,0.4882619278130878,0.4049483171412489,2,0.4882619278130878,0.4049483171412489,2
paper_baseline,1,29.0,0.6325732882854149,0.6325732882854149,1,0.6325732882854149,0.6325732882854149,1
paper_baseline,1,29.0,0.5084082173407218,0.39034200567719,2,0.5084082173407218,0.39034200567719,2
paper_baseline,1,29.0,0.40133252560328053,0.341724366160325,3,0.40133252560328053,0.341724366160325,3
paper_baseline,1,29.0,0.6264744290042537,0.6264744290042537,1,0.6264744290042537,0.6264744290042537,1
paper_baseline,1,29.0,0.41396826627508315,0.37427011355959605,3,0.41396826627508315,0.37427011355959605,3
paper_baseline,1,30.0,0.4523593326879438,0.36173469694009885,3,0.4523593326879438,0.36173469694009885,3
paper_baseline,1,30.0,0.4916829844944823,0.37905123213767633,2,0.4916829844944823,0.37905123213767633,2
paper_baseline,1,30.0,0.5986375479443805,0.5986375479443805,1,0.5986375479443805,0.5986375479443805,1
paper_baseline,1,30.0,0.38925961691867905,0.37956513840980755,2,0.38925961691867905,0.37956513840980755,2
paper_baseline,1,30.0,0.4932756793543576,0.3914049913146681,2,0.4932756793543576,0.3914049913146681,2
paper_baseline,1,31.0,0.4478180638008043,0.3585245203322067,3,0.4478180638008043,0.3585245203322067,3
paper_baseline,1,31.0,0.45561850913166146,0.36023420646500415,2,0.45561850913166146,0.36023420646500415,2
paper_baseline,1,31.0,0.37850654940898143,0.35741851610617004,2,0.37850654940898143,0.35741851610617004,2
paper_baseline,1,31.0,0.6188529101587833,0.6188529101587833,1,0.6188529101587833,0.6188529101587833,1
paper_baseline,1,31.0,0.37925081837994207,0.35741851610617004,2,0.37925081837994207,0.35741851610617004,2
paper_baseline,1,32.0,0.4129336556524885,0.4129336556524885,1,0.4129336556524885,0.4129336556524885,1
paper_baseline,1,32.0,0.5813488248391399,0.5813488248391399,1,0.5813488248391399,0.5813488248391399,1
paper_baseline,1,32.0,0.4511035261479911,0.3873764084375406,4,0.4511035261479911,0.3873764084375406,4
paper_baseline,1,32.0,0.4129336556524885,0.4129336556524885,1,0.4129336556524885,0.4129336556524885,1
paper_baseline,1,32.0,0.35983585012260555,0.3588281778600121,2,0.35983585012260555,0.3588281778600121,2
paper_baseline,1,33.0,0.575719223758079,0.575719223758079,1,0.575719223758079,0.575719223758079,1
paper_baseline,1,33.0,0.3736991299924862,0.3613314174177368,2,0.3736991299924862,0.3613314174177368,2
paper_baseline,1,33.0,0.575719223758079,0.575719223758079,1,0.575719223758079,0.575719223758079,1
paper_baseline,1,33.0,0.41043843321995616,0.36170926489814814,3,0.41043843321995616,0.36170926489814814,3
paper_baseline,1,33.0,0.4751426830919028,0.3593041203593764,2,0.4751426830919028,0.3593041203593764,2
paper_baseline,1,34.0,0.5508037173205032,0.5508037173205032,1,0.5508037173205032,0.5508037173205032,1
paper_baseline,1,34.0,0.48084605933059565,0.3899040269505929,3,0.48084605933059565,0.3899040269505929,3
paper_baseline,1,34.0,0.4510696445824843,0.3513355718444654,2,0.4510696445824843,0.3513355718444654,2
paper_baseline,1,34.0,0.481338250640549,0.3788623083974707,2,0.481338250640549,0.3788623083974707,2
paper_baseline,1,34.0,0.6296753894386148,0.6296753894386148,1,0.6296753894386148,0.6296753894386148,1
paper_baseline,1,35.0,0.44264272279798517,0.3493430792990023,2,0.44264272279798517,0.3493430792990023,2
paper_baseline,1,35.0,0.48239874514061365,0.3983572059295095,2,0.48239874514061365,0.3983572059295095,2
paper_baseline,1,35.0,0.5892402558387049,0.5892402558387049,1,0.5892402558387049,0.5892402558387049,1
paper_baseline,1,35.0,0.4507161498828273,0.3493430792990023,4,0.4507161498828273,0.3493430792990023,4
paper_baseline,1,35.0,0.5657489962392681,0.535942366296968,2,0.5657489962392681,0.535942366296968,2
paper_baseline,1,36.0,0.4496411558029577,0.368759100642962,4,0.4496411558029577,0.368759100642962,4
paper_baseline,1,36.0,0.5244867265399541,0.5244867265399541,1,0.5244867265399541,0.5244867265399541,1
paper_baseline,1,36.0,0.48050226585173644,0.3879150622453176,2,0.48050226585173644,0.3879150622453176,2
paper_baseline,1,36.0,0.5036874301490808,0.35094682491750384,3,0.5036874301490808,0.35094682491750384,3
paper_baseline,1,36.0,0.5730894694581553,0.5730894694581553,1,0.5730894694581553,0.5730894694581553,1
paper_baseline,1,37.0,0.42179087790042163,0.3676597835169829,4,0.42179087790042163,0.3676597835169829,4
paper_baseline,1,37.0,0.455505933487006,0.39545653148018167,4,0.455505933487006,0.39545653148018167,4
paper_baseline,1,37.0,0.41205243988930357,0.35721763983279087,2,0.41205243988930357,0.35721763983279087,2
paper_baseline,1,37.0,0.4944414651909164,0.3822702020188723,2,0.4944414651909164,0.3822702020188723,2
paper_baseline,1,37.0,0.5239346005827672,0.5239346005827672,1,0.5239346005827672,0.5239346005827672,1
paper_baseline,1,38.0,0.5683795835188494,0.5683795835188494,1,0.5683795835188494,0.5683795835188494,1
paper_baseline,1,38.0,0.3889962136270462,0.3889962136270462,1,0.3889962136270462,0.3889962136270462,1
paper_baseline,1,38.0,0.538054760528847,0.538054760528847,1,0.538054760528847,0.538054760528847,1
paper_baseline,1,38.0,0.4826358369329971,0.3758826524514014,3,0.4826358369329971,0.3758826524514014,3
paper_baseline,1,38.0,0.3371818770110664,0.3371818770110664,1,0.3371818770110664,0.3371818770110664,1
paper_baseline,1,39.0,0.47688431845886964,0.3932273050618188,2,0.47688431845886964,0.3932273050618188,2
paper_baseline,1,39.0,0.6014744719895402,0.5889579872854811,2,0.6014744719895402,0.5889579872854811,2
paper_baseline,1,39.0,0.4287833125028693,0.3884362348151491,4,0.4287833125028693,0.3884362348151491,4
paper_baseline,1,39.0,0.45279959659693186,0.3914807525735454,2,0.45279959659693186,0.3914807525735454,2
paper_baseline,1,39.0,0.5250556674097,0.3914807525735454,2,0.5250556674097,0.3914807525735454,2
paper_baseline,1,40.0,0.47915044875705076,0.3531895308446439,2,0.47915044875705076,0.3531895308446439,2
paper_baseline,1,40.0,0.3990919181393644,0.3950184474449222,2,0.3990919181393644,0.3950184474449222,2
paper_baseline,1,40.0,0.4343522833033691,0.3531895308446439,3,0.4343522833033691,0.3531895308446439,3
paper_baseline,1,40.0,0.6192246175990939,0.6192246175990939,1,0.6192246175990939,0.6192246175990939,1
paper_baseline,1,40.0,0.4776276394050871,0.39797477752228727,2,0.4776276394050871,0.39797477752228727,2
paper_baseline,1,41.0,0.4363108402481357,0.36428411434625174,4,0.4363108402481357,0.36428411434625174,4
paper_baseline,1,41.0,0.5042036900246787,0.40367355578384134,2,0.5042036900246787,0.40367355578384134,2
paper_baseline,1,41.0,0.604733824265516,0.604733824265516,1,0.604733824265516,0.604733824265516,1
paper_baseline,1,41.0,0.4540648251431221,0.36428411434625174,3,0.4540648251431221,0.36428411434625174,3
paper_baseline,1,41.0,0.40367355578384134,0.40367355578384134,1,0.40367355578384134,0.40367355578384134,1
paper_baseline,1,42.0,0.5137616675813672,0.5137616675813672,1,0.5137616675813672,0.5137616675813672,1
paper_baseline,1,42.0,0.42857422882121643,0.35111394976460875,3,0.42857422882121643,0.35111394976460875,3
paper_baseline,1,42.0,0.5938683824265518,0.5938683824265518,1,0.5938683824265518,0.5938683824265518,1
paper_baseline,1,42.0,0.42853910730607303,0.38774277727375883,2,0.42853910730607303,0.38774277727375883,2
paper_baseline,1,42.0,0.5938683824265518,0.5938683824265518,1,0.5938683824265518,0.5938683824265518,1
paper_baseline,1,43.0,0.5725503705621765,0.5725503705621765,1,0.5725503705621765,0.5725503705621765,1
paper_baseline,1,43.0,0.5725503705621765,0.5725503705621765,1,0.5725503705621765,0.5725503705621765,1
paper_baseline,1,43.0,0.5284563173626292,0.381368707215065,3,0.5284563173626292,0.381368707215065,3
paper_baseline,1,43.0,0.4852116788154007,0.4852116788154007,1,0.4852116788154007,0.4852116788154007,1
paper_baseline,1,43.0,0.5959481680071115,0.5959481680071115,1,0.5959481680071115,0.5959481680071115,1
paper_baseline,1,44.0,0.39986448881332404,0.39986448881332404,1,0.39986448881332404,0.39986448881332404,1
paper_baseline,1,44.0,0.4760157362480906,0.3724649124700725,3,0.4760157362480906,0.3724649124700725,3
paper_baseline,1,44.0,0.5204048642390251,0.5057950259653775,2,0.5204048642390251,0.5057950259653775,2
paper_baseline,1,44.0,0.39986448881332404,0.39986448881332404,1,0.39986448881332404,0.39986448881332404,1
paper_baseline,1,44.0,0.5409103346417508,0.4985728472322931,2,0.5409103346417508,0.4985728472322931,2
paper_baseline,1,45.0,0.49130274441455274,0.39066956827134247,3,0.49130274441455274,0.39066956827134247,3
paper_baseline,1,45.0,0.4376113845117345,0.38757881168652353,4,0.4376113845117345,0.38757881168652353,4
paper_baseline,1,45.0,0.4372473398501104,0.3940608231240973,2,0.4372473398501104,0.3940608231240973,2
paper_baseline,1,45.0,0.49534439529454344,0.4058410186717524,2,0.49534439529454344,0.4058410186717524,2
paper_baseline,1,45.0,0.4058410186717524,0.4058410186717524,1,0.4058410186717524,0.4058410186717524,1
paper_baseline,1,46.0,0.504110461026868,0.4361143603727671,2,0.504110461026868,0.4361143603727671,2
paper_baseline,1,46.0,0.5752925055106755,0.5752925055106755,1,0.5752925055106755,0.5752925055106755,1
paper_baseline,1,46.0,0.5134660035283587,0.3932750098858506,3,0.5134660035283587,0.3932750098858506,3
paper_baseline,1,46.0,0.5031257434860387,0.3669534256644582,3,0.5031257434860387,0.3669534256644582,3
paper_baseline,1,46.0,0.3850070161896272,0.3850070161896272,2,0.3850070161896272,0.3850070161896272,2
paper_baseline,1,47.0,0.460790149960024,0.38953028650801214,3,0.460790149960024,0.38953028650801214,3
paper_baseline,1,47.0,0.47798941710042686,0.39746403051002566,2,0.47798941710042686,0.39746403051002566,2
paper_baseline,1,47.0,0.5585148036908281,0.5585148036908281,1,0.5585148036908281,0.5585148036908281,1
paper_baseline,1,47.0,0.39746403051002566,0.39746403051002566,1,0.39746403051002566,0.39746403051002566,1
paper_baseline,1,47.0,0.4237043392439051,0.3902314842360831,2,0.4237043392439051,0.3902314842360831,2
paper_baseline,1,48.0,0.4801654772101503,0.38814500370949767,2,0.4801654772101503,0.38814500370949767,2
paper_baseline,1,48.0,0.5149794673024781,0.49299708824878696,2,0.5149794673024781,0.49299708824878696,2
paper_baseline,1,48.0,0.47668671196167933,0.37098411471483206,2,0.47668671196167933,0.37098411471483206,2
paper_baseline,1,48.0,0.5005063150275032,0.38303632253726483,3,0.5005063150275032,0.38303632253726483,3
paper_baseline,1,48.0,0.4601439113293946,0.3841945093220711,2,0.4601439113293946,0.3841945093220711,2
paper_baseline,1,49.0,0.36729494165636833,0.36729494165636833,1,0.36729494165636833,0.36729494165636833,1
paper_baseline,1,49.0,0.3898629565722873,0.3702803369245342,2,0.3898629565722873,0.3702803369245342,2
paper_baseline,1,49.0,0.43484520627136186,0.36729494165636833,2,0.43484520627136186,0.36729494165636833,2
paper_baseline,1,49.0,0.489508426836099,0.3802584906425356,3,0.489508426836099,0.3802584906425356,3
paper_baseline,1,49.0,0.4548462033703595,0.3926672209412594,3,0.4548462033703595,0.3926672209412594,3
paper_baseline,1,50.0,0.5031678333923962,0.3923278111225956,3,0.5031678333923962,0.3923278111225956,3
paper_baseline,1,50.0,0.356860538158857,0.356860538158857,1,0.356860538158857,0.356860538158857,1
paper_baseline,1,50.0,0.4853394150836626,0.39025844325363745,3,0.4853394150836626,0.39025844325363745,3
paper_baseline,1,50.0,0.3685520111585058,0.3685520111585058,1,0.3685520111585058,0.3685520111585058,1
paper_baseline,1,50.0,0.45713119421335363,0.3694504520111058,2,0.45713119421335363,0.3694504520111058,2
paper_baseline,1,51.0,0.46612244977414524,0.3756916225379493,3,0.46612244977414524,0.3756916225379493,3
paper_baseline,1,51.0,0.40329951827681204,0.3483818218293273,3,0.40329951827681204,0.3483818218293273,3
paper_baseline,1,51.0,0.3794986886438825,0.3794986886438825,1,0.3794986886438825,0.3794986886438825,1
paper_baseline,1,51.0,0.38243503640257187,0.35890084083701435,2,0.38243503640257187,0.35890084083701435,2
paper_baseline,1,51.0,0.4059692319681294,0.4059692319681294,1,0.4059692319681294,0.4059692319681294,1
paper_baseline,1,52.0,0.5598432323098508,0.5598432323098508,1,0.5598432323098508,0.5598432323098508,1
paper_baseline,1,52.0,0.4917719289031988,0.39106968853383495,2,0.4917719289031988,0.39106968853383495,2
paper_baseline,1,52.0,0.4763769808911718,0.3890429706731172,3,0.4763769808911718,0.3890429706731172,3
paper_baseline,1,52.0,0.39199043626234414,0.362017029463784,3,0.39199043626234414,0.362017029463784,3
paper_baseline,1,52.0,0.5032948073302541,0.40171223460242556,2,0.5032948073302541,0.40171223460242556,2
paper_baseline,1,53.0,0.4675780318814722,0.37592367017537587,3,0.4675780318814722,0.37592367017537587,3
paper_baseline,1,53.0,0.44787077113846085,0.44787077113846085,1,0.44787077113846085,0.44787077113846085,1
paper_baseline,1,53.0,0.46574902466762613,0.3714284119611685,4,0.46574902466762613,0.3714284119611685,4
paper_baseline,1,53.0,0.4587440597594743,0.37158205729949634,3,0.4587440597594743,0.37158205729949634,3
paper_baseline,1,53.0,0.3916313133263466,0.38816740919293824,2,0.3916313133263466,0.38816740919293824,2
paper_baseline,1,54.0,0.3581630220216209,0.35483066103826966,2,0.3581630220216209,0.35483066103826966,2
paper_baseline,1,54.0,0.382011391324894,0.36778799681335983,2,0.382011391324894,0.36778799681335983,2
paper_baseline,1,54.0,0.44399634349951844,0.3614953830049722,3,0.44399634349951844,0.3614953830049722,3
paper_baseline,1,54.0,0.4646682876541586,0.38639593213699186,3,0.4646682876541586,0.38639593213699186,3
paper_baseline,1,54.0,0.5038044654127419,0.44954522995741386,2,0.5038044654127419,0.44954522995741386,2
paper_baseline,1,55.0,0.4797279697648409,0.36688076268745606,2,0.4797279697648409,0.36688076268745606,2
paper_baseline,1,55.0,0.515191067570046,0.3967218150579802,2,0.515191067570046,0.3967218150579802,2
paper_baseline,1,55.0,0.45611138785801025,0.36688076268745606,2,0.45611138785801025,0.36688076268745606,2
paper_baseline,1,55.0,0.3640655988719336,0.359158794405372,2,0.3640655988719336,0.359158794405372,2
paper_baseline,1,55.0,0.552516653854898,0.5036720451546052,2,0.552516653854898,0.5036720451546052,2
paper_baseline,1,56.0,0.3699172589840136,0.35070961715562354,2,0.3699172589840136,0.35070961715562354,2
paper_baseline,1,56.0,0.582895603387569,0.582895603387569,1,0.582895603387569,0.582895603387569,1
paper_baseline,1,56.0,0.444248462178898,0.38532204705296347,2,0.444248462178898,0.38532204705296347,2
paper_baseline,1,56.0,0.6154597055459388,0.6154597055459388,1,0.6154597055459388,0.6154597055459388,1
paper_baseline,1,56.0,0.4471898445923184,0.38636323379734083,3,0.4471898445923184,0.38636323379734083,3
paper_baseline,1,57.0,0.35696003729330766,0.35545766881373475,3,0.35696003729330766,0.35545766881373475,3
paper_baseline,1,57.0,0.38308095871503517,0.35451094393946014,4,0.38308095871503517,0.35451094393946014,4
paper_baseline,1,57.0,0.43851874227995563,0.392220343632696,3,0.43851874227995563,0.392220343632696,3
paper_baseline,1,57.0,0.4893784601910855,0.35451094393946014,2,0.4893784601910855,0.35451094393946014,2
paper_baseline,1,57.0,0.3610952627424797,0.3610952627424797,1,0.3610952627424797,0.3610952627424797,1
paper_baseline,1,58.0,0.3696935833852417,0.3568460055634566,2,0.3696935833852417,0.3568460055634566,2
paper_baseline,1,58.0,0.5357121577934679,0.4050825803564089,2,0.5357121577934679,0.4050825803564089,2
paper_baseline,1,58.0,0.373576892962696,0.3686413129041549,2,0.373576892962696,0.3686413129041549,2
paper_baseline,1,58.0,0.4713162647706678,0.38813410426294737,2,0.4713162647706678,0.38813410426294737,2
paper_baseline,1,58.0,0.5919444843821211,0.5919444843821211,1,0.5919444843821211,0.5919444843821211,1
paper_baseline,1,59.0,0.4336726739003065,0.3707511192994446,4,0.4336726739003065,0.3707511192994446,4
paper_baseline,1,59.0,0.4380994470009785,0.37376347358516493,2,0.4380994470009785,0.37376347358516493,2
paper_baseline,1,59.0,0.4567968467841507,0.35933834567463097,3,0.4567968467841507,0.35933834567463097,3
paper_baseline,1,59.0,0.3680132520420666,0.3680132520420666,1,0.3680132520420666,0.3680132520420666,1
paper_baseline,1,59.0,0.44743339106484753,0.3707511192994446,3,0.44743339106484753,0.3707511192994446,3
paper_baseline,1,60.0,0.3620777399076127,0.3620777399076127,2,0.3620777399076127,0.3620777399076127,2
paper_baseline,1,60.0,0.3771335087424619,0.3771335087424619,1,0.3771335087424619,0.3771335087424619,1
paper_baseline,1,60.0,0.4033624724510658,0.3751560226813797,2,0.4033624724510658,0.3751560226813797,2
paper_baseline,1,60.0,0.40336012933332915,0.37515133644590637,2,0.40336012933332915,0.37515133644590637,2
paper_baseline,1,60.0,0.48745374082085996,0.4428651816813488,2,0.48745374082085996,0.4428651816813488,2
paper_baseline,4,1.0,0.3801349635816319,0.3801349635816319,1,0.3801349635816319,0.3801349635816319,1
paper_baseline,4,1.0,0.37375597034297453,0.37054660987721544,2,0.37375597034297453,0.37054660987721544,2
paper_baseline,4,1.0,0.44261085463899597,0.3769653308087336,2,0.44261085463899597,0.3769653308087336,2
paper_baseline,4,1.0,0.39184899896218317,0.3750288624716259,2,0.39184899896218317,0.3750288624716259,2
paper_baseline,4,1.0,0.37102800209985476,0.35775639894923017,2,0.37102800209985476,0.35775639894923017,2
paper_baseline,4,2.0,0.4038007159935951,0.4038007159935951,1,0.4038007159935951,0.4038007159935951,1
paper_baseline,4,2.0,0.38593459023858223,0.3559278719910024,4,0.38593459023858223,0.3559278719910024,4
paper_baseline,4,2.0,0.38658743593942435,0.37316505711152026,3,0.38658743593942435,0.37316505711152026,3
paper_baseline,4,2.0,0.49854131437344273,0.49854131437344273,1,0.49854131437344273,0.49854131437344273,1
paper_baseline,4,2.0,0.46039876719619444,0.38206311253441627,4,0.46039876719619444,0.38206311253441627,4
paper_baseline,4,3.0,0.4103705022012143,0.4103705022012143,1,0.4103705022012143,0.4103705022012143,1
paper_baseline,4,3.0,0.362891565250037,0.3568070940127287,2,0.362891565250037,0.3568070940127287,2
paper_baseline,4,3.0,0.3748157967205829,0.3529341573385131,2,0.3748157967205829,0.3529341573385131,2
paper_baseline,4,3.0,0.38786509328504576,0.37020040764983186,3,0.38786509328504576,0.37020040764983186,3
paper_baseline,4,3.0,0.36897603648734534,0.36897603648734534,2,0.36897603648734534,0.36897603648734534,2
paper_baseline,4,4.0,0.557435578336047,0.557435578336047,1,0.557435578336047,0.557435578336047,1
paper_baseline,4,4.0,0.43025659679092315,0.3726371974416314,3,0.43025659679092315,0.3726371974416314,3
paper_baseline,4,4.0,0.4608909659699489,0.35355647887850483,4,0.4608909659699489,0.35355647887850483,4
paper_baseline,4,4.0,0.4743063009846463,0.37153377327782156,4,0.4743063009846463,0.37153377327782156,4
paper_baseline,4,4.0,0.4021289936335649,0.4021289936335649,1,0.4021289936335649,0.4021289936335649,1
paper_baseline,4,5.0,0.3640619657230834,0.3527727718135045,2,0.3640619657230834,0.3527727718135045,2
paper_baseline,4,5.0,0.41166437708083337,0.41166437708083337,1,0.41166437708083337,0.41166437708083337,1
paper_baseline,4,5.0,0.3698632882945736,0.3534214731734081,2,0.3698632882945736,0.3534214731734081,2
paper_baseline,4,5.0,0.35449383128183287,0.35449383128183287,1,0.35449383128183287,0.35449383128183287,1
paper_baseline,4,5.0,0.41166437708083337,0.41166437708083337,1,0.41166437708083337,0.41166437708083337,1
paper_baseline,4,6.0,0.4462855348640343,0.3852053124007795,3,0.4462855348640343,0.3852053124007795,3
paper_baseline,4,6.0,0.42971133481112145,0.3620450415679618,3,0.42971133481112145,0.3620450415679618,3
paper_baseline,4,6.0,0.4007234389175533,0.3921186154648929,2,0.4007234389175533,0.3921186154648929,2
paper_baseline,4,6.0,0.3801931494822339,0.34386792398188903,3,0.3801931494822339,0.34386792398188903,3
paper_baseline,4,6.0,0.4024528177702049,0.4024528177702049,1,0.4024528177702049,0.4024528177702049,1
paper_baseline,4,7.0,0.4249963738941398,0.40482995020479895,3,0.4249963738941398,0.40482995020479895,3
paper_baseline,4,7.0,0.4536900528397847,0.35069508456022314,4,0.4536900528397847,0.35069508456022314,4
paper_baseline,4,7.0,0.6232392176171583,0.6232392176171583,1,0.6232392176171583,0.6232392176171583,1
paper_baseline,4,7.0,0.570972836948807,0.570972836948807,1,0.570972836948807,0.570972836948807,1
paper_baseline,4,7.0,0.4655265140259386,0.359750418470297,2,0.4655265140259386,0.359750418470297,2
paper_baseline,4,8.0,0.5830453501618775,0.5830453501618775,1,0.5830453501618775,0.5830453501618775,1
paper_baseline,4,8.0,0.3982165662109785,0.38370529581466517,2,0.3982165662109785,0.38370529581466517,2
paper_baseline,4,8.0,0.49701762249602227,0.3829501800514854,3,0.49701762249602227,0.3829501800514854,3
paper_baseline,4,8.0,0.4821875325065526,0.3829501800514854,2,0.4821875325065526,0.3829501800514854,2
paper_baseline,4,8.0,0.3899371991792243,0.3899371991792243,1,0.3899371991792243,0.3899371991792243,1
paper_baseline,4,9.0,0.3725136703807277,0.3725136703807277,1,0.3725136703807277,0.3725136703807277,1
paper_baseline,4,9.0,0.40495711041455273,0.40495711041455273,1,0.40495711041455273,0.40495711041455273,1
paper_baseline,4,9.0,0.41442662329353896,0.41442662329353896,1,0.41442662329353896,0.41442662329353896,1
paper_baseline,4,9.0,0.4781323310088014,0.3679561747470881,3,0.4781323310088014,0.3679561747470881,3
paper_baseline,4,9.0,0.38902750785119955,0.3830476958727955,3,0.38902750785119955,0.3830476958727955,3
paper_baseline,4,10.0,0.5021674581707968,0.41357493948700985,2,0.5021674581707968,0.41357493948700985,2
paper_baseline,4,10.0,0.5332215791220634,0.49335509230775876,2,0.5332215791220634,0.49335509230775876,2
paper_baseline,4,10.0,0.49069809695462674,0.49069809695462674,1,0.49069809695462674,0.49069809695462674,1
paper_baseline,4,10.0,0.41770973210431794,0.37271665282735333,3,0.41770973210431794,0.37271665282735333,3
paper_baseline,4,10.0,0.37736650415784934,0.37736650415784934,1,0.37736650415784934,0.37736650415784934,1
paper_baseline,4,11.0,0.3952638692824636,0.3952638692824636,2,0.3952638692824636,0.3952638692824636,2
paper_baseline,4,11.0,0.3899049747285537,0.3899049747285537,1,0.3899049747285537,0.3899049747285537,1
paper_baseline,4,11.0,0.4417661442548117,0.3518779641097548,3,0.4417661442548117,0.3518779641097548,3
paper_baseline,4,11.0,0.5576960377405531,0.5445304647884157,2,0.5576960377405531,0.5445304647884157,2
paper_baseline,4,11.0,0.4616631626096691,0.39636471338404644,2,0.4616631626096691,0.39636471338404644,2
paper_baseline,4,12.0,0.4046819224334498,0.35546856826028506,4,0.4046819224334498,0.35546856826028506,4
paper_baseline,4,12.0,0.49065568071987686,0.38469714545074485,2,0.49065568071987686,0.38469714545074485,2
paper_baseline,4,12.0,0.38420409029375324,0.38420409029375324,1,0.38420409029375324,0.38420409029375324,1
paper_baseline,4,12.0,0.5798337631110698,0.5798337631110698,1,0.5798337631110698,0.5798337631110698,1
paper_baseline,4,12.0,0.4909410266309475,0.4029479791004429,2,0.4909410266309475,0.4029479791004429,2
paper_baseline,4,13.0,0.4344932685718857,0.35100342832350184,3,0.4344932685718857,0.35100342832350184,3
paper_baseline,4,13.0,0.35100342832350184,0.35100342832350184,1,0.35100342832350184,0.35100342832350184,1
paper_baseline,4,13.0,0.4020962952939139,0.4020962952939139,1,0.4020962952939139,0.4020962952939139,1
paper_baseline,4,13.0,0.572235313164879,0.572235313164879,1,0.572235313164879,0.572235313164879,1
paper_baseline,4,13.0,0.39555662736371877,0.39555662736371877,1,0.39555662736371877,0.39555662736371877,1
paper_baseline,4,14.0,0.5420746876947207,0.48229208919384936,2,0.5420746876947207,0.48229208919384936,2
paper_baseline,4,14.0,0.40080442127887894,0.40080442127887894,1,0.40080442127887894,0.40080442127887894,1
paper_baseline,4,14.0,0.5333181026167042,0.4992574116444233,2,0.5333181026167042,0.4992574116444233,2
paper_baseline,4,14.0,0.45064181201178094,0.4020262123791386,2,0.45064181201178094,0.4020262123791386,2
paper_baseline,4,14.0,0.4303833511184788,0.4303833511184788,1,0.4303833511184788,0.4303833511184788,1
paper_baseline,4,15.0,0.4338192301466128,0.3447217139616645,3,0.4338192301466128,0.3447217139616645,3
paper_baseline,4,15.0,0.49105146354260937,0.39925048665765583,3,0.49105146354260937,0.39925048665765583,3
paper_baseline,4,15.0,0.38036021881033866,0.38036021881033866,1,0.38036021881033866,0.38036021881033866,1
paper_baseline,4,15.0,0.5016524300485712,0.47318181678167504,2,0.5016524300485712,0.47318181678167504,2
paper_baseline,4,15.0,0.5630624352969469,0.5630624352969469,1,0.5630624352969469,0.5630624352969469,1
paper_baseline,4,16.0,0.43984864524964995,0.43984864524964995,1,0.43984864524964995,0.43984864524964995,1
paper_baseline,4,16.0,0.49675177127555786,0.38934030968118327,2,0.49675177127555786,0.38934030968118327,2
paper_baseline,4,16.0,0.3877135094445592,0.3877135094445592,1,0.3877135094445592,0.3877135094445592,1
paper_baseline,4,16.0,0.4687557521453671,0.3742793807218803,3,0.4687557521453671,0.3742793807218803,3
paper_baseline,4,16.0,0.3895780234983689,0.35795000892490914,4,0.3895780234983689,0.35795000892490914,4
paper_baseline,4,17.0,0.3502601597848333,0.32664785151899844,2,0.3502601597848333,0.32664785151899844,2
paper_baseline,4,17.0,0.4011075522633727,0.3908418532429012,2,0.4011075522633727,0.3908418532429012,2
paper_baseline,4,17.0,0.3960686002360486,0.3723226404672757,2,0.3960686002360486,0.3723226404672757,2
paper_baseline,4,17.0,0.38798226990036144,0.38798226990036144,1,0.38798226990036144,0.38798226990036144,1
paper_baseline,4,17.0,0.4828699149416189,0.4828699149416189,1,0.4828699149416189,0.4828699149416189,1
paper_baseline,4,18.0,0.47875264871636075,0.3697854315305096,3,0.47875264871636075,0.3697854315305096,3
paper_baseline,4,18.0,0.3972180294748415,0.3972180294748415,1,0.3972180294748415,0.3972180294748415,1
paper_baseline,4,18.0,0.4728696576504066,0.38805522807486814,2,0.4728696576504066,0.38805522807486814,2
paper_baseline,4,18.0,0.37220848587731864,0.33710921403406424,3,0.37220848587731864,0.33710921403406424,3
paper_baseline,4,18.0,0.37578971755690227,0.37578971755690227,1,0.37578971755690227,0.37578971755690227,1
paper_baseline,4,19.0,0.3884501882129068,0.3884501882129068,1,0.3884501882129068,0.3884501882129068,1
paper_baseline,4,19.0,0.4286838572568191,0.4286838572568191,1,0.4286838572568191,0.4286838572568191,1
paper_baseline,4,19.0,0.3807940904991052,0.3807940904991052,1,0.3807940904991052,0.3807940904991052,1
paper_baseline,4,19.0,0.3884501882129068,0.3884501882129068,2,0.3884501882129068,0.3884501882129068,2
paper_baseline,4,19.0,0.3720679020783062,0.36614170649528033,3,0.3720679020783062,0.36614170649528033,3
paper_baseline,4,20.0,0.6000797790332664,0.6000797790332664,1,0.6000797790332664,0.6000797790332664,1
paper_baseline,4,20.0,0.4459809623665142,0.4459809623665142,1,0.4459809623665142,0.4459809623665142,1
paper_baseline,4,20.0,0.43107828704943674,0.43107828704943674,1,0.43107828704943674,0.43107828704943674,1
paper_baseline,4,20.0,0.44467294967663845,0.3656626047360464,2,0.44467294967663845,0.3656626047360464,2
paper_baseline,4,20.0,0.6000797790332664,0.6000797790332664,1,0.6000797790332664,0.6000797790332664,1
paper_baseline,4,21.0,0.34096140490180216,0.34096140490180216,1,0.34096140490180216,0.34096140490180216,1
paper_baseline,4,21.0,0.501386043896303,0.3656444389917959,3,0.501386043896303,0.3656444389917959,3
paper_baseline,4,21.0,0.42098147306469275,0.3636088225491121,3,0.42098147306469275,0.3636088225491121,3
paper_baseline,4,21.0,0.410561974884387,0.37256816761347933,2,0.410561974884387,0.37256816761347933,2
paper_baseline,4,21.0,0.3656444389917959,0.3656444389917959,1,0.3656444389917959,0.3656444389917959,1
paper_baseline,4,22.0,0.3568361592035295,0.3385162957256793,2,0.3568361592035295,0.3385162957256793,2
paper_baseline,4,22.0,0.5524900057600541,0.5524900057600541,1,0.5524900057600541,0.5524900057600541,1
paper_baseline,4,22.0,0.5740171793904085,0.5740171793904085,1,0.5740171793904085,0.5740171793904085,1
paper_baseline,4,22.0,0.5439785933942013,0.5439785933942013,1,0.5439785933942013,0.5439785933942013,1
paper_baseline,4,22.0,0.35520276919658444,0.35520276919658444,1,0.35520276919658444,0.35520276919658444,1
paper_baseline,4,23.0,0.5201421515725275,0.5201421515725275,1,0.5201421515725275,0.5201421515725275,1
paper_baseline,4,23.0,0.5164798640328667,0.5164798640328667,1,0.5164798640328667,0.5164798640328667,1
paper_baseline,4,23.0,0.49134481447165923,0.3586091358423824,3,0.49134481447165923,0.3586091358423824,3
paper_baseline,4,23.0,0.6099847475236813,0.6099847475236813,1,0.6099847475236813,0.6099847475236813,1
paper_baseline,4,23.0,0.4930699066973957,0.3915725900507535,2,0.4930699066973957,0.3915725900507535,2
paper_baseline,4,24.0,0.4852507590319615,0.4333324768228798,2,0.4852507590319615,0.4333324768228798,2
paper_baseline,4,24.0,0.6319130167451502,0.6319130167451502,1,0.6319130167451502,0.6319130167451502,1
paper_baseline,4,24.0,0.4850256346782887,0.3555692433414649,3,0.4850256346782887,0.3555692433414649,3
paper_baseline,4,24.0,0.41258461682653397,0.3987433727942442,2,0.41258461682653397,0.3987433727942442,2
paper_baseline,4,24.0,0.38526702327690016,0.3441081856949766,2,0.38526702327690016,0.3441081856949766,2
paper_baseline,4,25.0,0.3554389238718414,0.3554389238718414,1,0.3554389238718414,0.3554389238718414,1
paper_baseline,4,25.0,0.47385745981650396,0.397604091030914,2,0.47385745981650396,0.397604091030914,2
paper_baseline,4,25.0,0.47924476245872727,0.4314316930109583,2,0.47924476245872727,0.4314316930109583,2
paper_baseline,4,25.0,0.49748655858697755,0.4541552464276216,2,0.49748655858697755,0.4541552464276216,2
paper_baseline,4,25.0,0.4314316930109583,0.4314316930109583,1,0.4314316930109583,0.4314316930109583,1
paper_baseline,4,26.0,0.45393869224696615,0.45393869224696615,1,0.45393869224696615,0.45393869224696615,1
paper_baseline,4,26.0,0.32327992253494797,0.32327992253494797,1,0.32327992253494797,0.32327992253494797,1
paper_baseline,4,26.0,0.4915097134206074,0.34111657721573374,3,0.4915097134206074,0.34111657721573374,3
paper_baseline,4,26.0,0.40194236035676467,0.3952285908805857,2,0.40194236035676467,0.3952285908805857,2
paper_baseline,4,26.0,0.4290494682175824,0.4290494682175824,1,0.4290494682175824,0.4290494682175824,1
paper_baseline,4,27.0,0.38684353459982596,0.3313698919375161,3,0.38684353459982596,0.3313698919375161,3
paper_baseline,4,27.0,0.6289982676063983,0.6289982676063983,1,0.6289982676063983,0.6289982676063983,1
paper_baseline,4,27.0,0.542710291421859,0.4301130353459037,2,0.542710291421859,0.4301130353459037,2
paper_baseline,4,27.0,0.43032544103899345,0.3313698919375161,3,0.43032544103899345,0.3313698919375161,3
paper_baseline,4,27.0,0.5067748506447919,0.4427253942852615,3,0.5067748506447919,0.4427253942852615,3
paper_baseline,4,28.0,0.3702992661565866,0.36515396389703125,2,0.3702992661565866,0.36515396389703125,2
paper_baseline,4,28.0,0.3702992661565866,0.36515396389703125,2,0.3702992661565866,0.36515396389703125,2
paper_baseline,4,28.0,0.592932321742393,0.592932321742393,1,0.592932321742393,0.592932321742393,1
paper_baseline,4,28.0,0.562224584660036,0.47467260802703337,2,0.562224584660036,0.47467260802703337,2
paper_baseline,4,28.0,0.592932321742393,0.592932321742393,1,0.592932321742393,0.592932321742393,1
paper_baseline,4,29.0,0.4557035001578659,0.36139060088596175,3,0.4557035001578659,0.36139060088596175,3
paper_baseline,4,29.0,0.4562812085499918,0.36139060088596175,4,0.4562812085499918,0.36139060088596175,4
paper_baseline,4,29.0,0.514423840640116,0.514423840640116,1,0.514423840640116,0.514423840640116,1
paper_baseline,4,29.0,0.4095768881786063,0.34831642515002537,3,0.4095768881786063,0.34831642515002537,3
paper_baseline,4,29.0,0.3795333878481175,0.3795333878481175,1,0.3795333878481175,0.3795333878481175,1
paper_baseline,4,30.0,0.4331074385217196,0.4331074385217196,1,0.4331074385217196,0.4331074385217196,1
paper_baseline,4,30.0,0.38976990344512175,0.3335305624167074,4,0.38976990344512175,0.3335305624167074,4
paper_baseline,4,30.0,0.39603849347533854,0.37866248521071477,2,0.39603849347533854,0.37866248521071477,2
paper_baseline,4,30.0,0.4134145017399623,0.4134145017399623,1,0.4134145017399623,0.4134145017399623,1
paper_baseline,4,30.0,0.3841464338011319,0.3841464338011319,1,0.3841464338011319,0.3841464338011319,1
paper_baseline,4,31.0,0.48559186939605187,0.41100325256940284,2,0.48559186939605187,0.41100325256940284,2
paper_baseline,4,31.0,0.642462418872078,0.642462418872078,1,0.642462418872078,0.642462418872078,1
paper_baseline,4,31.0,0.4642766189355296,0.36481666025161397,3,0.4642766189355296,0.36481666025161397,3
paper_baseline,4,31.0,0.522346980028658,0.41100325256940284,3,0.522346980028658,0.41100325256940284,3
paper_baseline,4,31.0,0.4104000412809956,0.4104000412809956,1,0.4104000412809956,0.4104000412809956,1
paper_baseline,4,32.0,0.40510291025753764,0.40510291025753764,1,0.40510291025753764,0.40510291025753764,1
paper_baseline,4,32.0,0.48229288278144944,0.43158691080686973,2,0.48229288278144944,0.43158691080686973,2
paper_baseline,4,32.0,0.5329988547560292,0.5329988547560292,1,0.5329988547560292,0.5329988547560292,1
paper_baseline,4,32.0,0.4558428890171915,0.4558428890171915,1,0.4558428890171915,0.4558428890171915,1
paper_baseline,4,32.0,0.3985046380567603,0.3985046380567603,1,0.3985046380567603,0.3985046380567603,1
paper_baseline,4,33.0,0.4254609702402985,0.4254609702402985,1,0.4254609702402985,0.4254609702402985,1
paper_baseline,4,33.0,0.619792600409306,0.619792600409306,1,0.619792600409306,0.619792600409306,1
paper_baseline,4,33.0,0.4193681796186668,0.4193681796186668,1,0.4193681796186668,0.4193681796186668,1
paper_baseline,4,33.0,0.5848999606613086,0.5848999606613086,1,0.5848999606613086,0.5848999606613086,1
paper_baseline,4,33.0,0.5070858593736309,0.5070858593736309,1,0.5070858593736309,0.5070858593736309,1
paper_baseline,4,34.0,0.5205740942936001,0.5205740942936001,1,0.5205740942936001,0.5205740942936001,1
paper_baseline,4,34.0,0.46598189113558014,0.40394967509644963,2,0.46598189113558014,0.40394967509644963,2
paper_baseline,4,34.0,0.40394967509644963,0.40394967509644963,1,0.40394967509644963,0.40394967509644963,1
paper_baseline,4,34.0,0.46345134520131515,0.43188801055614034,2,0.46345134520131515,0.43188801055614034,2
paper_baseline,4,34.0,0.47060559353599185,0.3613754890929186,2,0.47060559353599185,0.3613754890929186,2
paper_baseline,4,35.0,0.49212754748010823,0.4628986533005752,2,0.49212754748010823,0.4628986533005752,2
paper_baseline,4,35.0,0.4289923909226039,0.4289923909226039,1,0.4289923909226039,0.4289923909226039,1
paper_baseline,4,35.0,0.6283263646842863,0.6283263646842863,1,0.6283263646842863,0.6283263646842863,1
paper_baseline,4,35.0,0.42128539499912177,0.42128539499912177,1,0.42128539499912177,0.42128539499912177,1
paper_baseline,4,35.0,0.5706869658797418,0.5213564416596412,2,0.5706869658797418,0.5213564416596412,2
paper_baseline,4,36.0,0.44242263768192536,0.44242263768192536,1,0.44242263768192536,0.44242263768192536,1
paper_baseline,4,36.0,0.5006791638911654,0.5006791638911654,1,0.5006791638911654,0.5006791638911654,1
paper_baseline,4,36.0,0.3760643098939068,0.3760643098939068,1,0.3760643098939068,0.3760643098939068,1
paper_baseline,4,36.0,0.3830611753815727,0.3830611753815727,1,0.3830611753815727,0.3830611753815727,1
paper_baseline,4,36.0,0.3760643098939068,0.3760643098939068,1,0.3760643098939068,0.3760643098939068,1
paper_baseline,4,37.0,0.40280446972086353,0.38793217490294485,2,0.40280446972086353,0.38793217490294485,2
paper_baseline,4,37.0,0.3678676467809268,0.3577760916690844,3,0.3678676467809268,0.3577760916690844,3
paper_baseline,4,37.0,0.5592648087293638,0.5592648087293638,1,0.5592648087293638,0.5592648087293638,1
paper_baseline,4,37.0,0.4380893127706034,0.36695237257783486,3,0.4380893127706034,0.36695237257783486,3
paper_baseline,4,37.0,0.44274078700237296,0.3599736728344195,4,0.44274078700237296,0.3599736728344195,4
paper_baseline,4,38.0,0.5774656774010116,0.5326761631303575,2,0.5774656774010116,0.5326761631303575,2
paper_baseline,4,38.0,0.4116286175309147,0.36430275397948275,2,0.4116286175309147,0.36430275397948275,2
paper_baseline,4,38.0,0.5031481114388221,0.4119498688643882,3,0.5031481114388221,0.4119498688643882,3
paper_baseline,4,38.0,0.4203471289436119,0.4203471289436119,1,0.4203471289436119,0.4203471289436119,1
paper_baseline,4,38.0,0.46866828449050235,0.3589055270724876,4,0.46866828449050235,0.3589055270724876,4
paper_baseline,4,39.0,0.36064446268624495,0.3506582791827416,4,0.36064446268624495,0.3506582791827416,4
paper_baseline,4,39.0,0.39985646121486645,0.3506582791827416,3,0.39985646121486645,0.3506582791827416,3
paper_baseline,4,39.0,0.5029304481675746,0.39977308089442865,2,0.5029304481675746,0.39977308089442865,2
paper_baseline,4,39.0,0.4211001143934241,0.3669669051732354,3,0.4211001143934241,0.3669669051732354,3
paper_baseline,4,39.0,0.6060878154407205,0.6060878154407205,1,0.6060878154407205,0.6060878154407205,1
paper_baseline,4,40.0,0.3958539356322304,0.3680164113019362,3,0.3958539356322304,0.3680164113019362,3
paper_baseline,4,40.0,0.5032969171638679,0.4223925917462229,2,0.5032969171638679,0.4223925917462229,2
paper_baseline,4,40.0,0.42298388241904633,0.37939954053830627,3,0.42298388241904633,0.37939954053830627,3
paper_baseline,4,40.0,0.37965538793341747,0.37965538793341747,1,0.37965538793341747,0.37965538793341747,1
paper_baseline,4,40.0,0.4097726977973775,0.37939954053830627,2,0.4097726977973775,0.37939954053830627,2
paper_baseline,4,41.0,0.423772353511787,0.3572186929194141,3,0.423772353511787,0.3572186929194141,3
paper_baseline,4,41.0,0.4331166672605327,0.3741517466231461,3,0.4331166672605327,0.3741517466231461,3
paper_baseline,4,41.0,0.4283359368877797,0.3646801275709134,2,0.4283359368877797,0.3646801275709134,2
paper_baseline,4,41.0,0.4396349923606289,0.3654918467400914,3,0.4396349923606289,0.3654918467400914,3
paper_baseline,4,41.0,0.5965718980001633,0.5824751079429289,2,0.5965718980001633,0.5824751079429289,2
paper_baseline,4,42.0,0.4233751883580894,0.37214308919801664,3,0.4233751883580894,0.37214308919801664,3
paper_baseline,4,42.0,0.4588495425477579,0.4588495425477579,1,0.4588495425477579,0.4588495425477579,1
paper_baseline,4,42.0,0.3932404613381437,0.3356886528336719,4,0.3932404613381437,0.3356886528336719,4
paper_baseline,4,42.0,0.38940723333608895,0.38940723333608895,1,0.38940723333608895,0.38940723333608895,1
paper_baseline,4,42.0,0.5139606645653736,0.39999633525855127,2,0.5139606645653736,0.39999633525855127,2
paper_baseline,4,43.0,0.436048141162311,0.3699606198257247,3,0.436048141162311,0.3699606198257247,3
paper_baseline,4,43.0,0.4937918874621207,0.35126654201631335,3,0.4937918874621207,0.35126654201631335,3
paper_baseline,4,43.0,0.6048276070472041,0.5732593127596456,2,0.6048276070472041,0.5732593127596456,2
paper_baseline,4,43.0,0.4453949233635606,0.41348305767913396,2,0.4453949233635606,0.41348305767913396,2
paper_baseline,4,43.0,0.4234118955363255,0.4234118955363255,1,0.4234118955363255,0.4234118955363255,1
paper_baseline,4,44.0,0.5557910520318485,0.5557910520318485,1,0.5557910520318485,0.5557910520318485,1
paper_baseline,4,44.0,0.4151288588100009,0.3729278493496401,2,0.4151288588100009,0.3729278493496401,2
paper_baseline,4,44.0,0.5325504719893812,0.5325504719893812,1,0.5325504719893812,0.5325504719893812,1
paper_baseline,4,44.0,0.47477641466729287,0.36029855005768274,2,0.47477641466729287,0.36029855005768274,2
paper_baseline,4,44.0,0.42092269343753275,0.42092269343753275,1,0.42092269343753275,0.42092269343753275,1
paper_baseline,4,45.0,0.5430822692844114,0.5430822692844114,1,0.5430822692844114,0.5430822692844114,1
paper_baseline,4,45.0,0.3955301422351447,0.3955301422351447,1,0.3955301422351447,0.3955301422351447,1
paper_baseline,4,45.0,0.5271286458539174,0.40941287788038927,2,0.5271286458539174,0.40941287788038927,2
paper_baseline,4,45.0,0.45340136850243756,0.3955301422351447,3,0.45340136850243756,0.3955301422351447,3
paper_baseline,4,45.0,0.6614502603565051,0.6614502603565051,1,0.6614502603565051,0.6614502603565051,1
paper_baseline,4,46.0,0.3775002177875336,0.35171705247372687,2,0.3775002177875336,0.35171705247372687,2
paper_baseline,4,46.0,0.4032833831013404,0.4032833831013404,2,0.4032833831013404,0.4032833831013404,2
paper_baseline,4,46.0,0.3994499925555588,0.37578608440805217,3,0.3994499925555588,0.37578608440805217,3
paper_baseline,4,46.0,0.36158937098609445,0.36158937098609445,1,0.36158937098609445,0.36158937098609445,1
paper_baseline,4,46.0,0.41218945997281886,0.37806043558822,2,0.41218945997281886,0.37806043558822,2
paper_baseline,4,47.0,0.5795627902485074,0.5285477918926279,2,0.5795627902485074,0.5285477918926279,2
paper_baseline,4,47.0,0.6305777886043868,0.6305777886043868,1,0.6305777886043868,0.6305777886043868,1
paper_baseline,4,47.0,0.4394355290785461,0.4394355290785461,1,0.4394355290785461,0.4394355290785461,1
paper_baseline,4,47.0,0.4580981495921177,0.3639223264368445,3,0.4580981495921177,0.3639223264368445,3
paper_baseline,4,47.0,0.4498580720560961,0.37116835221956435,2,0.4498580720560961,0.37116835221956435,2
paper_baseline,4,48.0,0.3691805459095746,0.3691805459095746,1,0.3691805459095746,0.3691805459095746,1
paper_baseline,4,48.0,0.44687979845927056,0.35601764762563193,3,0.44687979845927056,0.35601764762563193,3
paper_baseline,4,48.0,0.43189891067611014,0.3691805459095746,3,0.43189891067611014,0.3691805459095746,3
paper_baseline,4,48.0,0.38982357113257887,0.389534498854505,2,0.38982357113257887,0.389534498854505,2
paper_baseline,4,48.0,0.5570572307028556,0.5570572307028556,1,0.5570572307028556,0.5570572307028556,1
paper_baseline,4,49.0,0.5301819568431245,0.4769167371940538,2,0.5301819568431245,0.4769167371940538,2
paper_baseline,4,49.0,0.4575624483207334,0.37443771229568146,3,0.4575624483207334,0.37443771229568146,3
paper_baseline,4,49.0,0.5301819568431245,0.4769167371940538,2,0.5301819568431245,0.4769167371940538,2
paper_baseline,4,49.0,0.4541802283019341,0.33571877111109594,3,0.4541802283019341,0.33571877111109594,3
paper_baseline,4,49.0,0.512800752092869,0.4220469687164822,2,0.512800752092869,0.4220469687164822,2
paper_baseline,4,50.0,0.4777331800299503,0.3622401785192444,2,0.4777331800299503,0.3622401785192444,2
paper_baseline,4,50.0,0.3820424193822699,0.38089850403779735,2,0.3820424193822699,0.38089850403779735,2
paper_baseline,4,50.0,0.3805382431039939,0.3622401785192444,2,0.3805382431039939,0.3622401785192444,2
paper_baseline,4,50.0,0.5976914635512243,0.5976914635512243,1,0.5976914635512243,0.5976914635512243,1
paper_baseline,4,50.0,0.38782249363517035,0.3729034703943124,2,0.38782249363517035,0.3729034703943124,2
paper_baseline,4,51.0,0.4680887353753707,0.38708412424526595,2,0.4680887353753707,0.38708412424526595,2
paper_baseline,4,51.0,0.38708412424526595,0.38708412424526595,1,0.38708412424526595,0.38708412424526595,1
paper_baseline,4,51.0,0.3931151513364459,0.3931151513364459,1,0.3931151513364459,0.3931151513364459,1
paper_baseline,4,51.0,0.6174602716355062,0.6174602716355062,1,0.6174602716355062,0.6174602716355062,1
paper_baseline,4,51.0,0.3931151513364459,0.3931151513364459,1,0.3931151513364459,0.3931151513364459,1
paper_baseline,4,52.0,0.4773905144422269,0.35330263234797776,2,0.4773905144422269,0.35330263234797776,2
paper_baseline,4,52.0,0.47473500001222124,0.3942725988440269,3,0.47473500001222124,0.3942725988440269,3
paper_baseline,4,52.0,0.503607935758988,0.3897726543943463,2,0.503607935758988,0.3897726543943463,2
paper_baseline,4,52.0,0.39388356231824384,0.3843167179081066,2,0.39388356231824384,0.3843167179081066,2
paper_baseline,4,52.0,0.4281047304853198,0.3565735193996985,3,0.4281047304853198,0.3565735193996985,3
paper_baseline,4,53.0,0.5897544356161065,0.5823696350733047,2,0.5897544356161065,0.5823696350733047,2
paper_baseline,4,53.0,0.359652323451344,0.359652323451344,2,0.359652323451344,0.359652323451344,2
paper_baseline,4,53.0,0.38042408851403686,0.38042408851403686,1,0.38042408851403686,0.38042408851403686,1
paper_baseline,4,53.0,0.5688945274768783,0.5688945274768783,1,0.5688945274768783,0.5688945274768783,1
paper_baseline,4,53.0,0.3912767780182911,0.3912767780182911,2,0.3912767780182911,0.3912767780182911,2
paper_baseline,4,54.0,0.5488819225962762,0.5488819225962762,1,0.5488819225962762,0.5488819225962762,1
paper_baseline,4,54.0,0.540295950005687,0.4201401678333925,2,0.540295950005687,0.4201401678333925,2
paper_baseline,4,54.0,0.3700623479935278,0.3700623479935278,1,0.3700623479935278,0.3700623479935278,1
paper_baseline,4,54.0,0.39482748171858856,0.36951479560378464,2,0.39482748171858856,0.36951479560378464,2
paper_baseline,4,54.0,0.4318967254973399,0.36951479560378464,3,0.4318967254973399,0.36951479560378464,3
paper_baseline,4,55.0,0.5346945605719179,0.5329142662905767,2,0.5346945605719179,0.5329142662905767,2
paper_baseline,4,55.0,0.4724753389359032,0.36457113310541034,4,0.4724753389359032,0.36457113310541034,4
paper_baseline,4,55.0,0.5035503826128889,0.5035503826128889,1,0.5035503826128889,0.5035503826128889,1
paper_baseline,4,55.0,0.3861311861599144,0.3861311861599144,1,0.3861311861599144,0.3861311861599144,1
paper_baseline,4,55.0,0.6655584473912688,0.6655584473912688,1,0.6655584473912688,0.6655584473912688,1
paper_baseline,4,56.0,0.37275919752693143,0.37275919752693143,1,0.37275919752693143,0.37275919752693143,1
paper_baseline,4,56.0,0.4092591304882438,0.38634975428856366,2,0.4092591304882438,0.38634975428856366,2
paper_baseline,4,56.0,0.3767488688533308,0.3767488688533308,1,0.3767488688533308,0.3767488688533308,1
paper_baseline,4,56.0,0.46700578789115293,0.3719874429951048,3,0.46700578789115293,0.3719874429951048,3
paper_baseline,4,56.0,0.43216850668792395,0.43216850668792395,1,0.43216850668792395,0.43216850668792395,1
paper_baseline,4,57.0,0.3846520206889398,0.3846520206889398,1,0.3846520206889398,0.3846520206889398,1
paper_baseline,4,57.0,0.6253925882667487,0.6253925882667487,1,0.6253925882667487,0.6253925882667487,1
paper_baseline,4,57.0,0.5769840114797324,0.5175822468135591,2,0.5769840114797324,0.5175822468135591,2
paper_baseline,4,57.0,0.35963110375588603,0.35963110375588603,1,0.35963110375588603,0.35963110375588603,1
paper_baseline,4,57.0,0.4317809033659885,0.34715955684008726,3,0.4317809033659885,0.34715955684008726,3
paper_baseline,4,58.0,0.4354516261082411,0.37049469270669055,3,0.4354516261082411,0.37049469270669055,3
paper_baseline,4,58.0,0.38583900727630194,0.38583900727630194,1,0.38583900727630194,0.38583900727630194,1
paper_baseline,4,58.0,0.4825798758002461,0.39267611952322556,2,0.4825798758002461,0.39267611952322556,2
paper_baseline,4,58.0,0.5017092212166984,0.3710563038028537,3,0.5017092212166984,0.3710563038028537,3
paper_baseline,4,58.0,0.36771351726193263,0.3576733104146581,2,0.36771351726193263,0.3576733104146581,2
paper_baseline,4,59.0,0.3934363855791101,0.3310574411364068,4,0.3934363855791101,0.3310574411364068,4
paper_baseline,4,59.0,0.3583447759970668,0.3310574411364068,3,0.3583447759970668,0.3310574411364068,3
paper_baseline,4,59.0,0.4065170094810701,0.3726237179328541,2,0.4065170094810701,0.3726237179328541,2
paper_baseline,4,59.0,0.42357786809001424,0.3783324478629977,3,0.42357786809001424,0.3783324478629977,3
paper_baseline,4,59.0,0.42357786809001424,0.3783324478629977,3,0.42357786809001424,0.3783324478629977,3
paper_baseline,4,60.0,0.47005905937292625,0.37822861352194814,2,0.47005905937292625,0.37822861352194814,2
paper_baseline,4,60.0,0.40776468512870473,0.3593357656124041,2,0.40776468512870473,0.3593357656124041,2
paper_baseline,4,60.0,0.37822861352194814,0.37822861352194814,1,0.37822861352194814,0.37822861352194814,1
paper_baseline,4,60.0,0.37679219407485054,0.34663896346789846,5,0.37679219407485054,0.34663896346789846,5
paper_baseline,4,60.0,0.3649699194581799,0.34727945075214084,3,0.3649699194581799,0.34727945075214084,3
paper_baseline,8,1.0,0.3491930671095247,0.3491930671095247,1,0.3491930671095247,0.3491930671095247,1
paper_baseline,8,1.0,0.3941241136301529,0.3941241136301529,1,0.3941241136301529,0.3941241136301529,1
paper_baseline,8,1.0,0.3941241136301529,0.3941241136301529,1,0.3941241136301529,0.3941241136301529,1
paper_baseline,8,1.0,0.39149992707375136,0.39149992707375136,1,0.39149992707375136,0.39149992707375136,1
paper_baseline,8,1.0,0.5100328603543829,0.46202567609697665,2,0.5100328603543829,0.46202567609697665,2
paper_baseline,8,2.0,0.4492539704700709,0.37698502352858787,2,0.4492539704700709,0.37698502352858787,2
paper_baseline,8,2.0,0.42102445538549715,0.42102445538549715,1,0.42102445538549715,0.42102445538549715,1
paper_baseline,8,2.0,0.38650726972023175,0.3812218542854571,2,0.38650726972023175,0.3812218542854571,2
paper_baseline,8,2.0,0.4513283591706143,0.37298081960678797,3,0.4513283591706143,0.37298081960678797,3
paper_baseline,8,2.0,0.37840147769114973,0.37840147769114973,1,0.37840147769114973,0.37840147769114973,1
paper_baseline,8,3.0,0.4764904768414284,0.3817721619920815,2,0.4764904768414284,0.3817721619920815,2
paper_baseline,8,3.0,0.36191940833381164,0.36191940833381164,2,0.36191940833381164,0.36191940833381164,2
paper_baseline,8,3.0,0.5712087916907753,0.5712087916907753,1,0.5712087916907753,0.5712087916907753,1
paper_baseline,8,3.0,0.5712087916907753,0.5712087916907753,1,0.5712087916907753,0.5712087916907753,1
paper_baseline,8,3.0,0.3745783520142124,0.3745783520142124,1,0.3745783520142124,0.3745783520142124,1
paper_baseline,8,4.0,0.423139622170233,0.389264013555331,2,0.423139622170233,0.389264013555331,2
paper_baseline,8,4.0,0.46735541561722344,0.424025171907947,2,0.46735541561722344,0.424025171907947,2
paper_baseline,8,4.0,0.37876737263838733,0.37876737263838733,1,0.37876737263838733,0.37876737263838733,1
paper_baseline,8,4.0,0.4378498027570454,0.389264013555331,3,0.4378498027570454,0.389264013555331,3
paper_baseline,8,4.0,0.4447265159824436,0.37876737263838733,2,0.4447265159824436,0.37876737263838733,2
paper_baseline,8,5.0,0.41407394432710454,0.41407394432710454,1,0.41407394432710454,0.41407394432710454,1
paper_baseline,8,5.0,0.3884901593256338,0.36205852107673897,3,0.3884901593256338,0.36205852107673897,3
paper_baseline,8,5.0,0.561050019999089,0.5112272039478016,2,0.561050019999089,0.5112272039478016,2
paper_baseline,8,5.0,0.39054983776935565,0.3694421326267824,2,0.39054983776935565,0.3694421326267824,2
paper_baseline,8,5.0,0.4646640174229944,0.39911558626122134,2,0.4646640174229944,0.39911558626122134,2
paper_baseline,8,6.0,0.45314893304897347,0.3592220849114275,3,0.45314893304897347,0.3592220849114275,3
paper_baseline,8,6.0,0.4473780607973033,0.40878230028841034,3,0.4473780607973033,0.40878230028841034,3
paper_baseline,8,6.0,0.4314086904599442,0.39513002197265235,2,0.4314086904599442,0.39513002197265235,2
paper_baseline,8,6.0,0.44688730764167084,0.38677846585287634,2,0.44688730764167084,0.38677846585287634,2
paper_baseline,8,6.0,0.5650317993184613,0.5132661633815778,2,0.5650317993184613,0.5132661633815778,2
paper_baseline,8,7.0,0.5710137299151656,0.5133960431415292,2,0.5710137299151656,0.5133960431415292,2
paper_baseline,8,7.0,0.46255136829307464,0.40598634462575667,2,0.46255136829307464,0.40598634462575667,2
paper_baseline,8,7.0,0.4784623641655725,0.40598634462575667,2,0.4784623641655725,0.40598634462575667,2
paper_baseline,8,7.0,0.6286314166888021,0.6286314166888021,1,0.6286314166888021,0.6286314166888021,1
paper_baseline,8,7.0,0.41410081435610624,0.3803394730038612,3,0.41410081435610624,0.3803394730038612,3
paper_baseline,8,8.0,0.42248361243730853,0.3665926908416741,3,0.42248361243730853,0.3665926908416741,3
paper_baseline,8,8.0,0.4063252490674734,0.3922167104838459,2,0.4063252490674734,0.3922167104838459,2
paper_baseline,8,8.0,0.46148910152360656,0.4004827033154853,2,0.46148910152360656,0.4004827033154853,2
paper_baseline,8,8.0,0.5235291922836249,0.4303019474271531,2,0.5235291922836249,0.4303019474271531,2
paper_baseline,8,8.0,0.5539057776548169,0.5539057776548169,1,0.5539057776548169,0.5539057776548169,1
paper_baseline,8,9.0,0.37944829844896144,0.37944829844896144,1,0.37944829844896144,0.37944829844896144,1
paper_baseline,8,9.0,0.39293974683273275,0.363354028240624,3,0.39293974683273275,0.363354028240624,3
paper_baseline,8,9.0,0.4559783276392735,0.3790180599090449,2,0.4559783276392735,0.3790180599090449,2
paper_baseline,8,9.0,0.39762055244664346,0.3813370619620373,2,0.39762055244664346,0.3813370619620373,2
paper_baseline,8,9.0,0.379516854388133,0.379516854388133,1,0.379516854388133,0.379516854388133,1
paper_baseline,8,10.0,0.43637268800739176,0.36965285526008873,3,0.43637268800739176,0.36965285526008873,3
paper_baseline,8,10.0,0.4588923116893748,0.37491623485727255,3,0.4588923116893748,0.37491623485727255,3
paper_baseline,8,10.0,0.5317342145746307,0.49620497033780764,2,0.5317342145746307,0.49620497033780764,2
paper_baseline,8,10.0,0.40554213757934493,0.371876342356355,2,0.40554213757934493,0.371876342356355,2
paper_baseline,8,10.0,0.4148328222758819,0.3954938107466437,2,0.4148328222758819,0.3954938107466437,2
paper_baseline,8,11.0,0.44083511769961303,0.3654290301230163,3,0.44083511769961303,0.3654290301230163,3
paper_baseline,8,11.0,0.5609852303244345,0.5609852303244345,1,0.5609852303244345,0.5609852303244345,1
paper_baseline,8,11.0,0.5324382158948742,0.5100028532869426,2,0.5324382158948742,0.5100028532869426,2
paper_baseline,8,11.0,0.361873757028695,0.3583184839343737,2,0.361873757028695,0.3583184839343737,2
paper_baseline,8,11.0,0.5746545928898036,0.5746545928898036,1,0.5746545928898036,0.5746545928898036,1
paper_baseline,8,12.0,0.394767180976622,0.394767180976622,1,0.394767180976622,0.394767180976622,1
paper_baseline,8,12.0,0.4715746941280837,0.394767180976622,2,0.4715746941280837,0.394767180976622,2
paper_baseline,8,12.0,0.48474267871032994,0.35547114832251203,3,0.48474267871032994,0.35547114832251203,3
paper_baseline,8,12.0,0.3739716161562444,0.3739716161562444,1,0.3739716161562444,0.3739716161562444,1
paper_baseline,8,12.0,0.5703598322900082,0.5703598322900082,1,0.5703598322900082,0.5703598322900082,1
paper_baseline,8,13.0,0.3923773325210525,0.3902319581250635,2,0.3923773325210525,0.3902319581250635,2
paper_baseline,8,13.0,0.5658291076415627,0.5341169558989266,2,0.5658291076415627,0.5341169558989266,2
paper_baseline,8,13.0,0.49634261737730434,0.39514397537041,2,0.49634261737730434,0.39514397537041,2
paper_baseline,8,13.0,0.36043832975547146,0.3550704488623768,3,0.36043832975547146,0.3550704488623768,3
paper_baseline,8,13.0,0.4754529936683644,0.3420056455973871,3,0.4754529936683644,0.3420056455973871,3
paper_baseline,8,14.0,0.5025741485578654,0.42886992394456824,2,0.5025741485578654,0.42886992394456824,2
paper_baseline,8,14.0,0.5236779942792027,0.5236779942792027,1,0.5236779942792027,0.5236779942792027,1
paper_baseline,8,14.0,0.4971495467147346,0.3868494965456125,2,0.4971495467147346,0.3868494965456125,2
paper_baseline,8,14.0,0.502155963539908,0.3868494965456125,2,0.502155963539908,0.3868494965456125,2
paper_baseline,8,14.0,0.36590110252904023,0.34356063330523356,2,0.36590110252904023,0.34356063330523356,2
paper_baseline,8,15.0,0.3774889781321298,0.3774889781321298,1,0.3774889781321298,0.3774889781321298,1
paper_baseline,8,15.0,0.38251936231392614,0.38251936231392614,1,0.38251936231392614,0.38251936231392614,1
paper_baseline,8,15.0,0.4356683647486647,0.3670634732165846,3,0.4356683647486647,0.3670634732165846,3
paper_baseline,8,15.0,0.5122349486826835,0.5122349486826835,1,0.5122349486826835,0.5122349486826835,1
paper_baseline,8,15.0,0.5317547791819405,0.48564590089454684,2,0.5317547791819405,0.48564590089454684,2
paper_baseline,8,16.0,0.3819795501108637,0.3819795501108637,1,0.3819795501108637,0.3819795501108637,1
paper_baseline,8,16.0,0.4231596236110975,0.3550050521830749,4,0.4231596236110975,0.3550050521830749,4
paper_baseline,8,16.0,0.4572600152189967,0.34586510276282534,3,0.4572600152189967,0.34586510276282534,3
paper_baseline,8,16.0,0.6142058495951934,0.6142058495951934,1,0.6142058495951934,0.6142058495951934,1
paper_baseline,8,16.0,0.46808494703248144,0.34586510276282534,2,0.46808494703248144,0.34586510276282534,2
paper_baseline,8,17.0,0.6010269914819847,0.6010269914819847,1,0.6010269914819847,0.6010269914819847,1
paper_baseline,8,17.0,0.4665523604705076,0.3874375927703497,2,0.4665523604705076,0.3874375927703497,2
paper_baseline,8,17.0,0.5489928324113316,0.5489928324113316,1,0.5489928324113316,0.5489928324113316,1
paper_baseline,8,17.0,0.46360611557499587,0.46360611557499587,1,0.46360611557499587,0.46360611557499587,1
paper_baseline,8,17.0,0.5002381241198866,0.3994492567577884,2,0.5002381241198866,0.3994492567577884,2
paper_baseline,8,18.0,0.5002447895435626,0.38521199950083695,2,0.5002447895435626,0.38521199950083695,2
paper_baseline,8,18.0,0.367951725456105,0.3407350965864724,2,0.367951725456105,0.3407350965864724,2
paper_baseline,8,18.0,0.3506662563139125,0.3161205131269881,2,0.3506662563139125,0.3161205131269881,2
paper_baseline,8,18.0,0.46065810413037217,0.36165992778985023,2,0.46065810413037217,0.36165992778985023,2
paper_baseline,8,18.0,0.5890151336268556,0.5740772774363506,2,0.5890151336268556,0.5740772774363506,2
paper_baseline,8,19.0,0.39764826801475806,0.39764826801475806,1,0.39764826801475806,0.39764826801475806,1
paper_baseline,8,19.0,0.3773540777356953,0.3773540777356953,1,0.3773540777356953,0.3773540777356953,1
paper_baseline,8,19.0,0.3509587774506774,0.3509587774506774,1,0.3509587774506774,0.3509587774506774,1
paper_baseline,8,19.0,0.565538392238726,0.565538392238726,1,0.565538392238726,0.565538392238726,1
paper_baseline,8,19.0,0.5941641428542872,0.5941641428542872,1,0.5941641428542872,0.5941641428542872,1
paper_baseline,8,20.0,0.3922250298681693,0.3922250298681693,1,0.3922250298681693,0.3922250298681693,1
paper_baseline,8,20.0,0.48795843115945137,0.38654125809099615,3,0.48795843115945137,0.38654125809099615,3
paper_baseline,8,20.0,0.5832068521750361,0.5832068521750361,1,0.5832068521750361,0.5832068521750361,1
paper_baseline,8,20.0,0.47838030788013153,0.3820049821528144,2,0.47838030788013153,0.3820049821528144,2
paper_baseline,8,20.0,0.6446007096450064,0.6446007096450064,1,0.6446007096450064,0.6446007096450064,1
paper_baseline,8,21.0,0.395122703020621,0.3919234785136103,2,0.395122703020621,0.3919234785136103,2
paper_baseline,8,21.0,0.37720430249070785,0.356086677453784,2,0.37720430249070785,0.356086677453784,2
paper_baseline,8,21.0,0.5511437698588955,0.5511437698588955,1,0.5511437698588955,0.5511437698588955,1
paper_baseline,8,21.0,0.378176222462443,0.378176222462443,1,0.378176222462443,0.378176222462443,1
paper_baseline,8,21.0,0.5813671258938958,0.562615867429997,2,0.5813671258938958,0.562615867429997,2
paper_baseline,8,22.0,0.36512442481724994,0.36512442481724994,1,0.36512442481724994,0.36512442481724994,1
paper_baseline,8,22.0,0.44059283290863904,0.3601615434880019,4,0.44059283290863904,0.3601615434880019,4
paper_baseline,8,22.0,0.48964013214725327,0.42258521358473244,2,0.48964013214725327,0.42258521358473244,2
paper_baseline,8,22.0,0.4895718117049656,0.36885930183516147,2,0.4895718117049656,0.36885930183516147,2
paper_baseline,8,22.0,0.5067982519593751,0.3786117264354756,3,0.5067982519593751,0.3786117264354756,3
paper_baseline,8,23.0,0.5891974078433433,0.5891974078433433,1,0.5891974078433433,0.5891974078433433,1
paper_baseline,8,23.0,0.49937069304037074,0.3904945979288945,2,0.49937069304037074,0.3904945979288945,2
paper_baseline,8,23.0,0.37174344282450467,0.37174344282450467,1,0.37174344282450467,0.37174344282450467,1
paper_baseline,8,23.0,0.4366614388698176,0.3882950158989753,2,0.4366614388698176,0.3882950158989753,2
paper_baseline,8,23.0,0.5386751592860226,0.48502786184065994,2,0.5386751592860226,0.48502786184065994,2
paper_baseline,8,24.0,0.42900328324273684,0.3541792743074771,3,0.42900328324273684,0.3541792743074771,3
paper_baseline,8,24.0,0.4552932981478541,0.3642187176669498,3,0.4552932981478541,0.3642187176669498,3
paper_baseline,8,24.0,0.4750153569929422,0.3642187176669498,4,0.4750153569929422,0.3642187176669498,4
paper_baseline,8,24.0,0.549158677663807,0.5051273967027128,2,0.549158677663807,0.5051273967027128,2
paper_baseline,8,24.0,0.4216727955653904,0.4216727955653904,1,0.4216727955653904,0.4216727955653904,1
paper_baseline,8,25.0,0.5687797588316454,0.5687797588316454,1,0.5687797588316454,0.5687797588316454,1
paper_baseline,8,25.0,0.3900529333991161,0.36960820438726416,2,0.3900529333991161,0.36960820438726416,2
paper_baseline,8,25.0,0.43222838127063495,0.35074442166852104,3,0.43222838127063495,0.35074442166852104,3
paper_baseline,8,25.0,0.4847639165496184,0.3769030933893014,3,0.4847639165496184,0.3769030933893014,3
paper_baseline,8,25.0,0.5603501694920069,0.5603501694920069,1,0.5603501694920069,0.5603501694920069,1
paper_baseline,8,26.0,0.4799883943263842,0.4021995504373205,2,0.4799883943263842,0.4021995504373205,2
paper_baseline,8,26.0,0.5890812880391962,0.5890812880391962,1,0.5890812880391962,0.5890812880391962,1
paper_baseline,8,26.0,0.43721068005359304,0.33894395420336887,3,0.43721068005359304,0.33894395420336887,3
paper_baseline,8,26.0,0.4506060998639427,0.3791302136344178,3,0.4506060998639427,0.3791302136344178,3
paper_baseline,8,26.0,0.44534459456254216,0.33445701537348504,2,0.44534459456254216,0.33445701537348504,2
paper_baseline,8,27.0,0.6924106506410677,0.6924106506410677,1,0.6924106506410677,0.6924106506410677,1
paper_baseline,8,27.0,0.38793896731166466,0.365739953948522,2,0.38793896731166466,0.365739953948522,2
paper_baseline,8,27.0,0.613065658953468,0.5958586944986624,2,0.613065658953468,0.5958586944986624,2
paper_baseline,8,27.0,0.5703831246953186,0.5630151696484528,2,0.5703831246953186,0.5630151696484528,2
paper_baseline,8,27.0,0.4619488462580509,0.3673504919757432,4,0.4619488462580509,0.3673504919757432,4
paper_baseline,8,28.0,0.38737114300442455,0.38737114300442455,1,0.38737114300442455,0.38737114300442455,1
paper_baseline,8,28.0,0.4966072759890943,0.48406203923111013,2,0.4966072759890943,0.48406203923111013,2
paper_baseline,8,28.0,0.568104600092765,0.568104600092765,1,0.568104600092765,0.568104600092765,1
paper_baseline,8,28.0,0.41913783564501667,0.3542136320589232,2,0.41913783564501667,0.3542136320589232,2
paper_baseline,8,28.0,0.40915148767000553,0.34531286413760887,3,0.40915148767000553,0.34531286413760887,3
paper_baseline,8,29.0,0.5526610961617267,0.5314525019318511,2,0.5526610961617267,0.5314525019318511,2
paper_baseline,8,29.0,0.4283114559941986,0.4283114559941986,1,0.4283114559941986,0.4283114559941986,1
paper_baseline,8,29.0,0.4745069334695048,0.41756136500715846,2,0.4745069334695048,0.41756136500715846,2
paper_baseline,8,29.0,0.4283114559941986,0.4283114559941986,1,0.4283114559941986,0.4283114559941986,1
paper_baseline,8,29.0,0.4932660514708683,0.38835314628057704,2,0.4932660514708683,0.38835314628057704,2
paper_baseline,8,30.0,0.5005746217546654,0.5005746217546654,1,0.5005746217546654,0.5005746217546654,1
paper_baseline,8,30.0,0.4687225581312458,0.4182544352059495,2,0.4687225581312458,0.4182544352059495,2
paper_baseline,8,30.0,0.36574039928299745,0.3486979057792867,3,0.36574039928299745,0.3486979057792867,3
paper_baseline,8,30.0,0.5536186370985496,0.5536186370985496,1,0.5536186370985496,0.5536186370985496,1
paper_baseline,8,30.0,0.4321419754593374,0.4085186493742823,2,0.4321419754593374,0.4085186493742823,2
paper_baseline,8,31.0,0.4296910306601161,0.38082326099856834,2,0.4296910306601161,0.38082326099856834,2
paper_baseline,8,31.0,0.39156946589377134,0.35272085464298,3,0.39156946589377134,0.35272085464298,3
paper_baseline,8,31.0,0.35590314200680045,0.3314799394896426,3,0.35590314200680045,0.3314799394896426,3
paper_baseline,8,31.0,0.44817005654986575,0.40346857247263157,2,0.44817005654986575,0.40346857247263157,2
paper_baseline,8,31.0,0.45753086456217,0.4221901884972401,2,0.45753086456217,0.4221901884972401,2
paper_baseline,8,32.0,0.4094208056783416,0.34761733359520086,2,0.4094208056783416,0.34761733359520086,2
paper_baseline,8,32.0,0.40251047426282627,0.40251047426282627,1,0.40251047426282627,0.40251047426282627,1
paper_baseline,8,32.0,0.4187630901641546,0.3679774997512083,3,0.4187630901641546,0.3679774997512083,3
paper_baseline,8,32.0,0.48084254198336707,0.3606047876477152,3,0.48084254198336707,0.3606047876477152,3
paper_baseline,8,32.0,0.5216370114575815,0.481267012913845,2,0.5216370114575815,0.481267012913845,2
paper_baseline,8,33.0,0.45967278652538157,0.38958641602502986,2,0.45967278652538157,0.38958641602502986,2
paper_baseline,8,33.0,0.390831360667817,0.3616049566681182,2,0.390831360667817,0.3616049566681182,2
paper_baseline,8,33.0,0.396806430568156,0.396806430568156,1,0.396806430568156,0.396806430568156,1
paper_baseline,8,33.0,0.5180835096866202,0.5180835096866202,1,0.5180835096866202,0.5180835096866202,1
paper_baseline,8,33.0,0.524395242353979,0.524395242353979,1,0.524395242353979,0.524395242353979,1
paper_baseline,8,34.0,0.49296746366138927,0.36242968145709276,3,0.49296746366138927,0.36242968145709276,3
paper_baseline,8,34.0,0.4883858478170062,0.3798495771067393,4,0.4883858478170062,0.3798495771067393,4
paper_baseline,8,34.0,0.5144069020136748,0.3935256971565082,2,0.5144069020136748,0.3935256971565082,2
paper_baseline,8,34.0,0.3859129602844176,0.37841648417553064,2,0.3859129602844176,0.37841648417553064,2
paper_baseline,8,34.0,0.482949768736112,0.40022790900699723,3,0.482949768736112,0.40022790900699723,3
paper_baseline,8,35.0,0.5465829649116207,0.5465829649116207,1,0.5465829649116207,0.5465829649116207,1
paper_baseline,8,35.0,0.5329201083472659,0.388962462200772,2,0.5329201083472659,0.388962462200772,2
paper_baseline,8,35.0,0.5257888478951419,0.40405350943749907,2,0.5257888478951419,0.40405350943749907,2
paper_baseline,8,35.0,0.4712358678981515,0.3958887708846822,2,0.4712358678981515,0.3958887708846822,2
paper_baseline,8,35.0,0.3958887708846822,0.3958887708846822,1,0.3958887708846822,0.3958887708846822,1
paper_baseline,8,36.0,0.5338156723434383,0.5338156723434383,1,0.5338156723434383,0.5338156723434383,1
paper_baseline,8,36.0,0.5550826949817,0.5276842035860517,2,0.5550826949817,0.5276842035860517,2
paper_baseline,8,36.0,0.4309027691697338,0.35368469217488196,3,0.4309027691697338,0.35368469217488196,3
paper_baseline,8,36.0,0.5677424421262942,0.5569812486063809,2,0.5677424421262942,0.5569812486063809,2
paper_baseline,8,36.0,0.5628887421151699,0.5628887421151699,1,0.5628887421151699,0.5628887421151699,1
paper_baseline,8,37.0,0.3682068620177456,0.3611726119549553,2,0.3682068620177456,0.3611726119549553,2
paper_baseline,8,37.0,0.5921005936159768,0.5921005936159768,1,0.5921005936159768,0.5921005936159768,1
paper_baseline,8,37.0,0.3714657614334054,0.3695780861098401,3,0.3714657614334054,0.3695780861098401,3
paper_baseline,8,37.0,0.48367085284825634,0.3752411120805359,2,0.48367085284825634,0.3752411120805359,2
paper_baseline,8,37.0,0.5925958355234048,0.5925958355234048,1,0.5925958355234048,0.5925958355234048,1
paper_baseline,8,38.0,0.47892201060146183,0.3910079250033831,4,0.47892201060146183,0.3910079250033831,4
paper_baseline,8,38.0,0.45030660222392327,0.3958125800674923,2,0.45030660222392327,0.3958125800674923,2
paper_baseline,8,38.0,0.5333037194691563,0.5048006243803542,2,0.5333037194691563,0.5048006243803542,2
paper_baseline,8,38.0,0.4642335146269746,0.3958125800674923,4,0.4642335146269746,0.3958125800674923,4
paper_baseline,8,38.0,0.3710417712074533,0.3710417712074533,1,0.3710417712074533,0.3710417712074533,1
paper_baseline,8,39.0,0.378456501467213,0.37389121299256156,2,0.378456501467213,0.37389121299256156,2
paper_baseline,8,39.0,0.5050425113387255,0.36927032154420414,3,0.5050425113387255,0.36927032154420414,3
paper_baseline,8,39.0,0.5095647152292534,0.42965332120245736,2,0.5095647152292534,0.42965332120245736,2
paper_baseline,8,39.0,0.4720346847417911,0.3830217899418644,3,0.4720346847417911,0.3830217899418644,3
paper_baseline,8,39.0,0.4676276738488273,0.3805392961906171,2,0.4676276738488273,0.3805392961906171,2
paper_baseline,8,40.0,0.448151772536791,0.377949914147113,2,0.448151772536791,0.377949914147113,2
paper_baseline,8,40.0,0.4479691098594793,0.3573354275715981,2,0.4479691098594793,0.3573354275715981,2
paper_baseline,8,40.0,0.4352316398321829,0.3504054857388377,3,0.4352316398321829,0.3504054857388377,3
paper_baseline,8,40.0,0.35894443862321557,0.35894443862321557,1,0.35894443862321557,0.35894443862321557,1
paper_baseline,8,40.0,0.3684471763851643,0.35894443862321557,2,0.3684471763851643,0.35894443862321557,2
paper_baseline,8,41.0,0.546969305548987,0.49966921384629803,2,0.546969305548987,0.49966921384629803,2
paper_baseline,8,41.0,0.49966921384629803,0.49966921384629803,1,0.49966921384629803,0.49966921384629803,1
paper_baseline,8,41.0,0.40716243829695226,0.3518187806415297,3,0.40716243829695226,0.3518187806415297,3
paper_baseline,8,41.0,0.387776528700033,0.387776528700033,1,0.387776528700033,0.387776528700033,1
paper_baseline,8,41.0,0.414964564022507,0.3702751768000804,3,0.414964564022507,0.3702751768000804,3
paper_baseline,8,42.0,0.3691732796118744,0.3691732796118744,1,0.3691732796118744,0.3691732796118744,1
paper_baseline,8,42.0,0.38661908119245214,0.38661908119245214,2,0.38661908119245214,0.38661908119245214,2
paper_baseline,8,42.0,0.5525870569781237,0.5525870569781237,1,0.5525870569781237,0.5525870569781237,1
paper_baseline,8,42.0,0.4529292496015552,0.382499669594072,2,0.4529292496015552,0.382499669594072,2
paper_baseline,8,42.0,0.36629969581592886,0.3391546768366752,2,0.36629969581592886,0.3391546768366752,2
paper_baseline,8,43.0,0.4756430821912089,0.4756430821912089,1,0.4756430821912089,0.4756430821912089,1
paper_baseline,8,43.0,0.49684932437792245,0.38932425011017924,3,0.49684932437792245,0.38932425011017924,3
paper_baseline,8,43.0,0.38340379711443734,0.38021078581850365,2,0.38340379711443734,0.38021078581850365,2
paper_baseline,8,43.0,0.5149056044337663,0.5149056044337663,1,0.5149056044337663,0.5149056044337663,1
paper_baseline,8,43.0,0.441848124574759,0.35490437710189504,3,0.441848124574759,0.35490437710189504,3
paper_baseline,8,44.0,0.4543143899143409,0.3662257428078133,3,0.4543143899143409,0.3662257428078133,3
paper_baseline,8,44.0,0.3683013238878484,0.3683013238878484,1,0.3683013238878484,0.3683013238878484,1
paper_baseline,8,44.0,0.4269969330929148,0.38811183148086625,2,0.4269969330929148,0.38811183148086625,2
paper_baseline,8,44.0,0.41329301710352,0.38588518512473025,3,0.41329301710352,0.38588518512473025,3
paper_baseline,8,44.0,0.4236460964414002,0.3542177119692246,3,0.4236460964414002,0.3542177119692246,3
paper_baseline,8,45.0,0.4547592681897665,0.34735832694022006,3,0.4547592681897665,0.34735832694022006,3
paper_baseline,8,45.0,0.4379555170307488,0.3547652643589677,3,0.4379555170307488,0.3547652643589677,3
paper_baseline,8,45.0,0.4363026047728538,0.34735832694022006,3,0.4363026047728538,0.34735832694022006,3
paper_baseline,8,45.0,0.49808089683855444,0.468734814605305,2,0.49808089683855444,0.468734814605305,2
paper_baseline,8,45.0,0.4965188078093468,0.4569282065578403,2,0.4965188078093468,0.4569282065578403,2
paper_baseline,8,46.0,0.45116739765343755,0.38778637505996005,2,0.45116739765343755,0.38778637505996005,2
paper_baseline,8,46.0,0.43556391119439686,0.43556391119439686,1,0.43556391119439686,0.43556391119439686,1
paper_baseline,8,46.0,0.5447496554018159,0.5447496554018159,1,0.5447496554018159,0.5447496554018159,1
paper_baseline,8,46.0,0.5006823614273365,0.43320136760849826,3,0.5006823614273365,0.43320136760849826,3
paper_baseline,8,46.0,0.45522925806785874,0.39591009588880244,2,0.45522925806785874,0.39591009588880244,2
paper_baseline,8,47.0,0.44029753365596674,0.39181448404810704,3,0.44029753365596674,0.39181448404810704,3
paper_baseline,8,47.0,0.5010241452809514,0.40040066786753636,2,0.5010241452809514,0.40040066786753636,2
paper_baseline,8,47.0,0.5809052658973624,0.5668113406054496,2,0.5809052658973624,0.5668113406054496,2
paper_baseline,8,47.0,0.5629060991479176,0.5629060991479176,1,0.5629060991479176,0.5629060991479176,1
paper_baseline,8,47.0,0.6141516878449533,0.6141516878449533,1,0.6141516878449533,0.6141516878449533,1
paper_baseline,8,48.0,0.4137521126232134,0.35034477529500907,4,0.4137521126232134,0.35034477529500907,4
paper_baseline,8,48.0,0.38787306447037034,0.35034477529500907,4,0.38787306447037034,0.35034477529500907,4
paper_baseline,8,48.0,0.38946336285310656,0.38946336285310656,1,0.38946336285310656,0.38946336285310656,1
paper_baseline,8,48.0,0.3870934967162126,0.3870934967162126,1,0.3870934967162126,0.3870934967162126,1
paper_baseline,8,48.0,0.4098000978317473,0.4098000978317473,1,0.4098000978317473,0.4098000978317473,1
paper_baseline,8,49.0,0.4229679954593939,0.3736773310993855,3,0.4229679954593939,0.3736773310993855,3
paper_baseline,8,49.0,0.35606851170953346,0.35606851170953346,1,0.35606851170953346,0.35606851170953346,1
paper_baseline,8,49.0,0.45399623958495045,0.3543463991545821,2,0.45399623958495045,0.3543463991545821,2
paper_baseline,8,49.0,0.3903067272753121,0.38565524366055015,2,0.3903067272753121,0.38565524366055015,2
paper_baseline,8,49.0,0.38826384453492796,0.3736773310993855,2,0.38826384453492796,0.3736773310993855,2
paper_baseline,8,50.0,0.39066822558589787,0.3843017114237257,2,0.39066822558589787,0.3843017114237257,2
paper_baseline,8,50.0,0.3943465518521424,0.3843017114237257,2,0.3943465518521424,0.3843017114237257,2
paper_baseline,8,50.0,0.4417476617804215,0.37398040942954824,2,0.4417476617804215,0.37398040942954824,2
paper_baseline,8,50.0,0.5495218668137307,0.5485528447298846,2,0.5495218668137307,0.5485528447298846,2
paper_baseline,8,50.0,0.6277280311117948,0.6277280311117948,1,0.6277280311117948,0.6277280311117948,1
paper_baseline,8,51.0,0.5271257152271767,0.4527353786640299,2,0.5271257152271767,0.4527353786640299,2
paper_baseline,8,51.0,0.41609619362896416,0.3471014264584854,4,0.41609619362896416,0.3471014264584854,4
paper_baseline,8,51.0,0.3517396148546293,0.33579401415032495,2,0.3517396148546293,0.33579401415032495,2
paper_baseline,8,51.0,0.3712171101302194,0.3712171101302194,2,0.3712171101302194,0.3712171101302194,2
paper_baseline,8,51.0,0.3712171101302194,0.3712171101302194,2,0.3712171101302194,0.3712171101302194,2
paper_baseline,8,52.0,0.3683389454074629,0.3468024551661534,2,0.3683389454074629,0.3468024551661534,2
paper_baseline,8,52.0,0.3701303247350566,0.3701303247350566,2,0.3701303247350566,0.3701303247350566,2
paper_baseline,8,52.0,0.450322410730982,0.3606904562445141,4,0.450322410730982,0.3606904562445141,4
paper_baseline,8,52.0,0.40304394343262445,0.3701303247350566,3,0.40304394343262445,0.3701303247350566,3
paper_baseline,8,52.0,0.43239474022699814,0.3898754356487725,2,0.43239474022699814,0.3898754356487725,2
paper_baseline,8,53.0,0.3699152054650983,0.3546515836579912,2,0.3699152054650983,0.3546515836579912,2
paper_baseline,8,53.0,0.5020391259676948,0.4736032441650546,2,0.5020391259676948,0.4736032441650546,2
paper_baseline,8,53.0,0.45028416865538334,0.45028416865538334,1,0.45028416865538334,0.45028416865538334,1
paper_baseline,8,53.0,0.43656819691473475,0.3546515836579912,3,0.43656819691473475,0.3546515836579912,3
paper_baseline,8,53.0,0.4519907479258913,0.3354764032247619,3,0.4519907479258913,0.3354764032247619,3
paper_baseline,8,54.0,0.35400390915603697,0.33451725192833326,2,0.35400390915603697,0.33451725192833326,2
paper_baseline,8,54.0,0.3529497430205367,0.3529497430205367,1,0.3529497430205367,0.3529497430205367,1
paper_baseline,8,54.0,0.509521421259844,0.38941765889365887,3,0.509521421259844,0.38941765889365887,3
paper_baseline,8,54.0,0.3875531189909201,0.33451725192833326,3,0.3875531189909201,0.33451725192833326,3
paper_baseline,8,54.0,0.4235195694110905,0.3734905663837407,4,0.4235195694110905,0.3734905663837407,4
paper_baseline,8,55.0,0.374019900177919,0.374019900177919,1,0.374019900177919,0.374019900177919,1
paper_baseline,8,55.0,0.3920682875474213,0.3766980047694294,2,0.3920682875474213,0.3766980047694294,2
paper_baseline,8,55.0,0.4074385703254132,0.4074385703254132,1,0.4074385703254132,0.4074385703254132,1
paper_baseline,8,55.0,0.42540100911963546,0.36575343345729916,3,0.42540100911963546,0.36575343345729916,3
paper_baseline,8,55.0,0.42960050489975393,0.37859766772905556,3,0.42960050489975393,0.37859766772905556,3
paper_baseline,8,56.0,0.41404382807052453,0.3527815650868086,3,0.41404382807052453,0.3527815650868086,3
paper_baseline,8,56.0,0.3871178756715402,0.38707685794756574,2,0.3871178756715402,0.38707685794756574,2
paper_baseline,8,56.0,0.5380778751069626,0.5380778751069626,1,0.5380778751069626,0.5380778751069626,1
paper_baseline,8,56.0,0.4734513516496619,0.4734513516496619,1,0.4734513516496619,0.4734513516496619,1
paper_baseline,8,56.0,0.3835605490583036,0.3835605490583036,1,0.3835605490583036,0.3835605490583036,1
paper_baseline,8,57.0,0.36817463756707514,0.36817463756707514,2,0.36817463756707514,0.36817463756707514,2
paper_baseline,8,57.0,0.32027894158475845,0.32027894158475845,1,0.32027894158475845,0.32027894158475845,1
paper_baseline,8,57.0,0.4555225354731176,0.38489544166189704,2,0.4555225354731176,0.38489544166189704,2
paper_baseline,8,57.0,0.42752439462146424,0.3702450585226563,3,0.42752439462146424,0.3702450585226563,3
paper_baseline,8,57.0,0.3647997318841458,0.3614248262012164,2,0.3647997318841458,0.3614248262012164,2
paper_baseline,8,58.0,0.46373814749551706,0.40026155512460915,3,0.46373814749551706,0.40026155512460915,3
paper_baseline,8,58.0,0.45554967813435904,0.38628541069588496,3,0.45554967813435904,0.38628541069588496,3
paper_baseline,8,58.0,0.40255466239625604,0.38628541069588496,2,0.40255466239625604,0.38628541069588496,2
paper_baseline,8,58.0,0.4238048324431342,0.40026155512460915,3,0.4238048324431342,0.40026155512460915,3
paper_baseline,8,58.0,0.4363854546630568,0.37501585685182914,2,0.4363854546630568,0.37501585685182914,2
paper_baseline,8,59.0,0.38697583183751155,0.38423315548455417,3,0.38697583183751155,0.38423315548455417,3
paper_baseline,8,59.0,0.4214104039221448,0.3319937404531115,4,0.4214104039221448,0.3319937404531115,4
paper_baseline,8,59.0,0.38117767730161295,0.3698941700597995,2,0.38117767730161295,0.3698941700597995,2
paper_baseline,8,59.0,0.37709975731618767,0.3596627490089138,2,0.37709975731618767,0.3596627490089138,2
paper_baseline,8,59.0,0.45062281840365276,0.3945367656234615,2,0.45062281840365276,0.3945367656234615,2
paper_baseline,8,60.0,0.5601728638269818,0.5601728638269818,1,0.5601728638269818,0.5601728638269818,1
paper_baseline,8,60.0,0.36961183753611426,0.36961183753611426,2,0.36961183753611426,0.36961183753611426,2
paper_baseline,8,60.0,0.385301301246486,0.385301301246486,1,0.385301301246486,0.385301301246486,1
paper_baseline,8,60.0,0.4364777813740236,0.35222416633713827,5,0.4364777813740236,0.35222416633713827,5
paper_baseline,8,60.0,0.3868464425944052,0.36961183753611426,3,0.3868464425944052,0.36961183753611426,3
paper_baseline,9,1.0,0.42725132894186824,0.35616402666625946,4,0.42725132894186824,0.35616402666625946,4
paper_baseline,9,1.0,0.3636745088272353,0.359502890459509,2,0.3636745088272353,0.359502890459509,2
paper_baseline,9,1.0,0.4258837116714582,0.3506935575846195,4,0.4258837116714582,0.3506935575846195,4
paper_baseline,9,1.0,0.3757022850400094,0.36901600112469657,2,0.3757022850400094,0.36901600112469657,2
paper_baseline,9,1.0,0.5607490267961059,0.5607490267961059,1,0.5607490267961059,0.5607490267961059,1
paper_baseline,9,2.0,0.35877731377611066,0.35877731377611066,1,0.35877731377611066,0.35877731377611066,1
paper_baseline,9,2.0,0.3815352528645273,0.3815352528645273,1,0.3815352528645273,0.3815352528645273,1
paper_baseline,9,2.0,0.41680997524104774,0.34112021036458384,3,0.41680997524104774,0.34112021036458384,3
paper_baseline,9,2.0,0.37284223340717226,0.36089801961795076,2,0.37284223340717226,0.36089801961795076,2
paper_baseline,9,2.0,0.3684064570357331,0.36184205912133605,3,0.3684064570357331,0.36184205912133605,3
paper_baseline,9,3.0,0.3862738609391299,0.35742214925502014,6,0.3862738609391299,0.35742214925502014,6
paper_baseline,9,3.0,0.379702618868469,0.379702618868469,1,0.379702618868469,0.379702618868469,1
paper_baseline,9,3.0,0.3905448819083663,0.36046414792918413,6,0.3905448819083663,0.36046414792918413,6
paper_baseline,9,3.0,0.3871775330287456,0.3871775330287456,1,0.3871775330287456,0.3871775330287456,1
paper_baseline,9,3.0,0.3862738609391299,0.35742214925502014,6,0.3862738609391299,0.35742214925502014,6
paper_baseline,9,4.0,0.34673014321802564,0.3371756637999894,3,0.34673014321802564,0.3371756637999894,3
paper_baseline,9,4.0,0.6002850073966199,0.6002850073966199,1,0.6002850073966199,0.6002850073966199,1
paper_baseline,9,4.0,0.3550170047162484,0.3550170047162484,1,0.3550170047162484,0.3550170047162484,1
paper_baseline,9,4.0,0.3723886163442204,0.3723886163442204,1,0.3723886163442204,0.3723886163442204,1
paper_baseline,9,4.0,0.3806497254866445,0.3658391020540981,4,0.3806497254866445,0.3658391020540981,4
paper_baseline,9,5.0,0.361222896841214,0.361222896841214,1,0.361222896841214,0.361222896841214,1
paper_baseline,9,5.0,0.4613595664728396,0.39594642737730346,2,0.4613595664728396,0.39594642737730346,2
paper_baseline,9,5.0,0.361222896841214,0.361222896841214,1,0.361222896841214,0.361222896841214,1
paper_baseline,9,5.0,0.408953965109657,0.37191630699370626,4,0.408953965109657,0.37191630699370626,4
paper_baseline,9,5.0,0.5113695110499649,0.39154152399536857,2,0.5113695110499649,0.39154152399536857,2
paper_baseline,9,6.0,0.39845740712170896,0.39845740712170896,1,0.39845740712170896,0.39845740712170896,1
paper_baseline,9,6.0,0.450043571989266,0.3651488037725775,3,0.450043571989266,0.3651488037725775,3
paper_baseline,9,6.0,0.39163230006229005,0.38480719300287114,2,0.39163230006229005,0.38480719300287114,2
paper_baseline,9,6.0,0.4328019303334231,0.3758644867071508,2,0.4328019303334231,0.3758644867071508,2
paper_baseline,9,6.0,0.3787512604130521,0.3726953278232331,2,0.3787512604130521,0.3726953278232331,2
paper_baseline,9,7.0,0.5569218070502204,0.5569218070502204,1,0.5569218070502204,0.5569218070502204,1
paper_baseline,9,7.0,0.5476010387204143,0.5476010387204143,1,0.5476010387204143,0.5476010387204143,1
paper_baseline,9,7.0,0.3980686601947473,0.3980686601947473,1,0.3980686601947473,0.3980686601947473,1
paper_baseline,9,7.0,0.37390778155543347,0.34511046088862607,3,0.37390778155543347,0.34511046088862607,3
paper_baseline,9,7.0,0.3903581705568564,0.3903581705568564,1,0.3903581705568564,0.3903581705568564,1
paper_baseline,9,8.0,0.4529402130470734,0.3617393831755722,4,0.4529402130470734,0.3617393831755722,4
paper_baseline,9,8.0,0.5381863957442474,0.5381863957442474,1,0.5381863957442474,0.5381863957442474,1
paper_baseline,9,8.0,0.5498382317674395,0.49713698187630806,2,0.5498382317674395,0.49713698187630806,2
paper_baseline,9,8.0,0.4474773213199972,0.3617393831755722,4,0.4474773213199972,0.3617393831755722,4
paper_baseline,9,8.0,0.5224385842426504,0.4751840142674798,2,0.5224385842426504,0.4751840142674798,2
paper_baseline,9,9.0,0.4516412267170587,0.3669466332557384,2,0.4516412267170587,0.3669466332557384,2
paper_baseline,9,9.0,0.37225313675014315,0.37225313675014315,1,0.37225313675014315,0.37225313675014315,1
paper_baseline,9,9.0,0.4382703546229097,0.37349825371910705,3,0.4382703546229097,0.37349825371910705,3
paper_baseline,9,9.0,0.5178455177363639,0.377546634624751,3,0.5178455177363639,0.377546634624751,3
paper_baseline,9,9.0,0.4711070124969923,0.37349825371910705,3,0.4711070124969923,0.37349825371910705,3
paper_baseline,9,10.0,0.4366863955208308,0.34027942600460515,4,0.4366863955208308,0.34027942600460515,4
paper_baseline,9,10.0,0.5741591517477609,0.5741591517477609,1,0.5741591517477609,0.5741591517477609,1
paper_baseline,9,10.0,0.5108284181060714,0.36804700346834085,3,0.5108284181060714,0.36804700346834085,3
paper_baseline,9,10.0,0.3707842915280761,0.3707842915280761,1,0.3707842915280761,0.3707842915280761,1
paper_baseline,9,10.0,0.5633782135513977,0.5633782135513977,1,0.5633782135513977,0.5633782135513977,1
paper_baseline,9,11.0,0.3828053279864615,0.3828053279864615,1,0.3828053279864615,0.3828053279864615,1
paper_baseline,9,11.0,0.5198498339280107,0.5198498339280107,1,0.5198498339280107,0.5198498339280107,1
paper_baseline,9,11.0,0.6067291462942398,0.6067291462942398,1,0.6067291462942398,0.6067291462942398,1
paper_baseline,9,11.0,0.5474259378894977,0.5474259378894977,2,0.5474259378894977,0.5474259378894977,2
paper_baseline,9,11.0,0.41448390582505334,0.3241253931304,3,0.41448390582505334,0.3241253931304,3
paper_baseline,9,12.0,0.42863397677630877,0.42863397677630877,1,0.42863397677630877,0.42863397677630877,1
paper_baseline,9,12.0,0.46170418637743454,0.3846774527308906,2,0.46170418637743454,0.3846774527308906,2
paper_baseline,9,12.0,0.5024347779625056,0.46685560271514015,2,0.5024347779625056,0.46685560271514015,2
paper_baseline,9,12.0,0.4061586295973155,0.4061586295973155,1,0.4061586295973155,0.4061586295973155,1
paper_baseline,9,12.0,0.5358693425427083,0.46685560271514015,2,0.5358693425427083,0.46685560271514015,2
paper_baseline,9,13.0,0.44919591764744243,0.37861267421343636,2,0.44919591764744243,0.37861267421343636,2
paper_baseline,9,13.0,0.4089376269313443,0.4089376269313443,1,0.4089376269313443,0.4089376269313443,1
paper_baseline,9,13.0,0.379060604608623,0.379060604608623,1,0.379060604608623,0.379060604608623,1
paper_baseline,9,13.0,0.46511898662452883,0.37861267421343636,3,0.46511898662452883,0.37861267421343636,3
paper_baseline,9,13.0,0.431799750724138,0.37861267421343636,3,0.431799750724138,0.37861267421343636,3
paper_baseline,9,14.0,0.4649560177474232,0.4071297334269176,2,0.4649560177474232,0.4071297334269176,2
paper_baseline,9,14.0,0.4995251922442991,0.4949808454684146,2,0.4995251922442991,0.4949808454684146,2
paper_baseline,9,14.0,0.41992684363443794,0.4071297334269176,2,0.41992684363443794,0.4071297334269176,2
paper_baseline,9,14.0,0.46111579201634934,0.3665693649729699,3,0.46111579201634934,0.3665693649729699,3
paper_baseline,9,14.0,0.5230337292599587,0.5230337292599587,1,0.5230337292599587,0.5230337292599587,1
paper_baseline,9,15.0,0.4194686576063966,0.3928323449237803,3,0.4194686576063966,0.3928323449237803,3
paper_baseline,9,15.0,0.39494578446792017,0.39494578446792017,1,0.39494578446792017,0.39494578446792017,1
paper_baseline,9,15.0,0.42989060872939616,0.39494578446792017,3,0.42989060872939616,0.39494578446792017,3
paper_baseline,9,15.0,0.5729950742658592,0.5240315180216328,2,0.5729950742658592,0.5240315180216328,2
paper_baseline,9,15.0,0.5416571674944721,0.5416571674944721,1,0.5416571674944721,0.5416571674944721,1
paper_baseline,9,16.0,0.40065546217602444,0.40065546217602444,1,0.40065546217602444,0.40065546217602444,1
paper_baseline,9,16.0,0.3968562415654343,0.3968562415654343,1,0.3968562415654343,0.3968562415654343,1
paper_baseline,9,16.0,0.392867570671327,0.389529233421389,2,0.392867570671327,0.389529233421389,2
paper_baseline,9,16.0,0.45730126809022537,0.39634559986183504,3,0.45730126809022537,0.39634559986183504,3
paper_baseline,9,16.0,0.486315906873511,0.389529233421389,2,0.486315906873511,0.389529233421389,2
paper_baseline,9,17.0,0.3836163363221687,0.3826616343167232,2,0.3836163363221687,0.3826616343167232,2
paper_baseline,9,17.0,0.5231370715989476,0.39734308351134884,2,0.5231370715989476,0.39734308351134884,2
paper_baseline,9,17.0,0.3845710383276142,0.3845710383276142,2,0.3845710383276142,0.3845710383276142,2
paper_baseline,9,17.0,0.3849768979122031,0.37794159476278955,2,0.3849768979122031,0.37794159476278955,2
paper_baseline,9,17.0,0.4160371613207602,0.4160371613207602,1,0.4160371613207602,0.4160371613207602,1
paper_baseline,9,18.0,0.4579621761785928,0.37726840913889637,3,0.4579621761785928,0.37726840913889637,3
paper_baseline,9,18.0,0.615601316231636,0.615601316231636,1,0.615601316231636,0.615601316231636,1
paper_baseline,9,18.0,0.45293927195596667,0.3782343528440447,2,0.45293927195596667,0.3782343528440447,2
paper_baseline,9,18.0,0.4432385176632713,0.39464470700234155,3,0.4432385176632713,0.39464470700234155,3
paper_baseline,9,18.0,0.4719400930036833,0.37726840913889637,2,0.4719400930036833,0.37726840913889637,2
paper_baseline,9,19.0,0.535784644720281,0.4010867538025642,2,0.535784644720281,0.4010867538025642,2
paper_baseline,9,19.0,0.43844552051844127,0.4010867538025642,2,0.43844552051844127,0.4010867538025642,2
paper_baseline,9,19.0,0.37359329478685266,0.37359329478685266,1,0.37359329478685266,0.37359329478685266,1
paper_baseline,9,19.0,0.5292969184054999,0.43196392051618937,2,0.5292969184054999,0.43196392051618937,2
paper_baseline,9,19.0,0.38745939166345034,0.38745939166345034,1,0.38745939166345034,0.38745939166345034,1
paper_baseline,9,20.0,0.36588451641472447,0.3520014911706585,2,0.36588451641472447,0.3520014911706585,2
paper_baseline,9,20.0,0.4652858322767654,0.38113571179967765,4,0.4652858322767654,0.38113571179967765,4
paper_baseline,9,20.0,0.4343613657370091,0.3852634427823812,2,0.4343613657370091,0.3852634427823812,2
paper_baseline,9,20.0,0.3852634427823812,0.3852634427823812,1,0.3852634427823812,0.3852634427823812,1
paper_baseline,9,20.0,0.3920148864325058,0.3920148864325058,1,0.3920148864325058,0.3920148864325058,1
paper_baseline,9,21.0,0.3704132364563846,0.3704132364563846,1,0.3704132364563846,0.3704132364563846,1
paper_baseline,9,21.0,0.37718006833479095,0.3704132364563846,4,0.37718006833479095,0.3704132364563846,4
paper_baseline,9,21.0,0.4745731976443791,0.4745731976443791,1,0.4745731976443791,0.4745731976443791,1
paper_baseline,9,21.0,0.4389961958483413,0.3704132364563846,3,0.4389961958483413,0.3704132364563846,3
paper_baseline,9,21.0,0.38215088730446156,0.38215088730446156,1,0.38215088730446156,0.38215088730446156,1
paper_baseline,9,22.0,0.3806659825113905,0.3806659825113905,1,0.3806659825113905,0.3806659825113905,1
paper_baseline,9,22.0,0.38950227440383456,0.38950227440383456,1,0.38950227440383456,0.38950227440383456,1
paper_baseline,9,22.0,0.39215858010224425,0.39215858010224425,1,0.39215858010224425,0.39215858010224425,1
paper_baseline,9,22.0,0.43298825924439127,0.3695812453697097,4,0.43298825924439127,0.3695812453697097,4
paper_baseline,9,22.0,0.6035722872145635,0.6035722872145635,1,0.6035722872145635,0.6035722872145635,1
paper_baseline,9,23.0,0.36678524773072996,0.36678524773072996,2,0.36678524773072996,0.36678524773072996,2
paper_baseline,9,23.0,0.36678524773072996,0.36678524773072996,2,0.36678524773072996,0.36678524773072996,2
paper_baseline,9,23.0,0.3799964300363473,0.3799964300363473,1,0.3799964300363473,0.3799964300363473,1
paper_baseline,9,23.0,0.37860524995274275,0.36678524773072996,3,0.37860524995274275,0.36678524773072996,3
paper_baseline,9,23.0,0.4519938353664725,0.3799964300363473,3,0.4519938353664725,0.3799964300363473,3
paper_baseline,9,24.0,0.6118129155471067,0.6118129155471067,1,0.6118129155471067,0.6118129155471067,1
paper_baseline,9,24.0,0.4120328381655013,0.34926209693767674,5,0.4120328381655013,0.34926209693767674,5
paper_baseline,9,24.0,0.5330743981535864,0.5330743981535864,1,0.5330743981535864,0.5330743981535864,1
paper_baseline,9,24.0,0.4415632483113958,0.35206841482556417,3,0.4415632483113958,0.35206841482556417,3
paper_baseline,9,24.0,0.48220367987808543,0.37868123015260813,2,0.48220367987808543,0.37868123015260813,2
paper_baseline,9,25.0,0.5073874443601415,0.3854015024386853,3,0.5073874443601415,0.3854015024386853,3
paper_baseline,9,25.0,0.35389741567277233,0.35389741567277233,2,0.35389741567277233,0.35389741567277233,2
paper_baseline,9,25.0,0.3820293611081419,0.3820293611081419,1,0.3820293611081419,0.3820293611081419,1
paper_baseline,9,25.0,0.5963391106325349,0.5963391106325349,1,0.5963391106325349,0.5963391106325349,1
paper_baseline,9,25.0,0.38197831273408134,0.37855512302947736,2,0.38197831273408134,0.37855512302947736,2
paper_baseline,9,26.0,0.38088839440621447,0.3715254538934982,3,0.38088839440621447,0.3715254538934982,3
paper_baseline,9,26.0,0.3715254538934982,0.3715254538934982,2,0.3715254538934982,0.3715254538934982,2
paper_baseline,9,26.0,0.5528553630513019,0.40465555905999384,2,0.5528553630513019,0.40465555905999384,2
paper_baseline,9,26.0,0.3620407063613628,0.34672405286705466,3,0.3620407063613628,0.34672405286705466,3
paper_baseline,9,26.0,0.3772030651139255,0.3696990331085168,2,0.3772030651139255,0.3696990331085168,2
paper_baseline,9,27.0,0.4250946073747242,0.3473998185531748,3,0.4250946073747242,0.3473998185531748,3
paper_baseline,9,27.0,0.6691382525186806,0.6691382525186806,1,0.6691382525186806,0.6691382525186806,1
paper_baseline,9,27.0,0.5196934250568829,0.39618621520141073,2,0.5196934250568829,0.39618621520141073,2
paper_baseline,9,27.0,0.44163469011841244,0.38217163311093894,4,0.44163469011841244,0.38217163311093894,4
paper_baseline,9,27.0,0.3473998185531748,0.3473998185531748,1,0.3473998185531748,0.3473998185531748,1
paper_baseline,9,28.0,0.4089363225506144,0.37139571362151746,3,0.4089363225506144,0.37139571362151746,3
paper_baseline,9,28.0,0.4089363225506144,0.37139571362151746,3,0.4089363225506144,0.37139571362151746,3
paper_baseline,9,28.0,0.43993701452127737,0.37690978048935875,3,0.43993701452127737,0.37690978048935875,3
paper_baseline,9,28.0,0.4089363225506144,0.37139571362151746,3,0.4089363225506144,0.37139571362151746,3
paper_baseline,9,28.0,0.42096508237929653,0.35791262434978477,2,0.42096508237929653,0.35791262434978477,2
paper_baseline,9,29.0,0.37401158079359553,0.37401158079359553,1,0.37401158079359553,0.37401158079359553,1
paper_baseline,9,29.0,0.4531454846749326,0.3707661257838256,2,0.4531454846749326,0.3707661257838256,2
paper_baseline,9,29.0,0.5682037329790988,0.5682037329790988,1,0.5682037329790988,0.5682037329790988,1
paper_baseline,9,29.0,0.40129489637364346,0.40129489637364346,1,0.40129489637364346,0.40129489637364346,1
paper_baseline,9,29.0,0.40129489637364346,0.40129489637364346,1,0.40129489637364346,0.40129489637364346,1
paper_baseline,9,30.0,0.5249705800287342,0.5249705800287342,1,0.5249705800287342,0.5249705800287342,1
paper_baseline,9,30.0,0.45332724184658985,0.3859168303777579,3,0.45332724184658985,0.3859168303777579,3
paper_baseline,9,30.0,0.3746875834242059,0.3739295453456466,2,0.3746875834242059,0.3739295453456466,2
paper_baseline,9,30.0,0.3592270581538045,0.3592270581538045,1,0.3592270581538045,0.3592270581538045,1
paper_baseline,9,30.0,0.4355340603639542,0.3592270581538045,3,0.4355340603639542,0.3592270581538045,3
paper_baseline,9,31.0,0.431954545167853,0.36756437386891916,3,0.431954545167853,0.36756437386891916,3
paper_baseline,9,31.0,0.37375429418009914,0.3435300411388289,3,0.37375429418009914,0.3435300411388289,3
paper_baseline,9,31.0,0.44721639282342884,0.36756437386891916,2,0.44721639282342884,0.36756437386891916,2
paper_baseline,9,31.0,0.39611039296453887,0.39611039296453887,1,0.39611039296453887,0.39611039296453887,1
paper_baseline,9,31.0,0.3715311932155947,0.3715311932155947,1,0.3715311932155947,0.3715311932155947,1
paper_baseline,9,32.0,0.3831218858254014,0.3831218858254014,2,0.3831218858254014,0.3831218858254014,2
paper_baseline,9,32.0,0.4195926335853014,0.3603706595519611,2,0.4195926335853014,0.3603706595519611,2
paper_baseline,9,32.0,0.4404721068185341,0.4404721068185341,1,0.4404721068185341,0.4404721068185341,1
paper_baseline,9,32.0,0.379810560247349,0.3764992346692966,2,0.379810560247349,0.3764992346692966,2
paper_baseline,9,32.0,0.5015182849401474,0.5015182849401474,1,0.5015182849401474,0.5015182849401474,1
paper_baseline,9,33.0,0.5780191906248854,0.4716973217085503,2,0.5780191906248854,0.4716973217085503,2
paper_baseline,9,33.0,0.504256990268429,0.4926579065336175,2,0.504256990268429,0.4926579065336175,2
paper_baseline,9,33.0,0.4627774587780826,0.40969884355292474,2,0.4627774587780826,0.40969884355292474,2
paper_baseline,9,33.0,0.5328680697010966,0.40306997918574294,2,0.5328680697010966,0.40306997918574294,2
paper_baseline,9,33.0,0.5059451488264974,0.4926579065336175,2,0.5059451488264974,0.4926579065336175,2
paper_baseline,9,34.0,0.4047852993319745,0.4047852993319745,1,0.4047852993319745,0.4047852993319745,1
paper_baseline,9,34.0,0.4672454094863936,0.4672454094863936,1,0.4672454094863936,0.4672454094863936,1
paper_baseline,9,34.0,0.42236198649072715,0.3514627320542192,4,0.42236198649072715,0.3514627320542192,4
paper_baseline,9,34.0,0.44919837165648574,0.3732086548977216,2,0.44919837165648574,0.3732086548977216,2
paper_baseline,9,34.0,0.38015781556135575,0.38015781556135575,1,0.38015781556135575,0.38015781556135575,1
paper_baseline,9,35.0,0.38060105972106895,0.38060105972106895,1,0.38060105972106895,0.38060105972106895,1
paper_baseline,9,35.0,0.5879955429470883,0.5672319782749764,2,0.5879955429470883,0.5672319782749764,2
paper_baseline,9,35.0,0.40307045307472333,0.40307045307472333,1,0.40307045307472333,0.40307045307472333,1
paper_baseline,9,35.0,0.47248449465233183,0.33840003496247584,3,0.47248449465233183,0.33840003496247584,3
paper_baseline,9,35.0,0.449104528269285,0.4429095511250277,2,0.449104528269285,0.4429095511250277,2
paper_baseline,9,36.0,0.5397730402963178,0.5397730402963178,1,0.5397730402963178,0.5397730402963178,1
paper_baseline,9,36.0,0.4134809515058876,0.4134809515058876,1,0.4134809515058876,0.4134809515058876,1
paper_baseline,9,36.0,0.3589848771495472,0.3589848771495472,1,0.3589848771495472,0.3589848771495472,1
paper_baseline,9,36.0,0.40626051937999846,0.3260364294255571,2,0.40626051937999846,0.3260364294255571,2
paper_baseline,9,36.0,0.5213711376774517,0.5213711376774517,1,0.5213711376774517,0.5213711376774517,1
paper_baseline,9,37.0,0.426581296424673,0.3579318431806586,2,0.426581296424673,0.3579318431806586,2
paper_baseline,9,37.0,0.6068527742687146,0.6068527742687146,1,0.6068527742687146,0.6068527742687146,1
paper_baseline,9,37.0,0.5147074674629999,0.40769908470976135,2,0.5147074674629999,0.40769908470976135,2
paper_baseline,9,37.0,0.5780725617570515,0.5780725617570515,1,0.5780725617570515,0.5780725617570515,1
paper_baseline,9,37.0,0.5510317346608085,0.5320633917498436,2,0.5510317346608085,0.5320633917498436,2
paper_baseline,9,38.0,0.4237483390959578,0.36273533984948236,3,0.4237483390959578,0.36273533984948236,3
paper_baseline,9,38.0,0.4241759078865204,0.34398571172069614,2,0.4241759078865204,0.34398571172069614,2
paper_baseline,9,38.0,0.46683920488341435,0.34398571172069614,2,0.46683920488341435,0.34398571172069614,2
paper_baseline,9,38.0,0.40438813012219593,0.3338669182841639,3,0.40438813012219593,0.3338669182841639,3
paper_baseline,9,38.0,0.585947654256906,0.585947654256906,1,0.585947654256906,0.585947654256906,1
paper_baseline,9,39.0,0.47906188629938207,0.3427950919844839,3,0.47906188629938207,0.3427950919844839,3
paper_baseline,9,39.0,0.6062209285160355,0.6062209285160355,1,0.6062209285160355,0.6062209285160355,1
paper_baseline,9,39.0,0.5346942972067121,0.5346942972067121,1,0.5346942972067121,0.5346942972067121,1
paper_baseline,9,39.0,0.42571237269573114,0.3427950919844839,2,0.42571237269573114,0.3427950919844839,2
paper_baseline,9,39.0,0.5346942972067121,0.5346942972067121,1,0.5346942972067121,0.5346942972067121,1
paper_baseline,9,40.0,0.417967266663024,0.3442530377600005,4,0.417967266663024,0.3442530377600005,4
paper_baseline,9,40.0,0.42862858742748244,0.37858676828250526,2,0.42862858742748244,0.37858676828250526,2
paper_baseline,9,40.0,0.42862858742748244,0.37858676828250526,2,0.42862858742748244,0.37858676828250526,2
paper_baseline,9,40.0,0.4820747868955082,0.3760098126611551,3,0.4820747868955082,0.3760098126611551,3
paper_baseline,9,40.0,0.47321387846187535,0.47321387846187535,1,0.47321387846187535,0.47321387846187535,1
paper_baseline,9,41.0,0.46554861012859455,0.3706410717473182,3,0.46554861012859455,0.3706410717473182,3
paper_baseline,9,41.0,0.5016480810644164,0.5016480810644164,1,0.5016480810644164,0.5016480810644164,1
paper_baseline,9,41.0,0.37990970835292515,0.37990970835292515,1,0.37990970835292515,0.37990970835292515,1
paper_baseline,9,41.0,0.5016480810644164,0.5016480810644164,1,0.5016480810644164,0.5016480810644164,1
paper_baseline,9,41.0,0.49044087401784103,0.37259359965543004,3,0.49044087401784103,0.37259359965543004,3
paper_baseline,9,42.0,0.46430922268067876,0.3548981638908181,4,0.46430922268067876,0.3548981638908181,4
paper_baseline,9,42.0,0.4842643110869589,0.3817589811176303,3,0.4842643110869589,0.3817589811176303,3
paper_baseline,9,42.0,0.46780456057105363,0.3770281474258087,2,0.46780456057105363,0.3770281474258087,2
paper_baseline,9,42.0,0.4989243549287336,0.37039507071213396,3,0.4989243549287336,0.37039507071213396,3
paper_baseline,9,42.0,0.4508542680859322,0.38723624260799006,3,0.4508542680859322,0.38723624260799006,3
paper_baseline,9,43.0,0.5738752597877506,0.5738752597877506,1,0.5738752597877506,0.5738752597877506,1
paper_baseline,9,43.0,0.384999749891927,0.384999749891927,1,0.384999749891927,0.384999749891927,1
paper_baseline,9,43.0,0.3850940537990364,0.3738371896487904,3,0.3850940537990364,0.3738371896487904,3
paper_baseline,9,43.0,0.44540005705484836,0.3738371896487904,3,0.44540005705484836,0.3738371896487904,3
paper_baseline,9,43.0,0.39353559617076644,0.39062597048514125,2,0.39353559617076644,0.39062597048514125,2
paper_baseline,9,44.0,0.4846657566123221,0.4417613090113107,2,0.4846657566123221,0.4417613090113107,2
paper_baseline,9,44.0,0.5105554670548339,0.3945004341349604,3,0.5105554670548339,0.3945004341349604,3
paper_baseline,9,44.0,0.5597471053628988,0.5597471053628988,1,0.5597471053628988,0.5597471053628988,1
paper_baseline,9,44.0,0.4339166437826862,0.37871545546786267,3,0.4339166437826862,0.37871545546786267,3
paper_baseline,9,44.0,0.3615919510483214,0.3615919510483214,1,0.3615919510483214,0.3615919510483214,1
paper_baseline,9,45.0,0.45805760040156396,0.3965069853868435,2,0.45805760040156396,0.3965069853868435,2
paper_baseline,9,45.0,0.3973051301901089,0.3593009610995067,3,0.3973051301901089,0.3593009610995067,3
paper_baseline,9,45.0,0.4526817650519301,0.3683355492031031,3,0.4526817650519301,0.3683355492031031,3
paper_baseline,9,45.0,0.3593009610995067,0.3593009610995067,2,0.3593009610995067,0.3593009610995067,2
paper_baseline,9,45.0,0.3975221608916274,0.3975221608916274,1,0.3975221608916274,0.3975221608916274,1
paper_baseline,9,46.0,0.5179796335695595,0.4392724783444264,2,0.5179796335695595,0.4392724783444264,2
paper_baseline,9,46.0,0.4816789453661053,0.3665309273112224,3,0.4816789453661053,0.3665309273112224,3
paper_baseline,9,46.0,0.3726802862359648,0.3642576292176778,3,0.3726802862359648,0.3642576292176778,3
paper_baseline,9,46.0,0.47305274973352596,0.37283491445514094,4,0.47305274973352596,0.37283491445514094,4
paper_baseline,9,46.0,0.3709571556972776,0.3709571556972776,1,0.3709571556972776,0.3709571556972776,1
paper_baseline,9,47.0,0.4210670445339004,0.4210670445339004,1,0.4210670445339004,0.4210670445339004,1
paper_baseline,9,47.0,0.4619402315449035,0.38580736202327426,3,0.4619402315449035,0.38580736202327426,3
paper_baseline,9,47.0,0.4265704057669587,0.3955177158129908,2,0.4265704057669587,0.3955177158129908,2
paper_baseline,9,47.0,0.40029959494921646,0.36639392074154153,3,0.40029959494921646,0.36639392074154153,3
paper_baseline,9,47.0,0.3761935411740196,0.373527318909908,3,0.3761935411740196,0.373527318909908,3
paper_baseline,9,48.0,0.3763165241401679,0.3763165241401679,1,0.3763165241401679,0.3763165241401679,1
paper_baseline,9,48.0,0.47435730872593374,0.47435730872593374,1,0.47435730872593374,0.47435730872593374,1
paper_baseline,9,48.0,0.4813288536443326,0.37160748934144705,3,0.4813288536443326,0.37160748934144705,3
paper_baseline,9,48.0,0.40340375499097236,0.40340375499097236,1,0.40340375499097236,0.40340375499097236,1
paper_baseline,9,48.0,0.38159759559262185,0.38159759559262185,1,0.38159759559262185,0.38159759559262185,1
paper_baseline,9,49.0,0.42668940312570847,0.365817777049978,3,0.42668940312570847,0.365817777049978,3
paper_baseline,9,49.0,0.39396530816737135,0.3938308816599173,2,0.39396530816737135,0.3938308816599173,2
paper_baseline,9,49.0,0.4037605399550758,0.3838018638580145,2,0.4037605399550758,0.3838018638580145,2
paper_baseline,9,49.0,0.47537593252111704,0.38626045254291463,3,0.47537593252111704,0.38626045254291463,3
paper_baseline,9,49.0,0.39018009360887,0.38626045254291463,2,0.39018009360887,0.38626045254291463,2
paper_baseline,9,50.0,0.5096641667465169,0.41990870113859635,2,0.5096641667465169,0.41990870113859635,2
paper_baseline,9,50.0,0.38984058393159077,0.3558988068002016,4,0.38984058393159077,0.3558988068002016,4
paper_baseline,9,50.0,0.38479992670517094,0.38479992670517094,1,0.38479992670517094,0.38479992670517094,1
paper_baseline,9,50.0,0.39658853666109734,0.3799964300363473,3,0.39658853666109734,0.3799964300363473,3
paper_baseline,9,50.0,0.4103926805747269,0.39101261123885633,2,0.4103926805747269,0.39101261123885633,2
paper_baseline,9,51.0,0.4448431348026127,0.3913904587192677,3,0.4448431348026127,0.3913904587192677,3
paper_baseline,9,51.0,0.44780797273674544,0.39549486383326693,2,0.44780797273674544,0.39549486383326693,2
paper_baseline,9,51.0,0.4189986310460191,0.4189986310460191,1,0.4189986310460191,0.4189986310460191,1
paper_baseline,9,51.0,0.41909816055613647,0.41909816055613647,1,0.41909816055613647,0.41909816055613647,1
paper_baseline,9,51.0,0.40979590693710194,0.3913904587192677,3,0.40979590693710194,0.3913904587192677,3
paper_baseline,9,52.0,0.38720354426833914,0.38720354426833914,1,0.38720354426833914,0.38720354426833914,1
paper_baseline,9,52.0,0.4128068181040334,0.4128068181040334,1,0.4128068181040334,0.4128068181040334,1
paper_baseline,9,52.0,0.37709272796297777,0.36820006960902585,2,0.37709272796297777,0.36820006960902585,2
paper_baseline,9,52.0,0.3940392875026525,0.38581826146982456,4,0.3940392875026525,0.38581826146982456,4
paper_baseline,9,52.0,0.43725414827009396,0.36820006960902585,3,0.43725414827009396,0.36820006960902585,3
paper_baseline,9,53.0,0.40692475011570794,0.40692475011570794,1,0.40692475011570794,0.40692475011570794,1
paper_baseline,9,53.0,0.37818778886385473,0.3748606845378978,3,0.37818778886385473,0.3748606845378978,3
paper_baseline,9,53.0,0.5064163818503432,0.4087387444785352,2,0.5064163818503432,0.4087387444785352,2
paper_baseline,9,53.0,0.3937172009589407,0.3937172009589407,1,0.3937172009589407,0.3937172009589407,1
paper_baseline,9,53.0,0.4202444873808384,0.3748606845378978,4,0.4202444873808384,0.3748606845378978,4
paper_baseline,9,54.0,0.36571030956007833,0.36571030956007833,1,0.36571030956007833,0.36571030956007833,1
paper_baseline,9,54.0,0.4228497773399169,0.3730394238773702,2,0.4228497773399169,0.3730394238773702,2
paper_baseline,9,54.0,0.4564249380718353,0.3741569067475998,3,0.4564249380718353,0.3741569067475998,3
paper_baseline,9,54.0,0.4100586305977477,0.4100586305977477,1,0.4100586305977477,0.4100586305977477,1
paper_baseline,9,54.0,0.40305167803826963,0.3730394238773702,3,0.40305167803826963,0.3730394238773702,3
paper_baseline,9,55.0,0.5118746289749325,0.3938417811064676,2,0.5118746289749325,0.3938417811064676,2
paper_baseline,9,55.0,0.6299074768433974,0.6299074768433974,1,0.6299074768433974,0.6299074768433974,1
paper_baseline,9,55.0,0.38820442412221284,0.383897852703721,2,0.38820442412221284,0.383897852703721,2
paper_baseline,9,55.0,0.3951123301173822,0.3951123301173822,1,0.3951123301173822,0.3951123301173822,1
paper_baseline,9,55.0,0.4972402264902433,0.39110085989788224,3,0.4972402264902433,0.39110085989788224,3
paper_baseline,9,56.0,0.39894721963906377,0.39894721963906377,1,0.39894721963906377,0.39894721963906377,1
paper_baseline,9,56.0,0.49469016689329925,0.40492546516152506,2,0.49469016689329925,0.40492546516152506,2
paper_baseline,9,56.0,0.3870135674415103,0.3870135674415103,1,0.3870135674415103,0.3870135674415103,1
paper_baseline,9,56.0,0.5009841900178159,0.38559816636557165,2,0.5009841900178159,0.38559816636557165,2
paper_baseline,9,56.0,0.3990174912422684,0.3990174912422684,1,0.3990174912422684,0.3990174912422684,1
paper_baseline,9,57.0,0.47945260703219206,0.3857097408933017,2,0.47945260703219206,0.3857097408933017,2
paper_baseline,9,57.0,0.35573531510194667,0.35573531510194667,1,0.35573531510194667,0.35573531510194667,1
paper_baseline,9,57.0,0.3905369056839824,0.37746201911457533,2,0.3905369056839824,0.37746201911457533,2
paper_baseline,9,57.0,0.4587988960039369,0.39986448881332404,3,0.4587988960039369,0.39986448881332404,3
paper_baseline,9,57.0,0.3753830944845114,0.35573531510194667,2,0.3753830944845114,0.35573531510194667,2
paper_baseline,9,58.0,0.513646561733561,0.3869766567553664,3,0.513646561733561,0.3869766567553664,3
paper_baseline,9,58.0,0.44997347357278594,0.3653392544883869,2,0.44997347357278594,0.3653392544883869,2
paper_baseline,9,58.0,0.467419541037341,0.3869766567553664,3,0.467419541037341,0.3869766567553664,3
paper_baseline,9,58.0,0.5165383860624115,0.41385469194846825,2,0.5165383860624115,0.41385469194846825,2
paper_baseline,9,58.0,0.385453366954879,0.3703799589190908,2,0.385453366954879,0.3703799589190908,2
paper_baseline,9,59.0,0.5541460953177526,0.5541460953177526,1,0.5541460953177526,0.5541460953177526,1
paper_baseline,9,59.0,0.42210599673133486,0.3991404391055293,2,0.42210599673133486,0.3991404391055293,2
paper_baseline,9,59.0,0.368457549288403,0.3476827302745028,2,0.368457549288403,0.3476827302745028,2
paper_baseline,9,59.0,0.5451961764677935,0.5422429198110328,2,0.5451961764677935,0.5422429198110328,2
paper_baseline,9,59.0,0.5246660497021511,0.41567174026250286,2,0.5246660497021511,0.41567174026250286,2
paper_baseline,9,60.0,0.44439200807693846,0.44358076978068883,2,0.44439200807693846,0.44358076978068883,2
paper_baseline,9,60.0,0.36145723494204596,0.3377860328068075,2,0.36145723494204596,0.3377860328068075,2
paper_baseline,9,60.0,0.4286145059927122,0.39964181364684426,2,0.4286145059927122,0.39964181364684426,2
paper_baseline,9,60.0,0.44358076978068883,0.44358076978068883,1,0.44358076978068883,0.44358076978068883,1
paper_baseline,9,60.0,0.4504626269839839,0.3377860328068075,4,0.4504626269839839,0.3377860328068075,4
paper_baseline,21,1.0,0.3595078926209694,0.35037642054803686,3,0.3595078926209694,0.35037642054803686,3
paper_baseline,21,1.0,0.3799670752467251,0.3783262346519207,2,0.3799670752467251,0.3783262346519207,2
paper_baseline,21,1.0,0.45023646500654824,0.35214892329790926,4,0.45023646500654824,0.35214892329790926,4
paper_baseline,21,1.0,0.3816079158415294,0.3816079158415294,2,0.3816079158415294,0.3816079158415294,2
paper_baseline,21,1.0,0.35246911428569927,0.35246911428569927,1,0.35246911428569927,0.35246911428569927,1
paper_baseline,21,2.0,0.36620968323680914,0.36620968323680914,1,0.36620968323680914,0.36620968323680914,1
paper_baseline,21,2.0,0.43197101311829716,0.3636581596574099,3,0.43197101311829716,0.3636581596574099,3
paper_baseline,21,2.0,0.3723050539206678,0.3723050539206678,1,0.3723050539206678,0.3723050539206678,1
paper_baseline,21,2.0,0.4673791300460837,0.3750278093850027,2,0.4673791300460837,0.3750278093850027,2
paper_baseline,21,2.0,0.4336430105927495,0.36617077168608114,3,0.4336430105927495,0.36617077168608114,3
paper_baseline,21,3.0,0.35503446840275005,0.35423482462685185,3,0.35503446840275005,0.35423482462685185,3
paper_baseline,21,3.0,0.5587847432340578,0.5437665886335918,2,0.5587847432340578,0.5437665886335918,2
paper_baseline,21,3.0,0.47083579073510035,0.39912626468243284,2,0.47083579073510035,0.39912626468243284,2
paper_baseline,21,3.0,0.44094432975060593,0.3749567786922665,3,0.44094432975060593,0.3749567786922665,3
paper_baseline,21,3.0,0.42242110570212105,0.3728822506988546,4,0.42242110570212105,0.3728822506988546,4
paper_baseline,21,4.0,0.46197978984729265,0.35101796091890225,3,0.46197978984729265,0.35101796091890225,3
paper_baseline,21,4.0,0.36931653449551977,0.357349486278018,3,0.36931653449551977,0.357349486278018,3
paper_baseline,21,4.0,0.3865075417676094,0.3712939854537144,3,0.3865075417676094,0.3712939854537144,3
paper_baseline,21,4.0,0.5393085250039207,0.5393085250039207,1,0.5393085250039207,0.5393085250039207,1
paper_baseline,21,4.0,0.5430794470995169,0.5393085250039207,2,0.5430794470995169,0.5393085250039207,2
paper_baseline,21,5.0,0.38413716663884767,0.37928949298617987,2,0.38413716663884767,0.37928949298617987,2
paper_baseline,21,5.0,0.516491653611332,0.3873773562155015,3,0.516491653611332,0.3873773562155015,3
paper_baseline,21,5.0,0.43161557160724157,0.37434898974767516,5,0.43161557160724157,0.37434898974767516,5
paper_baseline,21,5.0,0.4781084229277909,0.38532367933722933,4,0.4781084229277909,0.38532367933722933,4
paper_baseline,21,5.0,0.48684459978976624,0.48684459978976624,1,0.48684459978976624,0.48684459978976624,1
paper_baseline,21,6.0,0.3725090192481417,0.3631770570335918,3,0.3725090192481417,0.3631770570335918,3
paper_baseline,21,6.0,0.466615940288013,0.37717500035541673,4,0.466615940288013,0.37717500035541673,4
paper_baseline,21,6.0,0.5119272601670719,0.39004514055810435,3,0.5119272601670719,0.39004514055810435,3
paper_baseline,21,6.0,0.3774744876601942,0.3724452197502184,5,0.3774744876601942,0.3724452197502184,5
paper_baseline,21,6.0,0.4551321413070748,0.37717500035541673,4,0.4551321413070748,0.37717500035541673,4
paper_baseline,21,7.0,0.3769144070359758,0.3544211683048307,3,0.3769144070359758,0.3544211683048307,3
paper_baseline,21,7.0,0.4448929035583052,0.3724742849410192,3,0.4448929035583052,0.3724742849410192,3
paper_baseline,21,7.0,0.4977923089891357,0.4020791826362865,2,0.4977923089891357,0.4020791826362865,2
paper_baseline,21,7.0,0.5608801440699853,0.5608801440699853,1,0.5608801440699853,0.5608801440699853,1
paper_baseline,21,7.0,0.4020791826362865,0.4020791826362865,1,0.4020791826362865,0.4020791826362865,1
paper_baseline,21,8.0,0.5360660403443326,0.5360660403443326,1,0.5360660403443326,0.5360660403443326,1
paper_baseline,21,8.0,0.3610412393987086,0.35973588587489647,3,0.3610412393987086,0.35973588587489647,3
paper_baseline,21,8.0,0.3952369102649092,0.3883059153455256,2,0.3952369102649092,0.3883059153455256,2
paper_baseline,21,8.0,0.39022498142618467,0.3799470929280495,2,0.39022498142618467,0.3799470929280495,2
paper_baseline,21,8.0,0.5162710937011369,0.3936891888547631,3,0.5162710937011369,0.3936891888547631,3
paper_baseline,21,9.0,0.349774370925542,0.349774370925542,2,0.349774370925542,0.349774370925542,2
paper_baseline,21,9.0,0.3870317331857609,0.3870317331857609,1,0.3870317331857609,0.3870317331857609,1
paper_baseline,21,9.0,0.3717644782298035,0.36507508770895214,4,0.3717644782298035,0.36507508770895214,4
paper_baseline,21,9.0,0.3982671933503898,0.38597706693260614,2,0.3982671933503898,0.38597706693260614,2
paper_baseline,21,9.0,0.48171819970328894,0.39481804506052354,2,0.48171819970328894,0.39481804506052354,2
paper_baseline,21,10.0,0.4774803478102897,0.39598849818790127,2,0.4774803478102897,0.39598849818790127,2
paper_baseline,21,10.0,0.3929874314812242,0.35842642531325375,2,0.3929874314812242,0.35842642531325375,2
paper_baseline,21,10.0,0.45335036284643304,0.3793933273272293,3,0.45335036284643304,0.3793933273272293,3
paper_baseline,21,10.0,0.519936500089885,0.519936500089885,1,0.519936500089885,0.519936500089885,1
paper_baseline,21,10.0,0.49493717953778105,0.3615628858575205,3,0.49493717953778105,0.3615628858575205,3
paper_baseline,21,11.0,0.440945187033671,0.38880002358914034,2,0.440945187033671,0.38880002358914034,2
paper_baseline,21,11.0,0.3680446603506041,0.3667619218620256,2,0.3680446603506041,0.3667619218620256,2
paper_baseline,21,11.0,0.4930903504782017,0.4930903504782017,1,0.4930903504782017,0.4930903504782017,1
paper_baseline,21,11.0,0.3807518353983484,0.3667619218620256,4,0.3807518353983484,0.3667619218620256,4
paper_baseline,21,11.0,0.3947417489346712,0.3947417489346712,1,0.3947417489346712,0.3947417489346712,1
paper_baseline,21,12.0,0.43835779442836625,0.3951086969685321,3,0.43835779442836625,0.3951086969685321,3
paper_baseline,21,12.0,0.37640764246024205,0.35518412956335343,2,0.37640764246024205,0.35518412956335343,2
paper_baseline,21,12.0,0.3775123195645292,0.35472013959716275,3,0.3775123195645292,0.35472013959716275,3
paper_baseline,21,12.0,0.38657600994956237,0.3780433229305926,2,0.38657600994956237,0.3780433229305926,2
paper_baseline,21,12.0,0.4917767107574131,0.37008672694885525,3,0.4917767107574131,0.37008672694885525,3
paper_baseline,21,13.0,0.43405630807192913,0.40813822183164417,2,0.43405630807192913,0.40813822183164417,2
paper_baseline,21,13.0,0.36507948434560406,0.36332754311205007,2,0.36507948434560406,0.36332754311205007,2
paper_baseline,21,13.0,0.5368750552376078,0.46957072048101955,2,0.5368750552376078,0.46957072048101955,2
paper_baseline,21,13.0,0.40575412154715523,0.3610833102093062,3,0.40575412154715523,0.3610833102093062,3
paper_baseline,21,13.0,0.3874848237054011,0.36683142557915804,2,0.3874848237054011,0.36683142557915804,2
paper_baseline,21,14.0,0.5444875424159126,0.5444875424159126,1,0.5444875424159126,0.5444875424159126,1
paper_baseline,21,14.0,0.6644078113106311,0.6644078113106311,1,0.6644078113106311,0.6644078113106311,1
paper_baseline,21,14.0,0.3635896388211257,0.33481517013404216,3,0.3635896388211257,0.33481517013404216,3
paper_baseline,21,14.0,0.5957820330909087,0.5632599314714399,2,0.5957820330909087,0.5632599314714399,2
paper_baseline,21,14.0,0.5444875424159126,0.5444875424159126,1,0.5444875424159126,0.5444875424159126,1
paper_baseline,21,15.0,0.432337641178598,0.33730024394751634,3,0.432337641178598,0.33730024394751634,3
paper_baseline,21,15.0,0.4993370332266671,0.4993370332266671,1,0.4993370332266671,0.4993370332266671,1
paper_baseline,21,15.0,0.4370866694046186,0.3748363055825701,2,0.4370866694046186,0.3748363055825701,2
paper_baseline,21,15.0,0.543867225651525,0.5371561802876081,2,0.543867225651525,0.5371561802876081,2
paper_baseline,21,15.0,0.4559962429350891,0.3748363055825701,2,0.4559962429350891,0.3748363055825701,2
paper_baseline,21,16.0,0.46492291071767344,0.3692365701179299,2,0.46492291071767344,0.3692365701179299,2
paper_baseline,21,16.0,0.49940218284495513,0.43819511437249326,2,0.49940218284495513,0.43819511437249326,2
paper_baseline,21,16.0,0.47099261964617245,0.3692365701179299,2,0.47099261964617245,0.3692365701179299,2
paper_baseline,21,16.0,0.4717593402861658,0.39354538987636234,3,0.4717593402861658,0.39354538987636234,3
paper_baseline,21,16.0,0.45267298347767765,0.3639815099050696,2,0.45267298347767765,0.3639815099050696,2
paper_baseline,21,17.0,0.4429496253267552,0.3579566960249666,4,0.4429496253267552,0.3579566960249666,4
paper_baseline,21,17.0,0.4276541145786817,0.3551311593062054,3,0.4276541145786817,0.3551311593062054,3
paper_baseline,21,17.0,0.4308628870710763,0.33042527323648796,3,0.4308628870710763,0.33042527323648796,3
paper_baseline,21,17.0,0.37262677188406146,0.37262677188406146,1,0.37262677188406146,0.37262677188406146,1
paper_baseline,21,17.0,0.47876737817085135,0.38483473121806844,2,0.47876737817085135,0.38483473121806844,2
paper_baseline,21,18.0,0.40422378943129456,0.3318313018414799,3,0.40422378943129456,0.3318313018414799,3
paper_baseline,21,18.0,0.3840387820210733,0.3634666558549773,2,0.3840387820210733,0.3634666558549773,2
paper_baseline,21,18.0,0.39417966394952764,0.39417966394952764,1,0.39417966394952764,0.39417966394952764,1
paper_baseline,21,18.0,0.44606827959322715,0.3318313018414799,3,0.44606827959322715,0.3318313018414799,3
paper_baseline,21,18.0,0.44414685824248806,0.37733122575597144,3,0.44414685824248806,0.37733122575597144,3
paper_baseline,21,19.0,0.45606192699439024,0.355899280689182,2,0.45606192699439024,0.355899280689182,2
paper_baseline,21,19.0,0.3863196360111396,0.3863196360111396,1,0.3863196360111396,0.3863196360111396,1
paper_baseline,21,19.0,0.4436310754707118,0.3584139988910998,3,0.4436310754707118,0.3584139988910998,3
paper_baseline,21,19.0,0.36349466795915497,0.36349466795915497,1,0.36349466795915497,0.36349466795915497,1
paper_baseline,21,19.0,0.3762786656760632,0.3584139988910998,2,0.3762786656760632,0.3584139988910998,2
paper_baseline,21,20.0,0.4708428832988252,0.39986354103536315,2,0.4708428832988252,0.39986354103536315,2
paper_baseline,21,20.0,0.5622431627157847,0.5622431627157847,1,0.5622431627157847,0.5622431627157847,1
paper_baseline,21,20.0,0.3710952153535818,0.3710952153535818,1,0.3710952153535818,0.3710952153535818,1
paper_baseline,21,20.0,0.36135579637306425,0.36135579637306425,1,0.36135579637306425,0.36135579637306425,1
paper_baseline,21,20.0,0.43007458969084383,0.36399030317837344,3,0.43007458969084383,0.36399030317837344,3
paper_baseline,21,21.0,0.4403410172350066,0.39038923661224134,4,0.4403410172350066,0.39038923661224134,4
paper_baseline,21,21.0,0.38271110306084893,0.36921371813820614,2,0.38271110306084893,0.36921371813820614,2
paper_baseline,21,21.0,0.449542602546583,0.36921371813820614,3,0.449542602546583,0.36921371813820614,3
paper_baseline,21,21.0,0.36431704963039296,0.3484980825925308,2,0.36431704963039296,0.3484980825925308,2
paper_baseline,21,21.0,0.36921371813820614,0.36921371813820614,1,0.36921371813820614,0.36921371813820614,1
paper_baseline,21,22.0,0.5298784578601525,0.5298784578601525,1,0.5298784578601525,0.5298784578601525,1
paper_baseline,21,22.0,0.4680225648443414,0.3898274298217953,2,0.4680225648443414,0.3898274298217953,2
paper_baseline,21,22.0,0.42182897473260783,0.36333844255860037,3,0.42182897473260783,0.36333844255860037,3
paper_baseline,21,22.0,0.3793029724949569,0.3793029724949569,1,0.3793029724949569,0.3793029724949569,1
paper_baseline,21,22.0,0.3815679512041782,0.3815679512041782,1,0.3815679512041782,0.3815679512041782,1
paper_baseline,21,23.0,0.3615353476423233,0.3615353476423233,1,0.3615353476423233,0.3615353476423233,1
paper_baseline,21,23.0,0.4022602727601732,0.39831839968744387,3,0.4022602727601732,0.39831839968744387,3
paper_baseline,21,23.0,0.39291698250680673,0.3816027557170756,2,0.39291698250680673,0.3816027557170756,2
paper_baseline,21,23.0,0.38786056501256594,0.38786056501256594,1,0.38786056501256594,0.38786056501256594,1
paper_baseline,21,23.0,0.36861869786892126,0.3615353476423233,2,0.36861869786892126,0.3615353476423233,2
paper_baseline,21,24.0,0.38536822490139166,0.38536822490139166,2,0.38536822490139166,0.38536822490139166,2
paper_baseline,21,24.0,0.36413386521228386,0.34821317000661867,2,0.36413386521228386,0.34821317000661867,2
paper_baseline,21,24.0,0.38536822490139166,0.38536822490139166,2,0.38536822490139166,0.38536822490139166,2
paper_baseline,21,24.0,0.3824534917456437,0.3824534917456437,1,0.3824534917456437,0.3824534917456437,1
paper_baseline,21,24.0,0.38536822490139166,0.38536822490139166,2,0.38536822490139166,0.38536822490139166,2
paper_baseline,21,25.0,0.38739294189752527,0.38739294189752527,2,0.38739294189752527,0.38739294189752527,2
paper_baseline,21,25.0,0.490748373973833,0.490748373973833,1,0.490748373973833,0.490748373973833,1
paper_baseline,21,25.0,0.5659711473795053,0.5659711473795053,1,0.5659711473795053,0.5659711473795053,1
paper_baseline,21,25.0,0.4593151192460167,0.35265909111252813,2,0.4593151192460167,0.35265909111252813,2
paper_baseline,21,25.0,0.4392695849295935,0.3990040117334912,2,0.4392695849295935,0.3990040117334912,2
paper_baseline,21,26.0,0.36659128233831567,0.359941448383749,4,0.36659128233831567,0.359941448383749,4
paper_baseline,21,26.0,0.41262642235119473,0.3478498551216078,4,0.41262642235119473,0.3478498551216078,4
paper_baseline,21,26.0,0.412684712787086,0.3478498551216078,5,0.412684712787086,0.3478498551216078,5
paper_baseline,21,26.0,0.41285645596045434,0.37523489886945893,4,0.41285645596045434,0.37523489886945893,4
paper_baseline,21,26.0,0.4414098107978599,0.3958577048292973,4,0.4414098107978599,0.3958577048292973,4
paper_baseline,21,27.0,0.4651263587042333,0.39812584279838814,3,0.4651263587042333,0.39812584279838814,3
paper_baseline,21,27.0,0.3812769702065998,0.373691863694786,4,0.3812769702065998,0.373691863694786,4
paper_baseline,21,27.0,0.44642308040138123,0.39812584279838814,2,0.44642308040138123,0.39812584279838814,2
paper_baseline,21,27.0,0.487591788818494,0.4177339471424232,3,0.487591788818494,0.4177339471424232,3
paper_baseline,21,27.0,0.47061075447208395,0.3823133259160931,3,0.47061075447208395,0.3823133259160931,3
paper_baseline,21,28.0,0.3961057325466587,0.33771594989203235,4,0.3961057325466587,0.33771594989203235,4
paper_baseline,21,28.0,0.47986245394887383,0.4178091901816522,3,0.47986245394887383,0.4178091901816522,3
paper_baseline,21,28.0,0.4178091901816522,0.4178091901816522,1,0.4178091901816522,0.4178091901816522,1
paper_baseline,21,28.0,0.4598194329291542,0.3996351265467869,4,0.4598194329291542,0.3996351265467869,4
paper_baseline,21,28.0,0.4832706108292334,0.3895328665702391,2,0.4832706108292334,0.3895328665702391,2
paper_baseline,21,29.0,0.3744257597625079,0.3744257597625079,1,0.3744257597625079,0.3744257597625079,1
paper_baseline,21,29.0,0.4134089725474531,0.3591722739141493,4,0.4134089725474531,0.3591722739141493,4
paper_baseline,21,29.0,0.41012006455089256,0.3568641713077072,4,0.41012006455089256,0.3568641713077072,4
paper_baseline,21,29.0,0.378823940941498,0.3769326324690827,3,0.378823940941498,0.3769326324690827,3
paper_baseline,21,29.0,0.4258351750899376,0.36227029679666845,2,0.4258351750899376,0.36227029679666845,2
paper_baseline,21,30.0,0.45574312242926734,0.3937530585584613,2,0.45574312242926734,0.3937530585584613,2
paper_baseline,21,30.0,0.4386590090731219,0.3593435057990847,2,0.4386590090731219,0.3593435057990847,2
paper_baseline,21,30.0,0.4563267693630213,0.39492035242596923,2,0.4563267693630213,0.39492035242596923,2
paper_baseline,21,30.0,0.37583905466520007,0.37583905466520007,1,0.37583905466520007,0.37583905466520007,1
paper_baseline,21,30.0,0.3639597110119688,0.3639597110119688,1,0.3639597110119688,0.3639597110119688,1
paper_baseline,21,31.0,0.3814735419884066,0.3716765191695991,2,0.3814735419884066,0.3716765191695991,2
paper_baseline,21,31.0,0.3600348571672285,0.3600348571672285,1,0.3600348571672285,0.3600348571672285,1
paper_baseline,21,31.0,0.3808085002343995,0.35871707722126245,3,0.3808085002343995,0.35871707722126245,3
paper_baseline,21,31.0,0.38215088730446156,0.38215088730446156,1,0.38215088730446156,0.38215088730446156,1
paper_baseline,21,31.0,0.3735234488165676,0.3733078030032978,2,0.3735234488165676,0.3733078030032978,2
paper_baseline,21,32.0,0.4506048118608825,0.37869365657476206,2,0.4506048118608825,0.37869365657476206,2
paper_baseline,21,32.0,0.4298736420606495,0.3714170386256377,4,0.4298736420606495,0.3714170386256377,4
paper_baseline,21,32.0,0.36311127422252804,0.35972345945274253,3,0.36311127422252804,0.35972345945274253,3
paper_baseline,21,32.0,0.389493955019511,0.389493955019511,1,0.389493955019511,0.389493955019511,1
paper_baseline,21,32.0,0.389493955019511,0.389493955019511,1,0.389493955019511,0.389493955019511,1
paper_baseline,21,33.0,0.3754113961875105,0.3754113961875105,2,0.3754113961875105,0.3754113961875105,2
paper_baseline,21,33.0,0.37509631268541405,0.35865636677743384,4,0.37509631268541405,0.35865636677743384,4
paper_baseline,21,33.0,0.5487449417236968,0.5487449417236968,1,0.5487449417236968,0.5487449417236968,1
paper_baseline,21,33.0,0.3754113961875105,0.3754113961875105,1,0.3754113961875105,0.3754113961875105,1
paper_baseline,21,33.0,0.37444497859338166,0.37444497859338166,1,0.37444497859338166,0.37444497859338166,1
paper_baseline,21,34.0,0.3881684703636644,0.3824770444203519,4,0.3881684703636644,0.3824770444203519,4
paper_baseline,21,34.0,0.3881399991235096,0.3824770444203519,2,0.3881399991235096,0.3824770444203519,2
paper_baseline,21,34.0,0.369839672827048,0.369839672827048,1,0.369839672827048,0.369839672827048,1
paper_baseline,21,34.0,0.39001244221845344,0.39001244221845344,1,0.39001244221845344,0.39001244221845344,1
paper_baseline,21,34.0,0.37988819905864585,0.37537764476123625,2,0.37988819905864585,0.37537764476123625,2
paper_baseline,21,35.0,0.38563689270622925,0.38563689270622925,1,0.38563689270622925,0.38563689270622925,1
paper_baseline,21,35.0,0.37970783164725386,0.3711522926485602,2,0.37970783164725386,0.3711522926485602,2
paper_baseline,21,35.0,0.46089568020321314,0.3634245850443797,3,0.46089568020321314,0.3634245850443797,3
paper_baseline,21,35.0,0.3455832441281206,0.3455832441281206,1,0.3455832441281206,0.3455832441281206,1
paper_baseline,21,35.0,0.3634245850443797,0.3634245850443797,1,0.3634245850443797,0.3634245850443797,1
paper_baseline,21,36.0,0.4408104583604691,0.3832132937442968,2,0.4408104583604691,0.3832132937442968,2
paper_baseline,21,36.0,0.4020584426418882,0.35389072857271475,3,0.4020584426418882,0.35389072857271475,3
paper_baseline,21,36.0,0.36132749467006536,0.35803251826183846,2,0.36132749467006536,0.35803251826183846,2
paper_baseline,21,36.0,0.48075615567735075,0.48075615567735075,1,0.48075615567735075,0.48075615567735075,1
paper_baseline,21,36.0,0.37124570143203983,0.37124570143203983,1,0.37124570143203983,0.37124570143203983,1
paper_baseline,21,37.0,0.43684388677342306,0.3805834731744612,3,0.43684388677342306,0.3805834731744612,3
paper_baseline,21,37.0,0.44650175455630947,0.35995082085469565,3,0.44650175455630947,0.35995082085469565,3
paper_baseline,21,37.0,0.49134302665600615,0.49134302665600615,1,0.49134302665600615,0.49134302665600615,1
paper_baseline,21,37.0,0.4113433818896704,0.3630670094814654,3,0.4113433818896704,0.3630670094814654,3
paper_baseline,21,37.0,0.43684388677342306,0.3805834731744612,3,0.43684388677342306,0.3805834731744612,3
paper_baseline,21,38.0,0.4350692892954448,0.3654736809958409,2,0.4350692892954448,0.3654736809958409,2
paper_baseline,21,38.0,0.4990213415348433,0.3654736809958409,3,0.4990213415348433,0.3654736809958409,3
paper_baseline,21,38.0,0.5148798505010697,0.46396452919779463,2,0.5148798505010697,0.46396452919779463,2
paper_baseline,21,38.0,0.4743620134258549,0.3829288550473652,2,0.4743620134258549,0.3829288550473652,2
paper_baseline,21,38.0,0.4273207367198867,0.37999432386310084,4,0.4273207367198867,0.37999432386310084,4
paper_baseline,21,39.0,0.4361940794804431,0.3716656197230488,3,0.4361940794804431,0.3716656197230488,3
paper_baseline,21,39.0,0.41710271723941306,0.3559486177974799,4,0.41710271723941306,0.3559486177974799,4
paper_baseline,21,39.0,0.4843119792077599,0.4843119792077599,1,0.4843119792077599,0.4843119792077599,1
paper_baseline,21,39.0,0.5059398486833007,0.3616843067451778,3,0.5059398486833007,0.3616843067451778,3
paper_baseline,21,39.0,0.3500722891312509,0.3500722891312509,1,0.3500722891312509,0.3500722891312509,1
paper_baseline,21,40.0,0.4724123492202713,0.36988795684872255,4,0.4724123492202713,0.36988795684872255,4
paper_baseline,21,40.0,0.40524871464259354,0.3561266420911352,3,0.40524871464259354,0.3561266420911352,3
paper_baseline,21,40.0,0.5320115268409902,0.5233878361006667,2,0.5320115268409902,0.5233878361006667,2
paper_baseline,21,40.0,0.36308517522571593,0.36308517522571593,1,0.36308517522571593,0.36308517522571593,1
paper_baseline,21,40.0,0.48185956451636125,0.48185956451636125,1,0.48185956451636125,0.48185956451636125,1
paper_baseline,21,41.0,0.35770600875430913,0.35770600875430913,1,0.35770600875430913,0.35770600875430913,1
paper_baseline,21,41.0,0.3548640263327821,0.349180061489728,3,0.3548640263327821,0.349180061489728,3
paper_baseline,21,41.0,0.4178598539027649,0.4178598539027649,1,0.4178598539027649,0.4178598539027649,1
paper_baseline,21,41.0,0.5905532511146729,0.5831846805137205,2,0.5905532511146729,0.5831846805137205,2
paper_baseline,21,41.0,0.44298577973894754,0.38213319544919144,3,0.44298577973894754,0.38213319544919144,3
paper_baseline,21,42.0,0.5536894451383342,0.5252646676567089,2,0.5536894451383342,0.5252646676567089,2
paper_baseline,21,42.0,0.48715569058352204,0.36657557818404685,4,0.48715569058352204,0.36657557818404685,4
paper_baseline,21,42.0,0.44649899033031176,0.36657557818404685,5,0.44649899033031176,0.36657557818404685,5
paper_baseline,21,42.0,0.36043762769772264,0.3488504980309912,3,0.36043762769772264,0.3488504980309912,3
paper_baseline,21,42.0,0.47335037379693606,0.38361188703118554,2,0.47335037379693606,0.38361188703118554,2
paper_baseline,21,43.0,0.36099662362877155,0.3254162140588117,3,0.36099662362877155,0.3254162140588117,3
paper_baseline,21,43.0,0.43890967692520144,0.43890967692520144,1,0.43890967692520144,0.43890967692520144,1
paper_baseline,21,43.0,0.520561901322243,0.43890967692520144,3,0.520561901322243,0.43890967692520144,3
paper_baseline,21,43.0,0.4089905889811253,0.4089905889811253,1,0.4089905889811253,0.4089905889811253,1
paper_baseline,21,43.0,0.4523845086723764,0.3740458061088502,3,0.4523845086723764,0.3740458061088502,3
paper_baseline,21,44.0,0.4307101671254296,0.37919608420270023,4,0.4307101671254296,0.37919608420270023,4
paper_baseline,21,44.0,0.42990056490887407,0.3847475356456659,3,0.42990056490887407,0.3847475356456659,3
paper_baseline,21,44.0,0.3843092936474129,0.3715140805579674,3,0.3843092936474129,0.3715140805579674,3
paper_baseline,21,44.0,0.39727328712602317,0.37444908563121215,4,0.39727328712602317,0.37444908563121215,4
paper_baseline,21,44.0,0.44376190519667985,0.3717906737595561,3,0.44376190519667985,0.3717906737595561,3
paper_baseline,21,45.0,0.44994562911533587,0.44994562911533587,1,0.44994562911533587,0.44994562911533587,1
paper_baseline,21,45.0,0.46830991968103924,0.38172838895122574,3,0.46830991968103924,0.38172838895122574,3
paper_baseline,21,45.0,0.37935020343000847,0.37935020343000847,1,0.37935020343000847,0.37935020343000847,1
paper_baseline,21,45.0,0.3869870823129362,0.3869870823129362,1,0.3869870823129362,0.3869870823129362,1
paper_baseline,21,45.0,0.35612353548559667,0.3357161910488691,2,0.35612353548559667,0.3357161910488691,2
paper_baseline,21,46.0,0.49081952829583714,0.393010843106416,3,0.49081952829583714,0.393010843106416,3
paper_baseline,21,46.0,0.37963358904031685,0.37963358904031685,1,0.37963358904031685,0.37963358904031685,1
paper_baseline,21,46.0,0.3925273447105302,0.37959725755181584,2,0.3925273447105302,0.37959725755181584,2
paper_baseline,21,46.0,0.5829644106708805,0.5829644106708805,2,0.5829644106708805,0.5829644106708805,2
paper_baseline,21,46.0,0.5176127047163808,0.4522609987618812,2,0.5176127047163808,0.4522609987618812,2
paper_baseline,21,47.0,0.4350436331062506,0.3560768310938569,4,0.4350436331062506,0.3560768310938569,4
paper_baseline,21,47.0,0.5167563262979644,0.48004540817761654,2,0.5167563262979644,0.48004540817761654,2
paper_baseline,21,47.0,0.4304540396032725,0.37877147967621805,3,0.4304540396032725,0.37877147967621805,3
paper_baseline,21,47.0,0.4865631277409765,0.3619785918020365,3,0.4865631277409765,0.3619785918020365,3
paper_baseline,21,47.0,0.5831662859568885,0.5831662859568885,1,0.5831662859568885,0.5831662859568885,1
paper_baseline,21,48.0,0.3975212657679977,0.3733892592536039,3,0.3975212657679977,0.3733892592536039,3
paper_baseline,21,48.0,0.3929923877633441,0.3763975065014936,2,0.3929923877633441,0.3763975065014936,2
paper_baseline,21,48.0,0.3763975065014936,0.3763975065014936,1,0.3763975065014936,0.3763975065014936,1
paper_baseline,21,48.0,0.5040612348500041,0.4095872690251946,2,0.5040612348500041,0.4095872690251946,2
paper_baseline,21,48.0,0.46459620504783683,0.3692692684575809,2,0.46459620504783683,0.3692692684575809,2
paper_baseline,21,49.0,0.37750561690077666,0.37750561690077666,1,0.37750561690077666,0.37750561690077666,1
paper_baseline,21,49.0,0.47038365824851996,0.3652723308334812,3,0.47038365824851996,0.3652723308334812,3
paper_baseline,21,49.0,0.4726212358102288,0.3908153681143274,2,0.4726212358102288,0.3908153681143274,2
paper_baseline,21,49.0,0.5625824543810105,0.47269101500777366,2,0.5625824543810105,0.47269101500777366,2
paper_baseline,21,49.0,0.5159833827608054,0.5001321889689054,2,0.5159833827608054,0.5001321889689054,2
paper_baseline,21,50.0,0.5039775554316785,0.5039775554316785,1,0.5039775554316785,0.5039775554316785,1
paper_baseline,21,50.0,0.4162427238296127,0.4162427238296127,1,0.4162427238296127,0.4162427238296127,1
paper_baseline,21,50.0,0.46456152983950744,0.3930570209548443,3,0.46456152983950744,0.3930570209548443,3
paper_baseline,21,50.0,0.4612799710135043,0.38190278009603096,3,0.4612799710135043,0.38190278009603096,3
paper_baseline,21,50.0,0.4046498723922285,0.3930570209548443,2,0.4046498723922285,0.3930570209548443,2
paper_baseline,21,51.0,0.41967167286293766,0.3606026814744687,3,0.41967167286293766,0.3606026814744687,3
paper_baseline,21,51.0,0.47220801147444297,0.46868737010406325,2,0.47220801147444297,0.46868737010406325,2
paper_baseline,21,51.0,0.39838192713798964,0.38987180249992237,2,0.39838192713798964,0.38987180249992237,2
paper_baseline,21,51.0,0.4757286528448227,0.4757286528448227,1,0.4757286528448227,0.4757286528448227,1
paper_baseline,21,51.0,0.5268154055076043,0.4757286528448227,2,0.5268154055076043,0.4757286528448227,2
paper_baseline,21,52.0,0.48527683987796877,0.401058267809406,3,0.48527683987796877,0.401058267809406,3
paper_baseline,21,52.0,0.37738846101394335,0.35042259839646506,3,0.37738846101394335,0.35042259839646506,3
paper_baseline,21,52.0,0.4816605326343557,0.35042259839646506,3,0.4816605326343557,0.35042259839646506,3
paper_baseline,21,52.0,0.48872434710784723,0.41140078949904146,3,0.48872434710784723,0.41140078949904146,3
paper_baseline,21,52.0,0.4309791896315853,0.37762340463958377,3,0.4309791896315853,0.37762340463958377,3
paper_baseline,21,53.0,0.541279198551278,0.511085442185125,2,0.541279198551278,0.511085442185125,2
paper_baseline,21,53.0,0.3796143702094431,0.3796143702094431,1,0.3796143702094431,0.3796143702094431,1
paper_baseline,21,53.0,0.42412826048193913,0.36984388517354083,3,0.42412826048193913,0.36984388517354083,3
paper_baseline,21,53.0,0.3959368969433634,0.3796143702094431,3,0.3959368969433634,0.3796143702094431,3
paper_baseline,21,53.0,0.37938864109175596,0.37938864109175596,1,0.37938864109175596,0.37938864109175596,1
paper_baseline,21,54.0,0.39548118547961897,0.3814813348294184,3,0.39548118547961897,0.3814813348294184,3
paper_baseline,21,54.0,0.49704990802509735,0.3859687475482828,3,0.49704990802509735,0.3859687475482828,3
paper_baseline,21,54.0,0.4346784999615809,0.3814813348294184,3,0.4346784999615809,0.3814813348294184,3
paper_baseline,21,54.0,0.3935760346970981,0.3859687475482828,2,0.3935760346970981,0.3859687475482828,2
paper_baseline,21,54.0,0.44515570872279736,0.4037788997635252,3,0.44515570872279736,0.4037788997635252,3
paper_baseline,21,55.0,0.4575764095495492,0.41531474389723133,2,0.4575764095495492,0.41531474389723133,2
paper_baseline,21,55.0,0.43996929316949646,0.3790460720132226,2,0.43996929316949646,0.3790460720132226,2
paper_baseline,21,55.0,0.38688353757070815,0.38005503430692944,2,0.38688353757070815,0.38005503430692944,2
paper_baseline,21,55.0,0.3908236874986507,0.3908236874986507,1,0.3908236874986507,0.3908236874986507,1
paper_baseline,21,55.0,0.42067964050340195,0.38005503430692944,3,0.42067964050340195,0.38005503430692944,3
paper_baseline,21,56.0,0.3904640057624901,0.3904640057624901,1,0.3904640057624901,0.3904640057624901,1
paper_baseline,21,56.0,0.37528576295336036,0.37528576295336036,1,0.37528576295336036,0.37528576295336036,1
paper_baseline,21,56.0,0.5373677364020556,0.4920600132066778,3,0.5373677364020556,0.4920600132066778,3
paper_baseline,21,56.0,0.3829895654911939,0.3829895654911939,1,0.3829895654911939,0.3829895654911939,1
paper_baseline,21,56.0,0.4431366690968201,0.36167035334742015,3,0.4431366690968201,0.36167035334742015,3
paper_baseline,21,57.0,0.379040332691126,0.379040332691126,1,0.379040332691126,0.379040332691126,1
paper_baseline,21,57.0,0.40977361270317325,0.40977361270317325,1,0.40977361270317325,0.40977361270317325,1
paper_baseline,21,57.0,0.43038292278007784,0.394524813090288,2,0.43038292278007784,0.394524813090288,2
paper_baseline,21,57.0,0.5538661808960167,0.5538661808960167,1,0.5538661808960167,0.5538661808960167,1
paper_baseline,21,57.0,0.3776280908750571,0.3776280908750571,2,0.3776280908750571,0.3776280908750571,2
paper_baseline,21,58.0,0.40630108589027153,0.3869195794603879,2,0.40630108589027153,0.3869195794603879,2
paper_baseline,21,58.0,0.3728479200749376,0.36596626226385187,2,0.3728479200749376,0.36596626226385187,2
paper_baseline,21,58.0,0.3869132082863174,0.38065766312706706,3,0.3869132082863174,0.38065766312706706,3
paper_baseline,21,58.0,0.44118004994573395,0.36596626226385187,2,0.44118004994573395,0.36596626226385187,2
paper_baseline,21,58.0,0.47414908658752236,0.36596626226385187,3,0.47414908658752236,0.36596626226385187,3
paper_baseline,21,59.0,0.3723777168976701,0.3723777168976701,2,0.3723777168976701,0.3723777168976701,2
paper_baseline,21,59.0,0.384777611799625,0.3691525338053969,5,0.384777611799625,0.3691525338053969,5
paper_baseline,21,59.0,0.4128711616967121,0.4128711616967121,1,0.4128711616967121,0.4128711616967121,1
paper_baseline,21,59.0,0.379099516159351,0.379099516159351,1,0.379099516159351,0.379099516159351,1
paper_baseline,21,59.0,0.39791454096743917,0.39791454096743917,1,0.39791454096743917,0.39791454096743917,1
paper_baseline,21,60.0,0.49788267902013006,0.42555753828364784,3,0.49788267902013006,0.42555753828364784,3
paper_baseline,21,60.0,0.47246037665919105,0.36906217897312477,2,0.47246037665919105,0.36906217897312477,2
paper_baseline,21,60.0,0.5835697633495525,0.5835697633495525,1,0.5835697633495525,0.5835697633495525,1
paper_baseline,21,60.0,0.5758585743452573,0.5758585743452573,1,0.5758585743452573,0.5758585743452573,1
paper_baseline,21,60.0,0.478169430945046,0.36906217897312477,3,0.478169430945046,0.36906217897312477,3
paper_baseline,24,1.0,0.4304264255987313,0.3547860101654451,2,0.4304264255987313,0.3547860101654451,2
paper_baseline,24,1.0,0.3692822740773777,0.3692822740773777,1,0.3692822740773777,0.3692822740773777,1
paper_baseline,24,1.0,0.36665990409540117,0.3547860101654451,4,0.36665990409540117,0.3547860101654451,4
paper_baseline,24,1.0,0.36802743360859264,0.3547860101654451,6,0.36802743360859264,0.3547860101654451,6
paper_baseline,24,1.0,0.4459056932191084,0.3857445454061993,2,0.4459056932191084,0.3857445454061993,2
paper_baseline,24,2.0,0.44829747012501364,0.44829747012501364,2,0.44829747012501364,0.44829747012501364,2
paper_baseline,24,2.0,0.4136969462267698,0.36996214680132833,4,0.4136969462267698,0.36996214680132833,4
paper_baseline,24,2.0,0.36996214680132833,0.36996214680132833,2,0.36996214680132833,0.36996214680132833,2
paper_baseline,24,2.0,0.37402927264886565,0.37402927264886565,1,0.37402927264886565,0.37402927264886565,1
paper_baseline,24,2.0,0.37800646489878,0.3771023373784146,2,0.37800646489878,0.3771023373784146,2
paper_baseline,24,3.0,0.42844606420119913,0.36282980171958523,3,0.42844606420119913,0.36282980171958523,3
paper_baseline,24,3.0,0.38795310804610017,0.38795310804610017,1,0.38795310804610017,0.38795310804610017,1
paper_baseline,24,3.0,0.41044732633200237,0.39461516792256024,3,0.41044732633200237,0.39461516792256024,3
paper_baseline,24,3.0,0.44863921281323227,0.36282980171958523,2,0.44863921281323227,0.36282980171958523,2
paper_baseline,24,3.0,0.3713266837933654,0.3713266837933654,2,0.3713266837933654,0.3713266837933654,2
paper_baseline,24,4.0,0.457315850742423,0.365477314144691,4,0.457315850742423,0.365477314144691,4
paper_baseline,24,4.0,0.3894627836554637,0.3894627836554637,1,0.3894627836554637,0.3894627836554637,1
paper_baseline,24,4.0,0.4281390386856131,0.3786412655152568,4,0.4281390386856131,0.3786412655152568,4
paper_baseline,24,4.0,0.4538528917006482,0.3790668178197,3,0.4538528917006482,0.3790668178197,3
paper_baseline,24,4.0,0.4341369585608376,0.33442173697160726,2,0.4341369585608376,0.33442173697160726,2
paper_baseline,24,5.0,0.35661090397482276,0.35661090397482276,1,0.35661090397482276,0.35661090397482276,1
paper_baseline,24,5.0,0.3848256483459431,0.3827903215020806,2,0.3848256483459431,0.3827903215020806,2
paper_baseline,24,5.0,0.5442727732182632,0.5094600046500919,3,0.47042880552453203,0.47042880552453203,2
paper_baseline,24,5.0,0.41836413219798535,0.36629945887143867,2,0.41836413219798535,0.36629945887143867,2
paper_baseline,24,5.0,0.4207036167857994,0.36629945887143867,4,0.4207036167857994,0.36629945887143867,4
paper_baseline,24,6.0,0.4200112138505216,0.37108220973378503,4,0.4200112138505216,0.37108220973378503,4
paper_baseline,24,6.0,0.4009595935928104,0.4009595935928104,1,0.4009595935928104,0.4009595935928104,1
paper_baseline,24,6.0,0.3546770156999419,0.3546770156999419,1,0.3546770156999419,0.3546770156999419,1
paper_baseline,24,6.0,0.4537447082151967,0.37029123637108463,3,0.4537447082151967,0.37029123637108463,3
paper_baseline,24,6.0,0.4764838545774399,0.3711377600531598,3,0.4764838545774399,0.3711377600531598,3
paper_baseline,24,7.0,0.4229997820113934,0.3589636574540893,4,0.4229997820113934,0.3589636574540893,4
paper_baseline,24,7.0,0.3788582013596401,0.3788582013596401,1,0.3788582013596401,0.3788582013596401,1
paper_baseline,24,7.0,0.5223170293413346,0.5223170293413346,1,0.5223170293413346,0.5223170293413346,1
paper_baseline,24,7.0,0.602414941180242,0.602414941180242,1,0.602414941180242,0.602414941180242,1
paper_baseline,24,7.0,0.4930949226282164,0.4930949226282164,1,0.4930949226282164,0.4930949226282164,1
paper_baseline,24,8.0,0.3777090732363826,0.3777090732363826,1,0.3777090732363826,0.3777090732363826,1
paper_baseline,24,8.0,0.5477640762087654,0.5477640762087654,1,0.5477640762087654,0.5477640762087654,1
paper_baseline,24,8.0,0.37988585594090923,0.36452132210813204,2,0.37988585594090923,0.36452132210813204,2
paper_baseline,24,8.0,0.36452132210813204,0.36452132210813204,1,0.36452132210813204,0.36452132210813204,1
paper_baseline,24,8.0,0.38228215455204584,0.38228215455204584,1,0.38228215455204584,0.38228215455204584,1
paper_baseline,24,9.0,0.5128751040437085,0.39385057437977145,2,0.5128751040437085,0.39385057437977145,2
paper_baseline,24,9.0,0.547173462058382,0.547173462058382,1,0.547173462058382,0.547173462058382,1
paper_baseline,24,9.0,0.36430275397948275,0.36430275397948275,1,0.36430275397948275,0.36430275397948275,1
paper_baseline,24,9.0,0.37633574297104166,0.37633574297104166,1,0.37633574297104166,0.37633574297104166,1
paper_baseline,24,9.0,0.46167809849161157,0.3794540377710579,3,0.46167809849161157,0.3794540377710579,3
paper_baseline,24,10.0,0.5312800042709258,0.5312800042709258,1,0.5312800042709258,0.5312800042709258,1
paper_baseline,24,10.0,0.5255174744293668,0.4949594471119467,2,0.5255174744293668,0.4949594471119467,2
paper_baseline,24,10.0,0.4796531905717788,0.4032308793967707,2,0.4796531905717788,0.4032308793967707,2
paper_baseline,24,10.0,0.47785476339586097,0.39066172277599953,3,0.47785476339586097,0.39066172277599953,3
paper_baseline,24,10.0,0.5967848723781861,0.5519548074207321,2,0.5967848723781861,0.5519548074207321,2
paper_baseline,24,11.0,0.5601562171059613,0.5601562171059613,1,0.5601562171059613,0.5601562171059613,1
paper_baseline,24,11.0,0.5074520700788075,0.39009858470423275,3,0.5074520700788075,0.39009858470423275,3
paper_baseline,24,11.0,0.5315976911245,0.5315976911245,1,0.5315976911245,0.5315976911245,1
paper_baseline,24,11.0,0.49973590861344963,0.3751305906394289,2,0.49973590861344963,0.3751305906394289,2
paper_baseline,24,11.0,0.47561699385411893,0.37206937313439115,2,0.47561699385411893,0.37206937313439115,2
paper_baseline,24,12.0,0.6131602801543422,0.6131602801543422,1,0.6131602801543422,0.6131602801543422,1
paper_baseline,24,12.0,0.45457248224103775,0.362072579783159,3,0.45457248224103775,0.362072579783159,3
paper_baseline,24,12.0,0.5902267946108564,0.5444251182660701,2,0.5902267946108564,0.5444251182660701,2
paper_baseline,24,12.0,0.565754883240438,0.565754883240438,1,0.565754883240438,0.565754883240438,1
paper_baseline,24,12.0,0.3775419483892777,0.3775419483892777,1,0.3775419483892777,0.3775419483892777,1
paper_baseline,24,13.0,0.39026752612576276,0.38077545086587417,2,0.39026752612576276,0.38077545086587417,2
paper_baseline,24,13.0,0.4048369979694055,0.3677724111313363,2,0.4048369979694055,0.3677724111313363,2
paper_baseline,24,13.0,0.3819780231352601,0.3819780231352601,1,0.3819780231352601,0.3819780231352601,1
paper_baseline,24,13.0,0.5080054654864056,0.3972537817656998,3,0.5080054654864056,0.3972537817656998,3
paper_baseline,24,13.0,0.6473873697269489,0.6473873697269489,1,0.6473873697269489,0.6473873697269489,1
paper_baseline,24,14.0,0.651909672195709,0.651909672195709,1,0.651909672195709,0.651909672195709,1
paper_baseline,24,14.0,0.5535032907194916,0.4485054539621539,2,0.5535032907194916,0.4485054539621539,2
paper_baseline,24,14.0,0.5205922276889954,0.38268332790116155,2,0.5205922276889954,0.38268332790116155,2
paper_baseline,24,14.0,0.6221800514545147,0.6221800514545147,1,0.6221800514545147,0.6221800514545147,1
paper_baseline,24,14.0,0.39949414445673354,0.35048283495131316,2,0.39949414445673354,0.35048283495131316,2
paper_baseline,24,15.0,0.4320801055699487,0.35745895463250177,2,0.4320801055699487,0.35745895463250177,2
paper_baseline,24,15.0,0.5452200862571349,0.5452200862571349,1,0.5452200862571349,0.5452200862571349,1
paper_baseline,24,15.0,0.5779576904300725,0.5452200862571349,2,0.5779576904300725,0.5452200862571349,2
paper_baseline,24,15.0,0.4369286815931638,0.35056792435046935,2,0.4369286815931638,0.35056792435046935,2
paper_baseline,24,15.0,0.3844345056469137,0.3844345056469137,1,0.3844345056469137,0.3844345056469137,1
paper_baseline,24,16.0,0.43814270516195564,0.33492569157514906,2,0.43814270516195564,0.33492569157514906,2
paper_baseline,24,16.0,0.5058363052613889,0.5058363052613889,1,0.5058363052613889,0.5058363052613889,1
paper_baseline,24,16.0,0.47362578570179614,0.38219753904187026,2,0.47362578570179614,0.38219753904187026,2
paper_baseline,24,16.0,0.35303535896300453,0.33492569157514906,2,0.35303535896300453,0.33492569157514906,2
paper_baseline,24,16.0,0.6150945229771527,0.6150945229771527,1,0.6150945229771527,0.6150945229771527,1
paper_baseline,24,17.0,0.48003794256130716,0.36491991539502067,2,0.48003794256130716,0.36491991539502067,2
paper_baseline,24,17.0,0.5279142168150313,0.5279142168150313,1,0.5279142168150313,0.5279142168150313,1
paper_baseline,24,17.0,0.44061856054025295,0.35332290426547464,2,0.44061856054025295,0.35332290426547464,2
paper_baseline,24,17.0,0.5377050418886578,0.3872382434725742,2,0.5377050418886578,0.3872382434725742,2
paper_baseline,24,17.0,0.541953049392749,0.541953049392749,1,0.541953049392749,0.541953049392749,1
paper_baseline,24,18.0,0.4546179432958158,0.3938475204285642,3,0.4546179432958158,0.3938475204285642,3
paper_baseline,24,18.0,0.5030679943412131,0.3699076495685767,2,0.5030679943412131,0.3699076495685767,2
paper_baseline,24,18.0,0.45527195857608654,0.3797047250417154,2,0.45527195857608654,0.3797047250417154,2
paper_baseline,24,18.0,0.47369859898728905,0.47369859898728905,1,0.47369859898728905,0.47369859898728905,1
paper_baseline,24,18.0,0.3797047250417154,0.3797047250417154,1,0.3797047250417154,0.3797047250417154,1
paper_baseline,24,19.0,0.5628022947519324,0.5628022947519324,1,0.5628022947519324,0.5628022947519324,1
paper_baseline,24,19.0,0.5863321043162821,0.5863321043162821,1,0.5863321043162821,0.5863321043162821,1
paper_baseline,24,19.0,0.7107602209789009,0.7107602209789009,1,0.7107602209789009,0.7107602209789009,1
paper_baseline,24,19.0,0.37084242190967787,0.37084242190967787,1,0.37084242190967787,0.37084242190967787,1
paper_baseline,24,19.0,0.37084242190967787,0.37084242190967787,1,0.37084242190967787,0.37084242190967787,1
paper_baseline,24,20.0,0.5267402123725389,0.4004492786973626,2,0.5267402123725389,0.4004492786973626,2
paper_baseline,24,20.0,0.431455861292885,0.362810108999731,3,0.431455861292885,0.362810108999731,3
paper_baseline,24,20.0,0.37159706378387714,0.37159706378387714,2,0.37159706378387714,0.37159706378387714,2
paper_baseline,24,20.0,0.3701718690023426,0.3687466742208081,2,0.3701718690023426,0.3687466742208081,2
paper_baseline,24,20.0,0.5587765065187051,0.5587765065187051,1,0.5587765065187051,0.5587765065187051,1
paper_baseline,24,21.0,0.5793622991722548,0.5136213986789395,2,0.5793622991722548,0.5136213986789395,2
paper_baseline,24,21.0,0.44370438866522577,0.373787378651512,2,0.44370438866522577,0.373787378651512,2
paper_baseline,24,21.0,0.47392595384321423,0.373787378651512,2,0.47392595384321423,0.373787378651512,2
paper_baseline,24,21.0,0.42096598598928114,0.3700670342290011,4,0.42096598598928114,0.3700670342290011,4
paper_baseline,24,21.0,0.586005615709466,0.586005615709466,1,0.586005615709466,0.586005615709466,1
paper_baseline,24,22.0,0.6821526283244812,0.6821526283244812,1,0.6821526283244812,0.6821526283244812,1
paper_baseline,24,22.0,0.4686615458423124,0.3619324139536084,3,0.4686615458423124,0.3619324139536084,3
paper_baseline,24,22.0,0.4713095806852152,0.3516433364101015,3,0.4713095806852152,0.3516433364101015,3
paper_baseline,24,22.0,0.41875906707304955,0.3619324139536084,4,0.41875906707304955,0.3619324139536084,4
paper_baseline,24,22.0,0.4668659786984271,0.3722080119883381,2,0.4668659786984271,0.3722080119883381,2
paper_baseline,24,23.0,0.4246951231789042,0.3803005614531332,2,0.4246951231789042,0.3803005614531332,2
paper_baseline,24,23.0,0.3639150601391443,0.3639150601391443,1,0.3639150601391443,0.3639150601391443,1
paper_baseline,24,23.0,0.4449545670281901,0.3572010010641441,3,0.4449545670281901,0.3572010010641441,3
paper_baseline,24,23.0,0.4246951231789042,0.3803005614531332,2,0.4246951231789042,0.3803005614531332,2
paper_baseline,24,23.0,0.4208047842482399,0.37251988359180466,2,0.4208047842482399,0.37251988359180466,2
paper_baseline,24,24.0,0.4125681854847745,0.35122763046558536,3,0.4125681854847745,0.35122763046558536,3
paper_baseline,24,24.0,0.6191900730608072,0.6191900730608072,1,0.6191900730608072,0.6191900730608072,1
paper_baseline,24,24.0,0.5302269874510888,0.4715746951572283,2,0.5302269874510888,0.4715746951572283,2
paper_baseline,24,24.0,0.5883845309325408,0.5883845309325408,1,0.5883845309325408,0.5883845309325408,1
paper_baseline,24,24.0,0.44476752411997184,0.37295902071368736,3,0.44476752411997184,0.37295902071368736,3
paper_baseline,24,25.0,0.6284226815900664,0.5956645454058812,2,0.6284226815900664,0.5956645454058812,2
paper_baseline,24,25.0,0.45772762960488533,0.3346226132449863,3,0.45772762960488533,0.3346226132449863,3
paper_baseline,24,25.0,0.4759588765243409,0.36740862235734484,2,0.4759588765243409,0.36740862235734484,2
paper_baseline,24,25.0,0.4063756762281888,0.3602938638222094,2,0.4063756762281888,0.3602938638222094,2
paper_baseline,24,25.0,0.6337949003415715,0.6337949003415715,1,0.6337949003415715,0.6337949003415715,1
paper_baseline,24,26.0,0.35158520602849974,0.35158520602849974,2,0.35158520602849974,0.35158520602849974,2
paper_baseline,24,26.0,0.5973626680540298,0.5973626680540298,1,0.5973626680540298,0.5973626680540298,1
paper_baseline,24,26.0,0.68024849227842,0.68024849227842,1,0.68024849227842,0.68024849227842,1
paper_baseline,24,26.0,0.6182378399866084,0.6182378399866084,1,0.6182378399866084,0.6182378399866084,1
paper_baseline,24,26.0,0.4189839683286958,0.3916535724120791,2,0.4189839683286958,0.3916535724120791,2
paper_baseline,24,27.0,0.4651815486603003,0.36682731854132755,2,0.4651815486603003,0.36682731854132755,2
paper_baseline,24,27.0,0.5084934035951844,0.39423674124450625,2,0.5084934035951844,0.39423674124450625,2
paper_baseline,24,27.0,0.3626299785328292,0.3626299785328292,1,0.3626299785328292,0.3626299785328292,1
paper_baseline,24,27.0,0.36472864853707837,0.3626299785328292,2,0.36472864853707837,0.3626299785328292,2
paper_baseline,24,27.0,0.4811684047478388,0.3588286517489926,2,0.4811684047478388,0.3588286517489926,2
paper_baseline,24,28.0,0.5374006936026539,0.5374006936026539,1,0.5374006936026539,0.5374006936026539,1
paper_baseline,24,28.0,0.48309922076745976,0.33399302540729436,3,0.48309922076745976,0.33399302540729436,3
paper_baseline,24,28.0,0.48777946867044414,0.3993319429079618,3,0.48777946867044414,0.3993319429079618,3
paper_baseline,24,28.0,0.565956338627212,0.565956338627212,1,0.565956338627212,0.565956338627212,1
paper_baseline,24,28.0,0.4949006665229376,0.33399302540729436,3,0.4949006665229376,0.33399302540729436,3
paper_baseline,24,29.0,0.5839546563356544,0.5839546563356544,1,0.5839546563356544,0.5839546563356544,1
paper_baseline,24,29.0,0.4948158164051474,0.4948158164051474,1,0.4948158164051474,0.4948158164051474,1
paper_baseline,24,29.0,0.43702638998722976,0.3875226821695058,2,0.43702638998722976,0.3875226821695058,2
paper_baseline,24,29.0,0.3900845786521439,0.3875226821695058,2,0.3900845786521439,0.3875226821695058,2
paper_baseline,24,29.0,0.5139073430044164,0.4301345888395174,2,0.5139073430044164,0.4301345888395174,2
paper_baseline,24,30.0,0.43952228929886256,0.3677885760110027,3,0.43952228929886256,0.3677885760110027,3
paper_baseline,24,30.0,0.4786606635288657,0.3961986416235648,2,0.4786606635288657,0.3961986416235648,2
paper_baseline,24,30.0,0.4893184178945305,0.3677885760110027,3,0.4893184178945305,0.3677885760110027,3
paper_baseline,24,30.0,0.4380333173244518,0.3634256381310029,3,0.4380333173244518,0.3634256381310029,3
paper_baseline,24,30.0,0.40591405016690046,0.3961986416235648,2,0.40591405016690046,0.3961986416235648,2
paper_baseline,24,31.0,0.49008055659371785,0.49008055659371785,1,0.49008055659371785,0.49008055659371785,1
paper_baseline,24,31.0,0.38855191638070974,0.38855191638070974,1,0.38855191638070974,0.38855191638070974,1
paper_baseline,24,31.0,0.5345512269719873,0.5345512269719873,1,0.5345512269719873,0.5345512269719873,1
paper_baseline,24,31.0,0.538287335636634,0.49659527681311677,2,0.538287335636634,0.49659527681311677,2
paper_baseline,24,31.0,0.4570818788066406,0.3823911490175491,3,0.4570818788066406,0.3823911490175491,3
paper_baseline,24,32.0,0.455093829904596,0.3827352450716862,2,0.455093829904596,0.3827352450716862,2
paper_baseline,24,32.0,0.5130996563728086,0.49874689800811145,2,0.5130996563728086,0.49874689800811145,2
paper_baseline,24,32.0,0.394102476923396,0.3531687850381665,2,0.394102476923396,0.3531687850381665,2
paper_baseline,24,32.0,0.4365296068188321,0.3622303321593172,2,0.4365296068188321,0.3622303321593172,2
paper_baseline,24,32.0,0.3968978384870516,0.3968978384870516,1,0.3968978384870516,0.3968978384870516,1
paper_baseline,24,33.0,0.3811875236615401,0.3811875236615401,1,0.3811875236615401,0.3811875236615401,1
paper_baseline,24,33.0,0.47315298836498676,0.36633837042216655,2,0.47315298836498676,0.36633837042216655,2
paper_baseline,24,33.0,0.48178473151152046,0.35729288287202,4,0.48178473151152046,0.35729288287202,4
paper_baseline,24,33.0,0.3605502377606324,0.33904204922232184,2,0.3605502377606324,0.33904204922232184,2
paper_baseline,24,33.0,0.5530835912357743,0.46872834092322047,2,0.5530835912357743,0.46872834092322047,2
paper_baseline,24,34.0,0.4412018080580412,0.4412018080580412,1,0.4412018080580412,0.4412018080580412,1
paper_baseline,24,34.0,0.3660918428436709,0.35384091757543656,2,0.3660918428436709,0.35384091757543656,2
paper_baseline,24,34.0,0.38935378918996044,0.38935378918996044,1,0.38935378918996044,0.38935378918996044,1
paper_baseline,24,34.0,0.5340187237242681,0.4412018080580412,3,0.5340187237242681,0.4412018080580412,3
paper_baseline,24,34.0,0.4117744776608743,0.3612826595070818,3,0.4117744776608743,0.3612826595070818,3
paper_baseline,24,35.0,0.37796702680474037,0.37796702680474037,1,0.37796702680474037,0.37796702680474037,1
paper_baseline,24,35.0,0.4903562768566652,0.42468331936618287,2,0.4903562768566652,0.42468331936618287,2
paper_baseline,24,35.0,0.3735927155892098,0.3735927155892098,1,0.3735927155892098,0.3735927155892098,1
paper_baseline,24,35.0,0.45480999701964503,0.3732787378124969,2,0.45480999701964503,0.3732787378124969,2
paper_baseline,24,35.0,0.4264325776651368,0.3825381072558195,2,0.4264325776651368,0.3825381072558195,2
paper_baseline,24,36.0,0.4902793217690516,0.3732766316392505,2,0.4902793217690516,0.3732766316392505,2
paper_baseline,24,36.0,0.3758325518553017,0.3656978831379244,2,0.3758325518553017,0.3656978831379244,2
paper_baseline,24,36.0,0.5567862568591248,0.5062905018193968,2,0.5567862568591248,0.5062905018193968,2
paper_baseline,24,36.0,0.5938944434216289,0.5282864240358303,2,0.5938944434216289,0.5282864240358303,2
paper_baseline,24,36.0,0.5436102330115027,0.4799091290545895,2,0.5436102330115027,0.4799091290545895,2
paper_baseline,24,37.0,0.3872886336674952,0.3872886336674952,1,0.3872886336674952,0.3872886336674952,1
paper_baseline,24,37.0,0.46369201001253824,0.36250387140969864,2,0.46369201001253824,0.36250387140969864,2
paper_baseline,24,37.0,0.4833843752055253,0.4236833757439409,2,0.4833843752055253,0.4236833757439409,2
paper_baseline,24,37.0,0.5486150531160061,0.4840736379345222,2,0.5486150531160061,0.4840736379345222,2
paper_baseline,24,37.0,0.42822179178763087,0.4236833757439409,2,0.42822179178763087,0.4236833757439409,2
paper_baseline,24,38.0,0.4560325548362581,0.3779390147005627,3,0.4560325548362581,0.3779390147005627,3
paper_baseline,24,38.0,0.607134697250803,0.5804904956180776,2,0.607134697250803,0.5804904956180776,2
paper_baseline,24,38.0,0.4736473020802639,0.3909233094932073,3,0.4736473020802639,0.3909233094932073,3
paper_baseline,24,38.0,0.4638762671696507,0.43343435951169607,2,0.4638762671696507,0.43343435951169607,2
paper_baseline,24,38.0,0.3687731066950508,0.35939858222947907,2,0.3687731066950508,0.35939858222947907,2
paper_baseline,24,39.0,0.5415470131086753,0.5415470131086753,1,0.5415470131086753,0.5415470131086753,1
paper_baseline,24,39.0,0.39166705192085627,0.39166705192085627,1,0.39166705192085627,0.39166705192085627,1
paper_baseline,24,39.0,0.5344475198654556,0.5344475198654556,1,0.5344475198654556,0.5344475198654556,1
paper_baseline,24,39.0,0.4875949604067205,0.3761094346557118,2,0.4875949604067205,0.3761094346557118,2
paper_baseline,24,39.0,0.5220630739018719,0.5220630739018719,1,0.5220630739018719,0.5220630739018719,1
paper_baseline,24,40.0,0.4464952370688003,0.38727152100986795,3,0.4464952370688003,0.38727152100986795,3
paper_baseline,24,40.0,0.4102284907249098,0.3452816927735617,3,0.4102284907249098,0.3452816927735617,3
paper_baseline,24,40.0,0.37082425616542725,0.37082425616542725,1,0.37082425616542725,0.37082425616542725,1
paper_baseline,24,40.0,0.3598397202159459,0.3598397202159459,1,0.3598397202159459,0.3598397202159459,1
paper_baseline,24,40.0,0.5808632650759579,0.5518888263290855,2,0.5808632650759579,0.5518888263290855,2
paper_baseline,24,41.0,0.37931999300750485,0.3611642925706319,4,0.37931999300750485,0.3611642925706319,4
paper_baseline,24,41.0,0.6003529740581045,0.6003529740581045,1,0.6003529740581045,0.6003529740581045,1
paper_baseline,24,41.0,0.41911430069791245,0.3541258301613487,4,0.41911430069791245,0.3541258301613487,4
paper_baseline,24,41.0,0.4446203031993683,0.3887585319761855,3,0.4446203031993683,0.3887585319761855,3
paper_baseline,24,41.0,0.3887585319761855,0.3887585319761855,1,0.3887585319761855,0.3887585319761855,1
paper_baseline,24,42.0,0.38518714665652887,0.38518714665652887,1,0.38518714665652887,0.38518714665652887,1
paper_baseline,24,42.0,0.4368096119229265,0.3470775213921383,2,0.4368096119229265,0.3470775213921383,2
paper_baseline,24,42.0,0.5182892891520482,0.5182892891520482,2,0.5182892891520482,0.5182892891520482,2
paper_baseline,24,42.0,0.3720704262210145,0.3595236362659866,2,0.3720704262210145,0.3595236362659866,2
paper_baseline,24,42.0,0.4693779092043535,0.3503593078904095,3,0.4693779092043535,0.3503593078904095,3
paper_baseline,24,43.0,0.3714611103008195,0.3714611103008195,1,0.3714611103008195,0.3714611103008195,1
paper_baseline,24,43.0,0.4012850500137164,0.4012850500137164,1,0.4012850500137164,0.4012850500137164,1
paper_baseline,24,43.0,0.4189770038359015,0.3480340926263401,3,0.4189770038359015,0.3480340926263401,3
paper_baseline,24,43.0,0.39047279903579385,0.3796605480578713,2,0.39047279903579385,0.3796605480578713,2
paper_baseline,24,43.0,0.4042592511690829,0.3480340926263401,4,0.4042592511690829,0.3480340926263401,4
paper_baseline,24,44.0,0.3809109304599514,0.3809109304599514,1,0.3809109304599514,0.3809109304599514,1
paper_baseline,24,44.0,0.4353619964738649,0.3710962684402048,3,0.4353619964738649,0.3710962684402048,3
paper_baseline,24,44.0,0.4049874151444023,0.3710962684402048,4,0.4049874151444023,0.3710962684402048,4
paper_baseline,24,44.0,0.5569897554297982,0.5569897554297982,1,0.5569897554297982,0.5569897554297982,1
paper_baseline,24,44.0,0.37139055349706374,0.37139055349706374,1,0.37139055349706374,0.37139055349706374,1
paper_baseline,24,45.0,0.4934611909315123,0.4934611909315123,1,0.4934611909315123,0.4934611909315123,1
paper_baseline,24,45.0,0.403250583541625,0.403250583541625,1,0.403250583541625,0.403250583541625,1
paper_baseline,24,45.0,0.43395096527345084,0.366687152711777,3,0.43395096527345084,0.366687152711777,3
paper_baseline,24,45.0,0.3800592466534224,0.3800592466534224,1,0.3800592466534224,0.3800592466534224,1
paper_baseline,24,45.0,0.4368317365697687,0.4368317365697687,1,0.4368317365697687,0.4368317365697687,1
paper_baseline,24,46.0,0.44695131078059286,0.35472377274601286,3,0.44695131078059286,0.35472377274601286,3
paper_baseline,24,46.0,0.4039522101401814,0.4027949129597579,2,0.4039522101401814,0.4027949129597579,2
paper_baseline,24,46.0,0.3902470643660163,0.364399322022832,4,0.3902470643660163,0.364399322022832,4
paper_baseline,24,46.0,0.39780736307636094,0.3825535876291809,2,0.39780736307636094,0.3825535876291809,2
paper_baseline,24,46.0,0.5112451676039294,0.5112451676039294,1,0.5112451676039294,0.5112451676039294,1
paper_baseline,24,47.0,0.39641085738661896,0.39641085738661896,1,0.39641085738661896,0.39641085738661896,1
paper_baseline,24,47.0,0.4296056054006854,0.3706229060030676,3,0.4296056054006854,0.3706229060030676,3
paper_baseline,24,47.0,0.4172715810573947,0.36302235860864085,4,0.4172715810573947,0.36302235860864085,4
paper_baseline,24,47.0,0.40018373202315316,0.40018373202315316,1,0.40018373202315316,0.40018373202315316,1
paper_baseline,24,47.0,0.36302235860864085,0.36302235860864085,1,0.36302235860864085,0.36302235860864085,1
paper_baseline,24,48.0,0.39150777256909436,0.3836939224791345,2,0.39150777256909436,0.3836939224791345,2
paper_baseline,24,48.0,0.37138118102611706,0.36226045043674127,2,0.37138118102611706,0.36226045043674127,2
paper_baseline,24,48.0,0.38899831980029265,0.38899831980029265,1,0.38899831980029265,0.38899831980029265,1
paper_baseline,24,48.0,0.3630854121702061,0.36226045043674127,2,0.3630854121702061,0.36226045043674127,2
paper_baseline,24,48.0,0.46208562664971425,0.39685729465205766,3,0.46208562664971425,0.39685729465205766,3
paper_baseline,24,49.0,0.4312986104965483,0.3922453017856663,2,0.4312986104965483,0.3922453017856663,2
paper_baseline,24,49.0,0.4362519500605153,0.3866709983629769,4,0.4362519500605153,0.3866709983629769,4
paper_baseline,24,49.0,0.4443163800668423,0.3922453017856663,3,0.4443163800668423,0.3922453017856663,3
paper_baseline,24,49.0,0.4949960700975293,0.47035191920743025,2,0.4949960700975293,0.47035191920743025,2
paper_baseline,24,49.0,0.47763448581568935,0.47763448581568935,2,0.47763448581568935,0.47763448581568935,2
paper_baseline,24,50.0,0.43106548119454374,0.3629595419915659,3,0.43106548119454374,0.3629595419915659,3
paper_baseline,24,50.0,0.37492920537418195,0.3667681350731027,3,0.37492920537418195,0.3667681350731027,3
paper_baseline,24,50.0,0.40763570056999465,0.3936580174907157,2,0.40763570056999465,0.3936580174907157,2
paper_baseline,24,50.0,0.3913068689761284,0.3629595419915659,3,0.3913068689761284,0.3629595419915659,3
paper_baseline,24,50.0,0.4219513772675936,0.36133036433111354,3,0.4219513772675936,0.36133036433111354,3
paper_baseline,24,51.0,0.419187178713236,0.334555110392438,4,0.419187178713236,0.334555110392438,4
paper_baseline,24,51.0,0.44096730170521004,0.44096730170521004,1,0.44096730170521004,0.44096730170521004,1
paper_baseline,24,51.0,0.39198787476062025,0.38776046912902895,2,0.39198787476062025,0.38776046912902895,2
paper_baseline,24,51.0,0.41013713804494806,0.39472205621481704,3,0.41013713804494806,0.39472205621481704,3
paper_baseline,24,51.0,0.3543183870504044,0.3543183870504044,1,0.3543183870504044,0.3543183870504044,1
paper_baseline,24,52.0,0.4119565750348768,0.3588188053890655,3,0.4119565750348768,0.3588188053890655,3
paper_baseline,24,52.0,0.43999261584190136,0.4190460950835232,3,0.43999261584190136,0.4190460950835232,3
paper_baseline,24,52.0,0.38711576949829374,0.38711576949829374,2,0.38711576949829374,0.38711576949829374,2
paper_baseline,24,52.0,0.3884452650329432,0.3800249160295054,2,0.3884452650329432,0.3800249160295054,2
paper_baseline,24,52.0,0.38469040569635615,0.38226504189441857,2,0.38469040569635615,0.38226504189441857,2
paper_baseline,24,53.0,0.378096767076721,0.378096767076721,1,0.378096767076721,0.378096767076721,1
paper_baseline,24,53.0,0.4155372466618337,0.37880054486701886,3,0.4155372466618337,0.37880054486701886,3
paper_baseline,24,53.0,0.374924554241596,0.374924554241596,1,0.374924554241596,0.374924554241596,1
paper_baseline,24,53.0,0.3996460259933372,0.3996460259933372,1,0.3996460259933372,0.3996460259933372,1
paper_baseline,24,53.0,0.38555925481484365,0.37939485430283293,2,0.38555925481484365,0.37939485430283293,2
paper_baseline,24,54.0,0.43465191347278015,0.3728043222887364,7,0.43465191347278015,0.3728043222887364,7
paper_baseline,24,54.0,0.3728043222887364,0.3728043222887364,1,0.3728043222887364,0.3728043222887364,1
paper_baseline,24,54.0,0.38532415322620994,0.38532415322620994,1,0.38532415322620994,0.38532415322620994,1
paper_baseline,24,54.0,0.4259814866784395,0.3814963413137994,2,0.4259814866784395,0.3814963413137994,2
paper_baseline,24,54.0,0.4237742082507857,0.3616017974082485,4,0.4237742082507857,0.3616017974082485,4
paper_baseline,24,55.0,0.5370011264658139,0.5050367958461812,3,0.4711653810640888,0.4711653810640888,2
paper_baseline,24,55.0,0.36277788454906035,0.35291493850763933,4,0.36277788454906035,0.35291493850763933,4
paper_baseline,24,55.0,0.392378630594352,0.36990248944412296,3,0.392378630594352,0.36990248944412296,3
paper_baseline,24,55.0,0.5008902788636345,0.45361021223622966,2,0.5008902788636345,0.45361021223622966,2
paper_baseline,24,55.0,0.4312143037617421,0.3733721465959764,5,0.4312143037617421,0.3733721465959764,5
paper_baseline,24,56.0,0.40027607483111327,0.36550121921103806,4,0.40027607483111327,0.36550121921103806,4
paper_baseline,24,56.0,0.3685239990543282,0.3685239990543282,1,0.3685239990543282,0.3685239990543282,1
paper_baseline,24,56.0,0.517200279081134,0.517200279081134,1,0.517200279081134,0.517200279081134,1
paper_baseline,24,56.0,0.3647543175235193,0.3647543175235193,1,0.3647543175235193,0.3647543175235193,1
paper_baseline,24,56.0,0.36550121921103806,0.36550121921103806,1,0.36550121921103806,0.36550121921103806,1
paper_baseline,24,57.0,0.3844034395915288,0.3844034395915288,1,0.3844034395915288,0.3844034395915288,1
paper_baseline,24,57.0,0.46993934680313365,0.3905460412104388,2,0.46993934680313365,0.3905460412104388,2
paper_baseline,24,57.0,0.38366849043718365,0.38366849043718365,1,0.38366849043718365,0.38366849043718365,1
paper_baseline,24,57.0,0.4220399521904541,0.37031982767290506,4,0.4220399521904541,0.37031982767290506,4
paper_baseline,24,57.0,0.3844384283945853,0.38323298646415116,2,0.3844384283945853,0.38323298646415116,2
paper_baseline,24,58.0,0.3935921469224333,0.3935921469224333,1,0.3935921469224333,0.3935921469224333,1
paper_baseline,24,58.0,0.37687797727333766,0.3739784085649642,3,0.37687797727333766,0.3739784085649642,3
paper_baseline,24,58.0,0.49591938501276384,0.40046559065785803,3,0.49591938501276384,0.40046559065785803,3
paper_baseline,24,58.0,0.4634918934686688,0.3739784085649642,4,0.4634918934686688,0.3739784085649642,4
paper_baseline,24,58.0,0.38800764611094235,0.38177867383748454,3,0.38800764611094235,0.38177867383748454,3
paper_baseline,24,59.0,0.4371315252099435,0.3512956072071143,3,0.4371315252099435,0.3512956072071143,3
paper_baseline,24,59.0,0.3546438434713105,0.3546438434713105,1,0.3546438434713105,0.3546438434713105,1
paper_baseline,24,59.0,0.3647835757802012,0.35197863919093464,3,0.3647835757802012,0.35197863919093464,3
paper_baseline,24,59.0,0.37393059843226994,0.36598700807032936,2,0.37393059843226994,0.36598700807032936,2
paper_baseline,24,59.0,0.42616190788426966,0.37718905906183675,4,0.42616190788426966,0.37718905906183675,4
paper_baseline,24,60.0,0.39151972510226785,0.39151972510226785,2,0.39151972510226785,0.39151972510226785,2
paper_baseline,24,60.0,0.38665799274318013,0.38665799274318013,1,0.38665799274318013,0.38665799274318013,1
paper_baseline,24,60.0,0.34505643754485493,0.34505643754485493,1,0.34505643754485493,0.34505643754485493,1
paper_baseline,24,60.0,0.39457095355619254,0.33205655707018666,3,0.39457095355619254,0.33205655707018666,3
paper_baseline,24,60.0,0.5576827778839946,0.5576827778839946,1,0.5576827778839946,0.5576827778839946,1
